project_id,project_name,archetype,country,tec_musd_2024,total_items,n_types,vector_raw,vector_norm,source
1000004,MOCK-REFINE-001,refinery_bf,Singapore,362.8,605,11,"[0, 0, 1, 0, 0, 0, 0, 0, 4, 0, 54, 0, 0, 0, 4, 0, 0, 0, 4, 295, 0, 0, 0, 0, 0, 0, 0, 0, 0, 0, 0, 45, 2, 0, 0, 0, 0, 0, 0, 0, 0, 0, 0, 7, 0, 0, 0, 0, 0, 181, 8, 0]","[0.0, 0.0, 0.00283, 0.0, 0.0, 0.0, 0.0, 0.0, 0.011319, 0.0, 0.1528, 0.0, 0.0, 0.0, 0.011319, 0.0, 0.0, 0.0, 0.011319, 0.834743, 0.0, 0.0, 0.0, 0.0, 0.0, 0.0, 0.0, 0.0, 0.0, 0.0, 0.0, 0.127334, 0.005659, 0.0, 0.0, 0.0, 0.0, 0.0, 0.0, 0.0, 0.0, 0.0, 0.0, 0.019807, 0.0, 0.0, 0.0, 0.0, 0.0, 0.512165, 0.022637, 0.0]",mock_generator
1000032,MOCK-REFINE-002,refinery_bf,Singapore,184.4,550,11,"[0, 0, 1, 0, 0, 0, 0, 0, 7, 0, 39, 0, 0, 0, 2, 0, 0, 0, 2, 366, 0, 0, 0, 0, 0, 0, 0, 0, 0, 0, 0, 24, 1, 0, 0, 0, 0, 0, 0, 0, 0, 0, 0, 7, 0, 0, 0, 0, 0, 93, 8, 0]","[0.0, 0.0, 0.002627, 0.0, 0.0, 0.0, 0.0, 0.0, 0.018391, 0.0, 0.102464, 0.0, 0.0, 0.0, 0.005255, 0.0, 0.0, 0.0, 0.005255, 0.961581, 0.0, 0.0, 0.0, 0.0, 0.0, 0.0, 0.0, 0.0, 0.0, 0.0, 0.0, 0.063054, 0.002627, 0.0, 0.0, 0.0, 0.0, 0.0, 0.0, 0.0, 0.0, 0.0, 0.0, 0.018391, 0.0, 0.0, 0.0, 0.0, 0.0, 0.244336, 0.021018, 0.0]",mock_generator
1000054,MOCK-REFINE-003,refinery_bf,United Kingdom,277.2,482,11,"[0, 0, 3, 0, 0, 0, 0, 0, 16, 0, 12, 0, 0, 0, 5, 0, 0, 0, 3, 307, 0, 0, 0, 0, 0, 0, 0, 0, 0, 0, 0, 33, 4, 0, 0, 0, 0, 0, 0, 0, 0, 0, 0, 6, 0, 0, 0, 0, 0, 89, 4, 0]","[0.0, 0.0, 0.009313, 0.0, 0.0, 0.0, 0.0, 0.0, 0.049669, 0.0, 0.037252, 0.0, 0.0, 0.0, 0.015522, 0.0, 0.0, 0.0, 0.009313, 0.953021, 0.0, 0.0, 0.0, 0.0, 0.0, 0.0, 0.0, 0.0, 0.0, 0.0, 0.0, 0.102442, 0.012417, 0.0, 0.0, 0.0, 0.0, 0.0, 0.0, 0.0, 0.0, 0.0, 0.0, 0.018626, 0.0, 0.0, 0.0, 0.0, 0.0, 0.276283, 0.012417, 0.0]",mock_generator
1000082,MOCK-REFINE-004,refinery_bf,United Kingdom,415.2,877,10,"[0, 0, 0, 0, 0, 0, 0, 0, 5, 0, 17, 0, 0, 0, 1, 0, 0, 0, 3, 543, 0, 0, 0, 0, 0, 0, 0, 0, 0, 0, 0, 42, 6, 0, 0, 0, 0, 0, 0, 0, 0, 0, 0, 2, 0, 0, 0, 0, 0, 245, 13, 0]","[0.0, 0.0, 0.0, 0.0, 0.0, 0.0, 0.0, 0.0, 0.008366, 0.0, 0.028445, 0.0, 0.0, 0.0, 0.001673, 0.0, 0.0, 0.0, 0.00502, 0.908577, 0.0, 0.0, 0.0, 0.0, 0.0, 0.0, 0.0, 0.0, 0.0, 0.0, 0.0, 0.070277, 0.01004, 0.0, 0.0, 0.0, 0.0, 0.0, 0.0, 0.0, 0.0, 0.0, 0.0, 0.003347, 0.0, 0.0, 0.0, 0.0, 0.0, 0.409947, 0.021752, 0.0]",mock_generator
1000104,MOCK-REFINE-005,refinery_bf,United States,232.3,463,10,"[0, 0, 3, 0, 0, 0, 0, 0, 4, 0, 36, 0, 0, 0, 4, 0, 0, 0, 3, 252, 0, 0, 0, 0, 0, 0, 0, 0, 0, 0, 0, 27, 0, 0, 0, 0, 0, 0, 0, 0, 0, 0, 0, 5, 0, 0, 0, 0, 0, 123, 6, 0]","[0.0, 0.0, 0.010556, 0.0, 0.0, 0.0, 0.0, 0.0, 0.014075, 0.0, 0.126672, 0.0, 0.0, 0.0, 0.014075, 0.0, 0.0, 0.0, 0.010556, 0.886703, 0.0, 0.0, 0.0, 0.0, 0.0, 0.0, 0.0, 0.0, 0.0, 0.0, 0.0, 0.095004, 0.0, 0.0, 0.0, 0.0, 0.0, 0.0, 0.0, 0.0, 0.0, 0.0, 0.0, 0.017593, 0.0, 0.0, 0.0, 0.0, 0.0, 0.432796, 0.021112, 0.0]",mock_generator
1000136,MOCK-REFINE-006,refinery_bf,Canada,203.6,360,11,"[0, 0, 2, 0, 0, 0, 0, 0, 11, 0, 35, 0, 0, 0, 2, 0, 0, 0, 3, 190, 0, 0, 0, 0, 0, 0, 0, 0, 0, 0, 0, 39, 2, 0, 0, 0, 0, 0, 0, 0, 0, 0, 0, 5, 0, 0, 0, 0, 0, 65, 6, 0]","[0.0, 0.0, 0.009614, 0.0, 0.0, 0.0, 0.0, 0.0, 0.052879, 0.0, 0.16825, 0.0, 0.0, 0.0, 0.009614, 0.0, 0.0, 0.0, 0.014421, 0.913356, 0.0, 0.0, 0.0, 0.0, 0.0, 0.0, 0.0, 0.0, 0.0, 0.0, 0.0, 0.187478, 0.009614, 0.0, 0.0, 0.0, 0.0, 0.0, 0.0, 0.0, 0.0, 0.0, 0.0, 0.024036, 0.0, 0.0, 0.0, 0.0, 0.0, 0.312464, 0.028843, 0.0]",mock_generator
1000161,MOCK-REFINE-007,refinery_bf,Singapore,327.2,780,11,"[0, 0, 2, 0, 0, 0, 0, 0, 14, 0, 46, 0, 0, 0, 2, 0, 0, 0, 4, 444, 0, 0, 0, 0, 0, 0, 0, 0, 0, 0, 0, 39, 2, 0, 0, 0, 0, 0, 0, 0, 0, 0, 0, 5, 0, 0, 0, 0, 0, 213, 9, 0]","[0.0, 0.0, 0.004029, 0.0, 0.0, 0.0, 0.0, 0.0, 0.0282, 0.0, 0.092656, 0.0, 0.0, 0.0, 0.004029, 0.0, 0.0, 0.0, 0.008057, 0.894333, 0.0, 0.0, 0.0, 0.0, 0.0, 0.0, 0.0, 0.0, 0.0, 0.0, 0.0, 0.078556, 0.004029, 0.0, 0.0, 0.0, 0.0, 0.0, 0.0, 0.0, 0.0, 0.0, 0.0, 0.010071, 0.0, 0.0, 0.0, 0.0, 0.0, 0.429038, 0.018128, 0.0]",mock_generator
1000186,MOCK-REFINE-008,refinery_bf,United States,32.5,231,9,"[0, 0, 0, 0, 0, 0, 0, 0, 4, 0, 16, 0, 0, 0, 1, 0, 0, 0, 1, 158, 0, 0, 0, 0, 0, 0, 0, 0, 0, 0, 0, 12, 0, 0, 0, 0, 0, 0, 0, 0, 0, 0, 0, 1, 0, 0, 0, 0, 0, 35, 3, 0]","[0.0, 0.0, 0.0, 0.0, 0.0, 0.0, 0.0, 0.0, 0.024518, 0.0, 0.098071, 0.0, 0.0, 0.0, 0.006129, 0.0, 0.0, 0.0, 0.006129, 0.968451, 0.0, 0.0, 0.0, 0.0, 0.0, 0.0, 0.0, 0.0, 0.0, 0.0, 0.0, 0.073553, 0.0, 0.0, 0.0, 0.0, 0.0, 0.0, 0.0, 0.0, 0.0, 0.0, 0.0, 0.006129, 0.0, 0.0, 0.0, 0.0, 0.0, 0.21453, 0.018388, 0.0]",mock_generator
1000208,MOCK-REFINE-009,refinery_bf,United Kingdom,21.8,105,9,"[0, 0, 0, 0, 0, 0, 0, 0, 3, 0, 9, 0, 0, 0, 2, 0, 0, 0, 1, 63, 0, 0, 0, 0, 0, 0, 0, 0, 0, 0, 0, 8, 0, 0, 0, 0, 0, 0, 0, 0, 0, 0, 0, 1, 0, 0, 0, 0, 0, 16, 2, 0]","[0.0, 0.0, 0.0, 0.0, 0.0, 0.0, 0.0, 0.0, 0.045283, 0.0, 0.13585, 0.0, 0.0, 0.0, 0.030189, 0.0, 0.0, 0.0, 0.015094, 0.95095, 0.0, 0.0, 0.0, 0.0, 0.0, 0.0, 0.0, 0.0, 0.0, 0.0, 0.0, 0.120756, 0.0, 0.0, 0.0, 0.0, 0.0, 0.0, 0.0, 0.0, 0.0, 0.0, 0.0, 0.015094, 0.0, 0.0, 0.0, 0.0, 0.0, 0.241511, 0.030189, 0.0]",mock_generator
1000212,MOCK-REFINE-010,refinery_bf,Singapore,109.9,264,11,"[0, 0, 2, 0, 0, 0, 0, 0, 5, 0, 9, 0, 0, 0, 3, 0, 0, 0, 3, 111, 0, 0, 0, 0, 0, 0, 0, 0, 0, 0, 0, 24, 1, 0, 0, 0, 0, 0, 0, 0, 0, 0, 0, 1, 0, 0, 0, 0, 0, 98, 7, 0]","[0.0, 0.0, 0.01328, 0.0, 0.0, 0.0, 0.0, 0.0, 0.033201, 0.0, 0.059761, 0.0, 0.0, 0.0, 0.01992, 0.0, 0.0, 0.0, 0.01992, 0.737058, 0.0, 0.0, 0.0, 0.0, 0.0, 0.0, 0.0, 0.0, 0.0, 0.0, 0.0, 0.159364, 0.00664, 0.0, 0.0, 0.0, 0.0, 0.0, 0.0, 0.0, 0.0, 0.0, 0.0, 0.00664, 0.0, 0.0, 0.0, 0.0, 0.0, 0.650736, 0.046481, 0.0]",mock_generator
1000251,MOCK-REFINE-011,refinery_bf,Canada,355.5,818,11,"[0, 0, 2, 0, 0, 0, 0, 0, 11, 0, 41, 0, 0, 0, 6, 0, 0, 0, 3, 591, 0, 0, 0, 0, 0, 0, 0, 0, 0, 0, 0, 33, 2, 0, 0, 0, 0, 0, 0, 0, 0, 0, 0, 3, 0, 0, 0, 0, 0, 117, 9, 0]","[0.0, 0.0, 0.003306, 0.0, 0.0, 0.0, 0.0, 0.0, 0.018182, 0.0, 0.067771, 0.0, 0.0, 0.0, 0.009918, 0.0, 0.0, 0.0, 0.004959, 0.976888, 0.0, 0.0, 0.0, 0.0, 0.0, 0.0, 0.0, 0.0, 0.0, 0.0, 0.0, 0.054547, 0.003306, 0.0, 0.0, 0.0, 0.0, 0.0, 0.0, 0.0, 0.0, 0.0, 0.0, 0.004959, 0.0, 0.0, 0.0, 0.0, 0.0, 0.193394, 0.014876, 0.0]",mock_generator
1000268,MOCK-REFINE-012,refinery_bf,Belgium,270.8,583,10,"[0, 0, 2, 0, 0, 0, 0, 0, 5, 0, 33, 0, 0, 0, 4, 0, 0, 0, 4, 377, 0, 0, 0, 0, 0, 0, 0, 0, 0, 0, 0, 24, 0, 0, 0, 0, 0, 0, 0, 0, 0, 0, 0, 3, 0, 0, 0, 0, 0, 122, 9, 0]","[0.0, 0.0, 0.005018, 0.0, 0.0, 0.0, 0.0, 0.0, 0.012546, 0.0, 0.082804, 0.0, 0.0, 0.0, 0.010037, 0.0, 0.0, 0.0, 0.010037, 0.945968, 0.0, 0.0, 0.0, 0.0, 0.0, 0.0, 0.0, 0.0, 0.0, 0.0, 0.0, 0.060221, 0.0, 0.0, 0.0, 0.0, 0.0, 0.0, 0.0, 0.0, 0.0, 0.0, 0.0, 0.007528, 0.0, 0.0, 0.0, 0.0, 0.0, 0.306122, 0.022583, 0.0]",mock_generator
1000282,MOCK-REFINE-013,refinery_bf,United States,534.6,779,11,"[0, 0, 4, 0, 0, 0, 0, 0, 6, 0, 49, 0, 0, 0, 6, 0, 0, 0, 3, 543, 0, 0, 0, 0, 0, 0, 0, 0, 0, 0, 0, 33, 5, 0, 0, 0, 0, 0, 0, 0, 0, 0, 0, 6, 0, 0, 0, 0, 0, 108, 16, 0]","[0.0, 0.0, 0.007179, 0.0, 0.0, 0.0, 0.0, 0.0, 0.010769, 0.0, 0.087947, 0.0, 0.0, 0.0, 0.010769, 0.0, 0.0, 0.0, 0.005385, 0.974602, 0.0, 0.0, 0.0, 0.0, 0.0, 0.0, 0.0, 0.0, 0.0, 0.0, 0.0, 0.05923, 0.008974, 0.0, 0.0, 0.0, 0.0, 0.0, 0.0, 0.0, 0.0, 0.0, 0.0, 0.010769, 0.0, 0.0, 0.0, 0.0, 0.0, 0.193843, 0.028718, 0.0]",mock_generator
1000302,MOCK-REFINE-014,refinery_bf,Singapore,55.9,199,9,"[0, 0, 1, 0, 0, 0, 0, 0, 4, 0, 16, 0, 0, 0, 2, 0, 0, 0, 0, 79, 0, 0, 0, 0, 0, 0, 0, 0, 0, 0, 0, 19, 0, 0, 0, 0, 0, 0, 0, 0, 0, 0, 0, 2, 0, 0, 0, 0, 0, 72, 4, 0]","[0.0, 0.0, 0.009097, 0.0, 0.0, 0.0, 0.0, 0.0, 0.036389, 0.0, 0.145557, 0.0, 0.0, 0.0, 0.018195, 0.0, 0.0, 0.0, 0.0, 0.718687, 0.0, 0.0, 0.0, 0.0, 0.0, 0.0, 0.0, 0.0, 0.0, 0.0, 0.0, 0.172849, 0.0, 0.0, 0.0, 0.0, 0.0, 0.0, 0.0, 0.0, 0.0, 0.0, 0.0, 0.018195, 0.0, 0.0, 0.0, 0.0, 0.0, 0.655006, 0.036389, 0.0]",mock_generator
1000316,MOCK-REFINE-015,refinery_bf,United States,441.2,702,11,"[0, 0, 2, 0, 0, 0, 0, 0, 13, 0, 36, 0, 0, 0, 7, 0, 0, 0, 6, 414, 0, 0, 0, 0, 0, 0, 0, 0, 0, 0, 0, 73, 1, 0, 0, 0, 0, 0, 0, 0, 0, 0, 0, 5, 0, 0, 0, 0, 0, 136, 9, 0]","[0.0, 0.0, 0.004507, 0.0, 0.0, 0.0, 0.0, 0.0, 0.029298, 0.0, 0.081133, 0.0, 0.0, 0.0, 0.015776, 0.0, 0.0, 0.0, 0.013522, 0.933034, 0.0, 0.0, 0.0, 0.0, 0.0, 0.0, 0.0, 0.0, 0.0, 0.0, 0.0, 0.16452, 0.002254, 0.0, 0.0, 0.0, 0.0, 0.0, 0.0, 0.0, 0.0, 0.0, 0.0, 0.011269, 0.0, 0.0, 0.0, 0.0, 0.0, 0.306504, 0.020283, 0.0]",mock_generator
1000327,MOCK-REFINE-016,refinery_bf,Singapore,36.5,333,7,"[0, 0, 2, 0, 0, 0, 0, 0, 7, 0, 12, 0, 0, 0, 0, 0, 0, 0, 0, 225, 0, 0, 0, 0, 0, 0, 0, 0, 0, 0, 0, 21, 0, 0, 0, 0, 0, 0, 0, 0, 0, 0, 0, 1, 0, 0, 0, 0, 0, 65, 0, 0]","[0.0, 0.0, 0.00849, 0.0, 0.0, 0.0, 0.0, 0.0, 0.029716, 0.0, 0.050942, 0.0, 0.0, 0.0, 0.0, 0.0, 0.0, 0.0, 0.0, 0.955166, 0.0, 0.0, 0.0, 0.0, 0.0, 0.0, 0.0, 0.0, 0.0, 0.0, 0.0, 0.089149, 0.0, 0.0, 0.0, 0.0, 0.0, 0.0, 0.0, 0.0, 0.0, 0.0, 0.0, 0.004245, 0.0, 0.0, 0.0, 0.0, 0.0, 0.275937, 0.0, 0.0]",mock_generator
1000356,MOCK-REFINE-017,refinery_bf,Canada,25.1,143,10,"[0, 0, 1, 0, 0, 0, 0, 0, 0, 0, 9, 0, 0, 0, 1, 0, 0, 0, 2, 80, 0, 0, 0, 0, 0, 0, 0, 0, 0, 0, 0, 16, 1, 0, 0, 0, 0, 0, 0, 0, 0, 0, 0, 2, 0, 0, 0, 0, 0, 29, 2, 0]","[0.0, 0.0, 0.011476, 0.0, 0.0, 0.0, 0.0, 0.0, 0.0, 0.0, 0.103285, 0.0, 0.0, 0.0, 0.011476, 0.0, 0.0, 0.0, 0.022952, 0.918086, 0.0, 0.0, 0.0, 0.0, 0.0, 0.0, 0.0, 0.0, 0.0, 0.0, 0.0, 0.183617, 0.011476, 0.0, 0.0, 0.0, 0.0, 0.0, 0.0, 0.0, 0.0, 0.0, 0.0, 0.022952, 0.0, 0.0, 0.0, 0.0, 0.0, 0.332806, 0.022952, 0.0]",mock_generator
1000369,MOCK-REFINE-018,refinery_bf,Belgium,160.2,476,11,"[0, 0, 1, 0, 0, 0, 0, 0, 5, 0, 28, 0, 0, 0, 2, 0, 0, 0, 2, 348, 0, 0, 0, 0, 0, 0, 0, 0, 0, 0, 0, 8, 1, 0, 0, 0, 0, 0, 0, 0, 0, 0, 0, 5, 0, 0, 0, 0, 0, 70, 6, 0]","[0.0, 0.0, 0.002807, 0.0, 0.0, 0.0, 0.0, 0.0, 0.014033, 0.0, 0.078586, 0.0, 0.0, 0.0, 0.005613, 0.0, 0.0, 0.0, 0.005613, 0.976712, 0.0, 0.0, 0.0, 0.0, 0.0, 0.0, 0.0, 0.0, 0.0, 0.0, 0.0, 0.022453, 0.002807, 0.0, 0.0, 0.0, 0.0, 0.0, 0.0, 0.0, 0.0, 0.0, 0.0, 0.014033, 0.0, 0.0, 0.0, 0.0, 0.0, 0.196465, 0.01684, 0.0]",mock_generator
1000377,MOCK-REFINE-019,refinery_bf,Canada,47.4,235,9,"[0, 0, 0, 0, 0, 0, 0, 0, 6, 0, 12, 0, 0, 0, 0, 0, 0, 0, 1, 130, 0, 0, 0, 0, 0, 0, 0, 0, 0, 0, 0, 25, 2, 0, 0, 0, 0, 0, 0, 0, 0, 0, 0, 1, 0, 0, 0, 0, 0, 53, 5, 0]","[0.0, 0.0, 0.0, 0.0, 0.0, 0.0, 0.0, 0.0, 0.04186, 0.0, 0.08372, 0.0, 0.0, 0.0, 0.0, 0.0, 0.0, 0.0, 0.006977, 0.906964, 0.0, 0.0, 0.0, 0.0, 0.0, 0.0, 0.0, 0.0, 0.0, 0.0, 0.0, 0.174416, 0.013953, 0.0, 0.0, 0.0, 0.0, 0.0, 0.0, 0.0, 0.0, 0.0, 0.0, 0.006977, 0.0, 0.0, 0.0, 0.0, 0.0, 0.369762, 0.034883, 0.0]",mock_generator
1000395,MOCK-REFINE-020,refinery_bf,United Kingdom,13.8,85,8,"[0, 0, 0, 0, 0, 0, 0, 0, 0, 0, 10, 0, 0, 0, 2, 0, 0, 0, 0, 35, 0, 0, 0, 0, 0, 0, 0, 0, 0, 0, 0, 7, 2, 0, 0, 0, 0, 0, 0, 0, 0, 0, 0, 1, 0, 0, 0, 0, 0, 27, 1, 0]","[0.0, 0.0, 0.0, 0.0, 0.0, 0.0, 0.0, 0.0, 0.0, 0.0, 0.217546, 0.0, 0.0, 0.0, 0.043509, 0.0, 0.0, 0.0, 0.0, 0.76141, 0.0, 0.0, 0.0, 0.0, 0.0, 0.0, 0.0, 0.0, 0.0, 0.0, 0.0, 0.152282, 0.043509, 0.0, 0.0, 0.0, 0.0, 0.0, 0.0, 0.0, 0.0, 0.0, 0.0, 0.021755, 0.0, 0.0, 0.0, 0.0, 0.0, 0.587373, 0.021755, 0.0]",mock_generator
1000406,MOCK-REFINE-021,refinery_bf,United Kingdom,494.7,759,11,"[0, 0, 4, 0, 0, 0, 0, 0, 19, 0, 56, 0, 0, 0, 8, 0, 0, 0, 3, 409, 0, 0, 0, 0, 0, 0, 0, 0, 0, 0, 0, 38, 4, 0, 0, 0, 0, 0, 0, 0, 0, 0, 0, 6, 0, 0, 0, 0, 0, 200, 12, 0]","[0.0, 0.0, 0.008677, 0.0, 0.0, 0.0, 0.0, 0.0, 0.041216, 0.0, 0.121479, 0.0, 0.0, 0.0, 0.017354, 0.0, 0.0, 0.0, 0.006508, 0.887231, 0.0, 0.0, 0.0, 0.0, 0.0, 0.0, 0.0, 0.0, 0.0, 0.0, 0.0, 0.082432, 0.008677, 0.0, 0.0, 0.0, 0.0, 0.0, 0.0, 0.0, 0.0, 0.0, 0.0, 0.013016, 0.0, 0.0, 0.0, 0.0, 0.0, 0.433854, 0.026031, 0.0]",mock_generator
1000428,MOCK-REFINE-022,refinery_bf,Belgium,13.7,91,8,"[0, 0, 0, 0, 0, 0, 0, 0, 2, 0, 6, 0, 0, 0, 0, 0, 0, 0, 0, 45, 0, 0, 0, 0, 0, 0, 0, 0, 0, 0, 0, 5, 1, 0, 0, 0, 0, 0, 0, 0, 0, 0, 0, 1, 0, 0, 0, 0, 0, 30, 1, 0]","[0.0, 0.0, 0.0, 0.0, 0.0, 0.0, 0.0, 0.0, 0.036558, 0.0, 0.109673, 0.0, 0.0, 0.0, 0.0, 0.0, 0.0, 0.0, 0.0, 0.822544, 0.0, 0.0, 0.0, 0.0, 0.0, 0.0, 0.0, 0.0, 0.0, 0.0, 0.0, 0.091394, 0.018279, 0.0, 0.0, 0.0, 0.0, 0.0, 0.0, 0.0, 0.0, 0.0, 0.0, 0.018279, 0.0, 0.0, 0.0, 0.0, 0.0, 0.548363, 0.018279, 0.0]",mock_generator
1000441,MOCK-REFINE-023,refinery_bf,United States,37.9,190,8,"[0, 0, 0, 0, 0, 0, 0, 0, 4, 0, 12, 0, 0, 0, 1, 0, 0, 0, 0, 93, 0, 0, 0, 0, 0, 0, 0, 0, 0, 0, 0, 13, 0, 0, 0, 0, 0, 0, 0, 0, 0, 0, 0, 2, 0, 0, 0, 0, 0, 60, 5, 0]","[0.0, 0.0, 0.0, 0.0, 0.0, 0.0, 0.0, 0.0, 0.035624, 0.0, 0.106871, 0.0, 0.0, 0.0, 0.008906, 0.0, 0.0, 0.0, 0.0, 0.828247, 0.0, 0.0, 0.0, 0.0, 0.0, 0.0, 0.0, 0.0, 0.0, 0.0, 0.0, 0.115776, 0.0, 0.0, 0.0, 0.0, 0.0, 0.0, 0.0, 0.0, 0.0, 0.0, 0.0, 0.017812, 0.0, 0.0, 0.0, 0.0, 0.0, 0.534353, 0.044529, 0.0]",mock_generator
1000465,MOCK-REFINE-024,refinery_bf,Australia,36.6,304,10,"[0, 0, 1, 0, 0, 0, 0, 0, 3, 0, 12, 0, 0, 0, 2, 0, 0, 0, 0, 179, 0, 0, 0, 0, 0, 0, 0, 0, 0, 0, 0, 9, 1, 0, 0, 0, 0, 0, 0, 0, 0, 0, 0, 2, 0, 0, 0, 0, 0, 94, 1, 0]","[0.0, 0.0, 0.004931, 0.0, 0.0, 0.0, 0.0, 0.0, 0.014794, 0.0, 0.059176, 0.0, 0.0, 0.0, 0.009863, 0.0, 0.0, 0.0, 0.0, 0.882706, 0.0, 0.0, 0.0, 0.0, 0.0, 0.0, 0.0, 0.0, 0.0, 0.0, 0.0, 0.044382, 0.004931, 0.0, 0.0, 0.0, 0.0, 0.0, 0.0, 0.0, 0.0, 0.0, 0.0, 0.009863, 0.0, 0.0, 0.0, 0.0, 0.0, 0.463544, 0.004931, 0.0]",mock_generator
1000503,MOCK-REFINE-025,refinery_bf,Canada,39.3,172,6,"[0, 0, 0, 0, 0, 0, 0, 0, 5, 0, 2, 0, 0, 0, 0, 0, 0, 0, 0, 123, 0, 0, 0, 0, 0, 0, 0, 0, 0, 0, 0, 12, 0, 0, 0, 0, 0, 0, 0, 0, 0, 0, 0, 0, 0, 0, 0, 0, 0, 28, 2, 0]","[0.0, 0.0, 0.0, 0.0, 0.0, 0.0, 0.0, 0.0, 0.039418, 0.0, 0.015767, 0.0, 0.0, 0.0, 0.0, 0.0, 0.0, 0.0, 0.0, 0.969677, 0.0, 0.0, 0.0, 0.0, 0.0, 0.0, 0.0, 0.0, 0.0, 0.0, 0.0, 0.094603, 0.0, 0.0, 0.0, 0.0, 0.0, 0.0, 0.0, 0.0, 0.0, 0.0, 0.0, 0.0, 0.0, 0.0, 0.0, 0.0, 0.0, 0.220739, 0.015767, 0.0]",mock_generator
1000524,MOCK-REFINE-026,refinery_bf,United States,612.4,954,11,"[0, 0, 3, 0, 0, 0, 0, 0, 12, 0, 30, 0, 0, 0, 5, 0, 0, 0, 3, 613, 0, 0, 0, 0, 0, 0, 0, 0, 0, 0, 0, 36, 4, 0, 0, 0, 0, 0, 0, 0, 0, 0, 0, 8, 0, 0, 0, 0, 0, 231, 9, 0]","[0.0, 0.0, 0.004566, 0.0, 0.0, 0.0, 0.0, 0.0, 0.018264, 0.0, 0.045661, 0.0, 0.0, 0.0, 0.00761, 0.0, 0.0, 0.0, 0.004566, 0.933002, 0.0, 0.0, 0.0, 0.0, 0.0, 0.0, 0.0, 0.0, 0.0, 0.0, 0.0, 0.054793, 0.006088, 0.0, 0.0, 0.0, 0.0, 0.0, 0.0, 0.0, 0.0, 0.0, 0.0, 0.012176, 0.0, 0.0, 0.0, 0.0, 0.0, 0.351588, 0.013698, 0.0]",mock_generator
1000529,MOCK-REFINE-027,refinery_bf,Belgium,258.5,675,11,"[0, 0, 2, 0, 0, 0, 0, 0, 11, 0, 19, 0, 0, 0, 5, 0, 0, 0, 3, 428, 0, 0, 0, 0, 0, 0, 0, 0, 0, 0, 0, 33, 3, 0, 0, 0, 0, 0, 0, 0, 0, 0, 0, 3, 0, 0, 0, 0, 0, 161, 7, 0]","[0.0, 0.0, 0.004356, 0.0, 0.0, 0.0, 0.0, 0.0, 0.023959, 0.0, 0.041385, 0.0, 0.0, 0.0, 0.010891, 0.0, 0.0, 0.0, 0.006534, 0.932241, 0.0, 0.0, 0.0, 0.0, 0.0, 0.0, 0.0, 0.0, 0.0, 0.0, 0.0, 0.071878, 0.006534, 0.0, 0.0, 0.0, 0.0, 0.0, 0.0, 0.0, 0.0, 0.0, 0.0, 0.006534, 0.0, 0.0, 0.0, 0.0, 0.0, 0.350679, 0.015247, 0.0]",mock_generator
1000544,MOCK-REFINE-028,refinery_bf,Canada,32.3,228,11,"[0, 0, 1, 0, 0, 0, 0, 0, 4, 0, 15, 0, 0, 0, 1, 0, 0, 0, 1, 99, 0, 0, 0, 0, 0, 0, 0, 0, 0, 0, 0, 11, 1, 0, 0, 0, 0, 0, 0, 0, 0, 0, 0, 2, 0, 0, 0, 0, 0, 92, 1, 0]","[0.0, 0.0, 0.007325, 0.0, 0.0, 0.0, 0.0, 0.0, 0.029301, 0.0, 0.109879, 0.0, 0.0, 0.0, 0.007325, 0.0, 0.0, 0.0, 0.007325, 0.725202, 0.0, 0.0, 0.0, 0.0, 0.0, 0.0, 0.0, 0.0, 0.0, 0.0, 0.0, 0.080578, 0.007325, 0.0, 0.0, 0.0, 0.0, 0.0, 0.0, 0.0, 0.0, 0.0, 0.0, 0.014651, 0.0, 0.0, 0.0, 0.0, 0.0, 0.673925, 0.007325, 0.0]",mock_generator
1000559,MOCK-REFINE-029,refinery_bf,Belgium,27.2,282,8,"[0, 0, 0, 0, 0, 0, 0, 0, 2, 0, 7, 0, 0, 0, 1, 0, 0, 0, 0, 208, 0, 0, 0, 0, 0, 0, 0, 0, 0, 0, 0, 9, 0, 0, 0, 0, 0, 0, 0, 0, 0, 0, 0, 3, 0, 0, 0, 0, 0, 51, 1, 0]","[0.0, 0.0, 0.0, 0.0, 0.0, 0.0, 0.0, 0.0, 0.009324, 0.0, 0.032634, 0.0, 0.0, 0.0, 0.004662, 0.0, 0.0, 0.0, 0.0, 0.9697, 0.0, 0.0, 0.0, 0.0, 0.0, 0.0, 0.0, 0.0, 0.0, 0.0, 0.0, 0.041958, 0.0, 0.0, 0.0, 0.0, 0.0, 0.0, 0.0, 0.0, 0.0, 0.0, 0.0, 0.013986, 0.0, 0.0, 0.0, 0.0, 0.0, 0.237763, 0.004662, 0.0]",mock_generator
1000576,MOCK-REFINE-030,refinery_bf,United States,77.7,256,11,"[0, 0, 2, 0, 0, 0, 0, 0, 8, 0, 20, 0, 0, 0, 2, 0, 0, 0, 1, 146, 0, 0, 0, 0, 0, 0, 0, 0, 0, 0, 0, 7, 1, 0, 0, 0, 0, 0, 0, 0, 0, 0, 0, 1, 0, 0, 0, 0, 0, 65, 3, 0]","[0.0, 0.0, 0.012386, 0.0, 0.0, 0.0, 0.0, 0.0, 0.049543, 0.0, 0.123859, 0.0, 0.0, 0.0, 0.012386, 0.0, 0.0, 0.0, 0.006193, 0.904168, 0.0, 0.0, 0.0, 0.0, 0.0, 0.0, 0.0, 0.0, 0.0, 0.0, 0.0, 0.043351, 0.006193, 0.0, 0.0, 0.0, 0.0, 0.0, 0.0, 0.0, 0.0, 0.0, 0.0, 0.006193, 0.0, 0.0, 0.0, 0.0, 0.0, 0.40254, 0.018579, 0.0]",mock_generator
1000613,MOCK-REFINE-031,refinery_bf,Singapore,27.5,224,10,"[0, 0, 1, 0, 0, 0, 0, 0, 2, 0, 10, 0, 0, 0, 1, 0, 0, 0, 1, 140, 0, 0, 0, 0, 0, 0, 0, 0, 0, 0, 0, 5, 1, 0, 0, 0, 0, 0, 0, 0, 0, 0, 0, 0, 0, 0, 0, 0, 0, 60, 3, 0]","[0.0, 0.0, 0.006545, 0.0, 0.0, 0.0, 0.0, 0.0, 0.013091, 0.0, 0.065453, 0.0, 0.0, 0.0, 0.006545, 0.0, 0.0, 0.0, 0.006545, 0.916345, 0.0, 0.0, 0.0, 0.0, 0.0, 0.0, 0.0, 0.0, 0.0, 0.0, 0.0, 0.032727, 0.006545, 0.0, 0.0, 0.0, 0.0, 0.0, 0.0, 0.0, 0.0, 0.0, 0.0, 0.0, 0.0, 0.0, 0.0, 0.0, 0.0, 0.392719, 0.019636, 0.0]",mock_generator
1000630,MOCK-REFINE-032,refinery_bf,United States,59.7,273,10,"[0, 0, 0, 0, 0, 0, 0, 0, 2, 0, 17, 0, 0, 0, 1, 0, 0, 0, 1, 180, 0, 0, 0, 0, 0, 0, 0, 0, 0, 0, 0, 21, 2, 0, 0, 0, 0, 0, 0, 0, 0, 0, 0, 2, 0, 0, 0, 0, 0, 42, 5, 0]","[0.0, 0.0, 0.0, 0.0, 0.0, 0.0, 0.0, 0.0, 0.010701, 0.0, 0.090956, 0.0, 0.0, 0.0, 0.00535, 0.0, 0.0, 0.0, 0.00535, 0.963063, 0.0, 0.0, 0.0, 0.0, 0.0, 0.0, 0.0, 0.0, 0.0, 0.0, 0.0, 0.112357, 0.010701, 0.0, 0.0, 0.0, 0.0, 0.0, 0.0, 0.0, 0.0, 0.0, 0.0, 0.010701, 0.0, 0.0, 0.0, 0.0, 0.0, 0.224715, 0.026752, 0.0]",mock_generator
1000651,MOCK-REFINE-033,refinery_bf,Canada,13.9,165,7,"[0, 0, 0, 0, 0, 0, 0, 0, 1, 0, 7, 0, 0, 0, 0, 0, 0, 0, 1, 122, 0, 0, 0, 0, 0, 0, 0, 0, 0, 0, 0, 2, 2, 0, 0, 0, 0, 0, 0, 0, 0, 0, 0, 0, 0, 0, 0, 0, 0, 30, 0, 0]","[0.0, 0.0, 0.0, 0.0, 0.0, 0.0, 0.0, 0.0, 0.007945, 0.0, 0.055613, 0.0, 0.0, 0.0, 0.0, 0.0, 0.0, 0.0, 0.007945, 0.969262, 0.0, 0.0, 0.0, 0.0, 0.0, 0.0, 0.0, 0.0, 0.0, 0.0, 0.0, 0.01589, 0.01589, 0.0, 0.0, 0.0, 0.0, 0.0, 0.0, 0.0, 0.0, 0.0, 0.0, 0.0, 0.0, 0.0, 0.0, 0.0, 0.0, 0.238343, 0.0, 0.0]",mock_generator
1000681,MOCK-REFINE-034,refinery_bf,United Kingdom,129.8,406,9,"[0, 0, 0, 0, 0, 0, 0, 0, 8, 0, 30, 0, 0, 0, 2, 0, 0, 0, 0, 224, 0, 0, 0, 0, 0, 0, 0, 0, 0, 0, 0, 19, 1, 0, 0, 0, 0, 0, 0, 0, 0, 0, 0, 2, 0, 0, 0, 0, 0, 119, 1, 0]","[0.0, 0.0, 0.0, 0.0, 0.0, 0.0, 0.0, 0.0, 0.031218, 0.0, 0.117066, 0.0, 0.0, 0.0, 0.007804, 0.0, 0.0, 0.0, 0.0, 0.874094, 0.0, 0.0, 0.0, 0.0, 0.0, 0.0, 0.0, 0.0, 0.0, 0.0, 0.0, 0.074142, 0.003902, 0.0, 0.0, 0.0, 0.0, 0.0, 0.0, 0.0, 0.0, 0.0, 0.0, 0.007804, 0.0, 0.0, 0.0, 0.0, 0.0, 0.464362, 0.003902, 0.0]",mock_generator
1000715,MOCK-REFINE-035,refinery_bf,United States,812.9,1025,10,"[0, 0, 4, 0, 0, 0, 0, 0, 21, 0, 44, 0, 0, 0, 5, 0, 0, 0, 0, 625, 0, 0, 0, 0, 0, 0, 0, 0, 0, 0, 0, 42, 2, 0, 0, 0, 0, 0, 0, 0, 0, 0, 0, 9, 0, 0, 0, 0, 0, 261, 12, 0]","[0.0, 0.0, 0.005878, 0.0, 0.0, 0.0, 0.0, 0.0, 0.030857, 0.0, 0.064653, 0.0, 0.0, 0.0, 0.007347, 0.0, 0.0, 0.0, 0.0, 0.918366, 0.0, 0.0, 0.0, 0.0, 0.0, 0.0, 0.0, 0.0, 0.0, 0.0, 0.0, 0.061714, 0.002939, 0.0, 0.0, 0.0, 0.0, 0.0, 0.0, 0.0, 0.0, 0.0, 0.0, 0.013224, 0.0, 0.0, 0.0, 0.0, 0.0, 0.38351, 0.017633, 0.0]",mock_generator
1000752,MOCK-REFINE-036,refinery_bf,Australia,63.3,358,11,"[0, 0, 1, 0, 0, 0, 0, 0, 3, 0, 12, 0, 0, 0, 2, 0, 0, 0, 1, 229, 0, 0, 0, 0, 0, 0, 0, 0, 0, 0, 0, 13, 1, 0, 0, 0, 0, 0, 0, 0, 0, 0, 0, 4, 0, 0, 0, 0, 0, 86, 6, 0]","[0.0, 0.0, 0.004075, 0.0, 0.0, 0.0, 0.0, 0.0, 0.012225, 0.0, 0.048901, 0.0, 0.0, 0.0, 0.00815, 0.0, 0.0, 0.0, 0.004075, 0.933195, 0.0, 0.0, 0.0, 0.0, 0.0, 0.0, 0.0, 0.0, 0.0, 0.0, 0.0, 0.052976, 0.004075, 0.0, 0.0, 0.0, 0.0, 0.0, 0.0, 0.0, 0.0, 0.0, 0.0, 0.0163, 0.0, 0.0, 0.0, 0.0, 0.0, 0.350457, 0.024451, 0.0]",mock_generator
1000763,MOCK-REFINE-037,refinery_bf,United Kingdom,79.9,338,10,"[0, 0, 0, 0, 0, 0, 0, 0, 7, 0, 13, 0, 0, 0, 1, 0, 0, 0, 1, 168, 0, 0, 0, 0, 0, 0, 0, 0, 0, 0, 0, 16, 1, 0, 0, 0, 0, 0, 0, 0, 0, 0, 0, 2, 0, 0, 0, 0, 0, 127, 2, 0]","[0.0, 0.0, 0.0, 0.0, 0.0, 0.0, 0.0, 0.0, 0.033058, 0.0, 0.061393, 0.0, 0.0, 0.0, 0.004723, 0.0, 0.0, 0.0, 0.004723, 0.793389, 0.0, 0.0, 0.0, 0.0, 0.0, 0.0, 0.0, 0.0, 0.0, 0.0, 0.0, 0.075561, 0.004723, 0.0, 0.0, 0.0, 0.0, 0.0, 0.0, 0.0, 0.0, 0.0, 0.0, 0.009445, 0.0, 0.0, 0.0, 0.0, 0.0, 0.599764, 0.009445, 0.0]",mock_generator
1000782,MOCK-REFINE-038,refinery_bf,Belgium,797.9,1366,11,"[0, 0, 4, 0, 0, 0, 0, 0, 14, 0, 52, 0, 0, 0, 6, 0, 0, 0, 3, 934, 0, 0, 0, 0, 0, 0, 0, 0, 0, 0, 0, 86, 3, 0, 0, 0, 0, 0, 0, 0, 0, 0, 0, 9, 0, 0, 0, 0, 0, 250, 5, 0]","[0.0, 0.0, 0.004114, 0.0, 0.0, 0.0, 0.0, 0.0, 0.014399, 0.0, 0.053483, 0.0, 0.0, 0.0, 0.006171, 0.0, 0.0, 0.0, 0.003086, 0.960629, 0.0, 0.0, 0.0, 0.0, 0.0, 0.0, 0.0, 0.0, 0.0, 0.0, 0.0, 0.088452, 0.003086, 0.0, 0.0, 0.0, 0.0, 0.0, 0.0, 0.0, 0.0, 0.0, 0.0, 0.009257, 0.0, 0.0, 0.0, 0.0, 0.0, 0.257128, 0.005143, 0.0]",mock_generator
1000789,MOCK-REFINE-039,refinery_bf,Canada,49.7,220,8,"[0, 0, 0, 0, 0, 0, 0, 0, 5, 0, 11, 0, 0, 0, 0, 0, 0, 0, 0, 146, 0, 0, 0, 0, 0, 0, 0, 0, 0, 0, 0, 1, 1, 0, 0, 0, 0, 0, 0, 0, 0, 0, 0, 5, 0, 0, 0, 0, 0, 49, 2, 0]","[0.0, 0.0, 0.0, 0.0, 0.0, 0.0, 0.0, 0.0, 0.032346, 0.0, 0.071162, 0.0, 0.0, 0.0, 0.0, 0.0, 0.0, 0.0, 0.0, 0.944514, 0.0, 0.0, 0.0, 0.0, 0.0, 0.0, 0.0, 0.0, 0.0, 0.0, 0.0, 0.006469, 0.006469, 0.0, 0.0, 0.0, 0.0, 0.0, 0.0, 0.0, 0.0, 0.0, 0.0, 0.032346, 0.0, 0.0, 0.0, 0.0, 0.0, 0.316994, 0.012939, 0.0]",mock_generator
1000806,MOCK-REFINE-040,refinery_bf,Belgium,58.8,154,10,"[0, 0, 2, 0, 0, 0, 0, 0, 5, 0, 13, 0, 0, 0, 2, 0, 0, 0, 0, 94, 0, 0, 0, 0, 0, 0, 0, 0, 0, 0, 0, 9, 2, 0, 0, 0, 0, 0, 0, 0, 0, 0, 0, 2, 0, 0, 0, 0, 0, 24, 1, 0]","[0.0, 0.0, 0.020303, 0.0, 0.0, 0.0, 0.0, 0.0, 0.050757, 0.0, 0.131968, 0.0, 0.0, 0.0, 0.020303, 0.0, 0.0, 0.0, 0.0, 0.954229, 0.0, 0.0, 0.0, 0.0, 0.0, 0.0, 0.0, 0.0, 0.0, 0.0, 0.0, 0.091362, 0.020303, 0.0, 0.0, 0.0, 0.0, 0.0, 0.0, 0.0, 0.0, 0.0, 0.0, 0.020303, 0.0, 0.0, 0.0, 0.0, 0.0, 0.243633, 0.010151, 0.0]",mock_generator
1000827,MOCK-REFINE-041,refinery_bf,United States,79.9,248,9,"[0, 0, 0, 0, 0, 0, 0, 0, 5, 0, 17, 0, 0, 0, 2, 0, 0, 0, 0, 108, 0, 0, 0, 0, 0, 0, 0, 0, 0, 0, 0, 29, 1, 0, 0, 0, 0, 0, 0, 0, 0, 0, 0, 3, 0, 0, 0, 0, 0, 82, 1, 0]","[0.0, 0.0, 0.0, 0.0, 0.0, 0.0, 0.0, 0.0, 0.035753, 0.0, 0.121559, 0.0, 0.0, 0.0, 0.014301, 0.0, 0.0, 0.0, 0.0, 0.772256, 0.0, 0.0, 0.0, 0.0, 0.0, 0.0, 0.0, 0.0, 0.0, 0.0, 0.0, 0.207365, 0.007151, 0.0, 0.0, 0.0, 0.0, 0.0, 0.0, 0.0, 0.0, 0.0, 0.0, 0.021452, 0.0, 0.0, 0.0, 0.0, 0.0, 0.586343, 0.007151, 0.0]",mock_generator
1000828,MOCK-REFINE-042,refinery_bf,United Kingdom,18.7,118,11,"[0, 0, 1, 0, 0, 0, 0, 0, 4, 0, 8, 0, 0, 0, 1, 0, 0, 0, 1, 74, 0, 0, 0, 0, 0, 0, 0, 0, 0, 0, 0, 4, 1, 0, 0, 0, 0, 0, 0, 0, 0, 0, 0, 1, 0, 0, 0, 0, 0, 22, 1, 0]","[0.0, 0.0, 0.012844, 0.0, 0.0, 0.0, 0.0, 0.0, 0.051375, 0.0, 0.10275, 0.0, 0.0, 0.0, 0.012844, 0.0, 0.0, 0.0, 0.012844, 0.950438, 0.0, 0.0, 0.0, 0.0, 0.0, 0.0, 0.0, 0.0, 0.0, 0.0, 0.0, 0.051375, 0.012844, 0.0, 0.0, 0.0, 0.0, 0.0, 0.0, 0.0, 0.0, 0.0, 0.0, 0.012844, 0.0, 0.0, 0.0, 0.0, 0.0, 0.282563, 0.012844, 0.0]",mock_generator
1000861,MOCK-REFINE-043,refinery_bf,Australia,582.5,771,11,"[0, 0, 1, 0, 0, 0, 0, 0, 1, 0, 23, 0, 0, 0, 6, 0, 0, 0, 2, 376, 0, 0, 0, 0, 0, 0, 0, 0, 0, 0, 0, 36, 4, 0, 0, 0, 0, 0, 0, 0, 0, 0, 0, 3, 0, 0, 0, 0, 0, 316, 3, 0]","[0.0, 0.0, 0.002028, 0.0, 0.0, 0.0, 0.0, 0.0, 0.002028, 0.0, 0.046645, 0.0, 0.0, 0.0, 0.012168, 0.0, 0.0, 0.0, 0.004056, 0.762546, 0.0, 0.0, 0.0, 0.0, 0.0, 0.0, 0.0, 0.0, 0.0, 0.0, 0.0, 0.07301, 0.008112, 0.0, 0.0, 0.0, 0.0, 0.0, 0.0, 0.0, 0.0, 0.0, 0.0, 0.006084, 0.0, 0.0, 0.0, 0.0, 0.0, 0.640863, 0.006084, 0.0]",mock_generator
1000890,MOCK-REFINE-044,refinery_bf,United States,94.2,199,8,"[0, 0, 0, 0, 0, 0, 0, 0, 5, 0, 20, 0, 0, 0, 4, 0, 0, 0, 0, 92, 0, 0, 0, 0, 0, 0, 0, 0, 0, 0, 0, 24, 4, 0, 0, 0, 0, 0, 0, 0, 0, 0, 0, 0, 0, 0, 0, 0, 0, 49, 1, 0]","[0.0, 0.0, 0.0, 0.0, 0.0, 0.0, 0.0, 0.0, 0.045837, 0.0, 0.183347, 0.0, 0.0, 0.0, 0.036669, 0.0, 0.0, 0.0, 0.0, 0.843398, 0.0, 0.0, 0.0, 0.0, 0.0, 0.0, 0.0, 0.0, 0.0, 0.0, 0.0, 0.220017, 0.036669, 0.0, 0.0, 0.0, 0.0, 0.0, 0.0, 0.0, 0.0, 0.0, 0.0, 0.0, 0.0, 0.0, 0.0, 0.0, 0.0, 0.449201, 0.009167, 0.0]",mock_generator
1000900,MOCK-REFINE-045,refinery_bf,Canada,205.3,539,11,"[0, 0, 2, 0, 0, 0, 0, 0, 1, 0, 20, 0, 0, 0, 2, 0, 0, 0, 2, 320, 0, 0, 0, 0, 0, 0, 0, 0, 0, 0, 0, 54, 2, 0, 0, 0, 0, 0, 0, 0, 0, 0, 0, 1, 0, 0, 0, 0, 0, 131, 4, 0]","[0.0, 0.0, 0.005705, 0.0, 0.0, 0.0, 0.0, 0.0, 0.002852, 0.0, 0.057047, 0.0, 0.0, 0.0, 0.005705, 0.0, 0.0, 0.0, 0.005705, 0.912756, 0.0, 0.0, 0.0, 0.0, 0.0, 0.0, 0.0, 0.0, 0.0, 0.0, 0.0, 0.154028, 0.005705, 0.0, 0.0, 0.0, 0.0, 0.0, 0.0, 0.0, 0.0, 0.0, 0.0, 0.002852, 0.0, 0.0, 0.0, 0.0, 0.0, 0.373659, 0.011409, 0.0]",mock_generator
1000929,MOCK-REFINE-046,refinery_bf,Canada,184.4,480,10,"[0, 0, 1, 0, 0, 0, 0, 0, 10, 0, 28, 0, 0, 0, 3, 0, 0, 0, 3, 345, 0, 0, 0, 0, 0, 0, 0, 0, 0, 0, 0, 16, 0, 0, 0, 0, 0, 0, 0, 0, 0, 0, 0, 4, 0, 0, 0, 0, 0, 68, 2, 0]","[0.0, 0.0, 0.00283, 0.0, 0.0, 0.0, 0.0, 0.0, 0.028304, 0.0, 0.079251, 0.0, 0.0, 0.0, 0.008491, 0.0, 0.0, 0.0, 0.008491, 0.976479, 0.0, 0.0, 0.0, 0.0, 0.0, 0.0, 0.0, 0.0, 0.0, 0.0, 0.0, 0.045286, 0.0, 0.0, 0.0, 0.0, 0.0, 0.0, 0.0, 0.0, 0.0, 0.0, 0.0, 0.011322, 0.0, 0.0, 0.0, 0.0, 0.0, 0.192466, 0.005661, 0.0]",mock_generator
1000960,MOCK-REFINE-047,refinery_bf,Canada,348.8,532,11,"[0, 0, 3, 0, 0, 0, 0, 0, 15, 0, 36, 0, 0, 0, 5, 0, 0, 0, 3, 264, 0, 0, 0, 0, 0, 0, 0, 0, 0, 0, 0, 52, 3, 0, 0, 0, 0, 0, 0, 0, 0, 0, 0, 5, 0, 0, 0, 0, 0, 134, 12, 0]","[0.0, 0.0, 0.009885, 0.0, 0.0, 0.0, 0.0, 0.0, 0.049427, 0.0, 0.118625, 0.0, 0.0, 0.0, 0.016476, 0.0, 0.0, 0.0, 0.009885, 0.869919, 0.0, 0.0, 0.0, 0.0, 0.0, 0.0, 0.0, 0.0, 0.0, 0.0, 0.0, 0.171348, 0.009885, 0.0, 0.0, 0.0, 0.0, 0.0, 0.0, 0.0, 0.0, 0.0, 0.0, 0.016476, 0.0, 0.0, 0.0, 0.0, 0.0, 0.44155, 0.039542, 0.0]",mock_generator
1000963,MOCK-REFINE-048,refinery_bf,Canada,27.8,165,10,"[0, 0, 2, 0, 0, 0, 0, 0, 0, 0, 9, 0, 0, 0, 1, 0, 0, 0, 1, 90, 0, 0, 0, 0, 0, 0, 0, 0, 0, 0, 0, 16, 1, 0, 0, 0, 0, 0, 0, 0, 0, 0, 0, 3, 0, 0, 0, 0, 0, 41, 1, 0]","[0.0, 0.0, 0.019866, 0.0, 0.0, 0.0, 0.0, 0.0, 0.0, 0.0, 0.089399, 0.0, 0.0, 0.0, 0.009933, 0.0, 0.0, 0.0, 0.009933, 0.893986, 0.0, 0.0, 0.0, 0.0, 0.0, 0.0, 0.0, 0.0, 0.0, 0.0, 0.0, 0.158931, 0.009933, 0.0, 0.0, 0.0, 0.0, 0.0, 0.0, 0.0, 0.0, 0.0, 0.0, 0.0298, 0.0, 0.0, 0.0, 0.0, 0.0, 0.40726, 0.009933, 0.0]",mock_generator
1000988,MOCK-REFINE-049,refinery_bf,United States,17.5,120,9,"[0, 0, 1, 0, 0, 0, 0, 0, 1, 0, 5, 0, 0, 0, 0, 0, 0, 0, 0, 77, 0, 0, 0, 0, 0, 0, 0, 0, 0, 0, 0, 2, 1, 0, 0, 0, 0, 0, 0, 0, 0, 0, 0, 2, 0, 0, 0, 0, 0, 28, 3, 0]","[0.0, 0.0, 0.012164, 0.0, 0.0, 0.0, 0.0, 0.0, 0.012164, 0.0, 0.060822, 0.0, 0.0, 0.0, 0.0, 0.0, 0.0, 0.0, 0.0, 0.936659, 0.0, 0.0, 0.0, 0.0, 0.0, 0.0, 0.0, 0.0, 0.0, 0.0, 0.0, 0.024329, 0.012164, 0.0, 0.0, 0.0, 0.0, 0.0, 0.0, 0.0, 0.0, 0.0, 0.0, 0.024329, 0.0, 0.0, 0.0, 0.0, 0.0, 0.340603, 0.036493, 0.0]",mock_generator
1001004,MOCK-REFINE-050,refinery_bf,Belgium,282.9,539,10,"[0, 0, 4, 0, 0, 0, 0, 0, 5, 0, 17, 0, 0, 0, 4, 0, 0, 0, 0, 372, 0, 0, 0, 0, 0, 0, 0, 0, 0, 0, 0, 21, 3, 0, 0, 0, 0, 0, 0, 0, 0, 0, 0, 3, 0, 0, 0, 0, 0, 103, 7, 0]","[0.0, 0.0, 0.010333, 0.0, 0.0, 0.0, 0.0, 0.0, 0.012917, 0.0, 0.043916, 0.0, 0.0, 0.0, 0.010333, 0.0, 0.0, 0.0, 0.0, 0.96099, 0.0, 0.0, 0.0, 0.0, 0.0, 0.0, 0.0, 0.0, 0.0, 0.0, 0.0, 0.054249, 0.00775, 0.0, 0.0, 0.0, 0.0, 0.0, 0.0, 0.0, 0.0, 0.0, 0.0, 0.00775, 0.0, 0.0, 0.0, 0.0, 0.0, 0.266081, 0.018083, 0.0]",mock_generator
1001025,MOCK-REFINE-051,refinery_bf,Belgium,288.7,407,11,"[0, 0, 1, 0, 0, 0, 0, 0, 10, 0, 36, 0, 0, 0, 4, 0, 0, 0, 2, 206, 0, 0, 0, 0, 0, 0, 0, 0, 0, 0, 0, 31, 2, 0, 0, 0, 0, 0, 0, 0, 0, 0, 0, 6, 0, 0, 0, 0, 0, 106, 3, 0]","[0.0, 0.0, 0.004222, 0.0, 0.0, 0.0, 0.0, 0.0, 0.04222, 0.0, 0.151993, 0.0, 0.0, 0.0, 0.016888, 0.0, 0.0, 0.0, 0.008444, 0.86974, 0.0, 0.0, 0.0, 0.0, 0.0, 0.0, 0.0, 0.0, 0.0, 0.0, 0.0, 0.130883, 0.008444, 0.0, 0.0, 0.0, 0.0, 0.0, 0.0, 0.0, 0.0, 0.0, 0.0, 0.025332, 0.0, 0.0, 0.0, 0.0, 0.0, 0.447536, 0.012666, 0.0]",mock_generator
1001061,MOCK-REFINE-052,refinery_bf,Singapore,131.6,398,11,"[0, 0, 1, 0, 0, 0, 0, 0, 3, 0, 13, 0, 0, 0, 1, 0, 0, 0, 1, 210, 0, 0, 0, 0, 0, 0, 0, 0, 0, 0, 0, 33, 1, 0, 0, 0, 0, 0, 0, 0, 0, 0, 0, 4, 0, 0, 0, 0, 0, 125, 6, 0]","[0.0, 0.0, 0.004047, 0.0, 0.0, 0.0, 0.0, 0.0, 0.012142, 0.0, 0.052615, 0.0, 0.0, 0.0, 0.004047, 0.0, 0.0, 0.0, 0.004047, 0.849931, 0.0, 0.0, 0.0, 0.0, 0.0, 0.0, 0.0, 0.0, 0.0, 0.0, 0.0, 0.133561, 0.004047, 0.0, 0.0, 0.0, 0.0, 0.0, 0.0, 0.0, 0.0, 0.0, 0.0, 0.016189, 0.0, 0.0, 0.0, 0.0, 0.0, 0.505911, 0.024284, 0.0]",mock_generator
1001081,MOCK-REFINE-053,refinery_bf,Belgium,260.8,465,11,"[0, 0, 2, 0, 0, 0, 0, 0, 10, 0, 30, 0, 0, 0, 5, 0, 0, 0, 5, 228, 0, 0, 0, 0, 0, 0, 0, 0, 0, 0, 0, 18, 4, 0, 0, 0, 0, 0, 0, 0, 0, 0, 0, 6, 0, 0, 0, 0, 0, 151, 6, 0]","[0.0, 0.0, 0.007243, 0.0, 0.0, 0.0, 0.0, 0.0, 0.036214, 0.0, 0.108642, 0.0, 0.0, 0.0, 0.018107, 0.0, 0.0, 0.0, 0.018107, 0.825681, 0.0, 0.0, 0.0, 0.0, 0.0, 0.0, 0.0, 0.0, 0.0, 0.0, 0.0, 0.065185, 0.014486, 0.0, 0.0, 0.0, 0.0, 0.0, 0.0, 0.0, 0.0, 0.0, 0.0, 0.021728, 0.0, 0.0, 0.0, 0.0, 0.0, 0.546832, 0.021728, 0.0]",mock_generator
1001106,MOCK-REFINE-054,refinery_bf,Canada,43.1,226,11,"[0, 0, 2, 0, 0, 0, 0, 0, 6, 0, 12, 0, 0, 0, 2, 0, 0, 0, 1, 132, 0, 0, 0, 0, 0, 0, 0, 0, 0, 0, 0, 15, 1, 0, 0, 0, 0, 0, 0, 0, 0, 0, 0, 3, 0, 0, 0, 0, 0, 47, 5, 0]","[0.0, 0.0, 0.014113, 0.0, 0.0, 0.0, 0.0, 0.0, 0.04234, 0.0, 0.084679, 0.0, 0.0, 0.0, 0.014113, 0.0, 0.0, 0.0, 0.007057, 0.931473, 0.0, 0.0, 0.0, 0.0, 0.0, 0.0, 0.0, 0.0, 0.0, 0.0, 0.0, 0.105849, 0.007057, 0.0, 0.0, 0.0, 0.0, 0.0, 0.0, 0.0, 0.0, 0.0, 0.0, 0.02117, 0.0, 0.0, 0.0, 0.0, 0.0, 0.331661, 0.035283, 0.0]",mock_generator
1001135,MOCK-REFINE-055,refinery_bf,United Kingdom,109.7,255,10,"[0, 0, 1, 0, 0, 0, 0, 0, 3, 0, 9, 0, 0, 0, 2, 0, 0, 0, 0, 119, 0, 0, 0, 0, 0, 0, 0, 0, 0, 0, 0, 24, 1, 0, 0, 0, 0, 0, 0, 0, 0, 0, 0, 1, 0, 0, 0, 0, 0, 90, 5, 0]","[0.0, 0.0, 0.0066, 0.0, 0.0, 0.0, 0.0, 0.0, 0.019799, 0.0, 0.059397, 0.0, 0.0, 0.0, 0.013199, 0.0, 0.0, 0.0, 0.0, 0.785363, 0.0, 0.0, 0.0, 0.0, 0.0, 0.0, 0.0, 0.0, 0.0, 0.0, 0.0, 0.158393, 0.0066, 0.0, 0.0, 0.0, 0.0, 0.0, 0.0, 0.0, 0.0, 0.0, 0.0, 0.0066, 0.0, 0.0, 0.0, 0.0, 0.0, 0.593972, 0.032998, 0.0]",mock_generator
1001161,MOCK-REFINE-056,refinery_bf,Australia,521.2,764,11,"[0, 0, 3, 0, 0, 0, 0, 0, 13, 0, 46, 0, 0, 0, 5, 0, 0, 0, 6, 433, 0, 0, 0, 0, 0, 0, 0, 0, 0, 0, 0, 55, 3, 0, 0, 0, 0, 0, 0, 0, 0, 0, 0, 4, 0, 0, 0, 0, 0, 189, 7, 0]","[0.0, 0.0, 0.006274, 0.0, 0.0, 0.0, 0.0, 0.0, 0.027186, 0.0, 0.096196, 0.0, 0.0, 0.0, 0.010456, 0.0, 0.0, 0.0, 0.012547, 0.905501, 0.0, 0.0, 0.0, 0.0, 0.0, 0.0, 0.0, 0.0, 0.0, 0.0, 0.0, 0.115017, 0.006274, 0.0, 0.0, 0.0, 0.0, 0.0, 0.0, 0.0, 0.0, 0.0, 0.0, 0.008365, 0.0, 0.0, 0.0, 0.0, 0.0, 0.395242, 0.014639, 0.0]",mock_generator
1001180,MOCK-REFINE-057,refinery_bf,Belgium,13.2,124,8,"[0, 0, 1, 0, 0, 0, 0, 0, 2, 0, 4, 0, 0, 0, 0, 0, 0, 0, 0, 83, 0, 0, 0, 0, 0, 0, 0, 0, 0, 0, 0, 3, 0, 0, 0, 0, 0, 0, 0, 0, 0, 0, 0, 1, 0, 0, 0, 0, 0, 28, 2, 0]","[0.0, 0.0, 0.01139, 0.0, 0.0, 0.0, 0.0, 0.0, 0.02278, 0.0, 0.045561, 0.0, 0.0, 0.0, 0.0, 0.0, 0.0, 0.0, 0.0, 0.945382, 0.0, 0.0, 0.0, 0.0, 0.0, 0.0, 0.0, 0.0, 0.0, 0.0, 0.0, 0.03417, 0.0, 0.0, 0.0, 0.0, 0.0, 0.0, 0.0, 0.0, 0.0, 0.0, 0.0, 0.01139, 0.0, 0.0, 0.0, 0.0, 0.0, 0.318924, 0.02278, 0.0]",mock_generator
1001193,MOCK-REFINE-058,refinery_bf,United Kingdom,458.5,608,11,"[0, 0, 4, 0, 0, 0, 0, 0, 15, 0, 41, 0, 0, 0, 5, 0, 0, 0, 4, 335, 0, 0, 0, 0, 0, 0, 0, 0, 0, 0, 0, 52, 3, 0, 0, 0, 0, 0, 0, 0, 0, 0, 0, 8, 0, 0, 0, 0, 0, 132, 9, 0]","[0.0, 0.0, 0.010908, 0.0, 0.0, 0.0, 0.0, 0.0, 0.040905, 0.0, 0.111808, 0.0, 0.0, 0.0, 0.013635, 0.0, 0.0, 0.0, 0.010908, 0.91355, 0.0, 0.0, 0.0, 0.0, 0.0, 0.0, 0.0, 0.0, 0.0, 0.0, 0.0, 0.141805, 0.008181, 0.0, 0.0, 0.0, 0.0, 0.0, 0.0, 0.0, 0.0, 0.0, 0.0, 0.021816, 0.0, 0.0, 0.0, 0.0, 0.0, 0.359966, 0.024543, 0.0]",mock_generator
1001220,MOCK-REFINE-059,refinery_bf,Canada,19.1,123,7,"[0, 0, 0, 0, 0, 0, 0, 0, 2, 0, 5, 0, 0, 0, 0, 0, 0, 0, 0, 50, 0, 0, 0, 0, 0, 0, 0, 0, 0, 0, 0, 10, 0, 0, 0, 0, 0, 0, 0, 0, 0, 0, 0, 1, 0, 0, 0, 0, 0, 53, 2, 0]","[0.0, 0.0, 0.0, 0.0, 0.0, 0.0, 0.0, 0.0, 0.027109, 0.0, 0.067772, 0.0, 0.0, 0.0, 0.0, 0.0, 0.0, 0.0, 0.0, 0.677721, 0.0, 0.0, 0.0, 0.0, 0.0, 0.0, 0.0, 0.0, 0.0, 0.0, 0.0, 0.135544, 0.0, 0.0, 0.0, 0.0, 0.0, 0.0, 0.0, 0.0, 0.0, 0.0, 0.0, 0.013554, 0.0, 0.0, 0.0, 0.0, 0.0, 0.718384, 0.027109, 0.0]",mock_generator
1001247,MOCK-REFINE-060,refinery_bf,Australia,81.2,306,10,"[0, 0, 1, 0, 0, 0, 0, 0, 4, 0, 12, 0, 0, 0, 1, 0, 0, 0, 2, 179, 0, 0, 0, 0, 0, 0, 0, 0, 0, 0, 0, 0, 2, 0, 0, 0, 0, 0, 0, 0, 0, 0, 0, 2, 0, 0, 0, 0, 0, 99, 4, 0]","[0.0, 0.0, 0.004878, 0.0, 0.0, 0.0, 0.0, 0.0, 0.019511, 0.0, 0.058532, 0.0, 0.0, 0.0, 0.004878, 0.0, 0.0, 0.0, 0.009755, 0.873098, 0.0, 0.0, 0.0, 0.0, 0.0, 0.0, 0.0, 0.0, 0.0, 0.0, 0.0, 0.0, 0.009755, 0.0, 0.0, 0.0, 0.0, 0.0, 0.0, 0.0, 0.0, 0.0, 0.0, 0.009755, 0.0, 0.0, 0.0, 0.0, 0.0, 0.482887, 0.019511, 0.0]",mock_generator
1001259,MOCK-REFINE-061,refinery_bf,Belgium,32.3,179,10,"[0, 0, 1, 0, 0, 0, 0, 0, 7, 0, 8, 0, 0, 0, 2, 0, 0, 0, 1, 136, 0, 0, 0, 0, 0, 0, 0, 0, 0, 0, 0, 4, 0, 0, 0, 0, 0, 0, 0, 0, 0, 0, 0, 2, 0, 0, 0, 0, 0, 17, 1, 0]","[0.0, 0.0, 0.007269, 0.0, 0.0, 0.0, 0.0, 0.0, 0.050884, 0.0, 0.058153, 0.0, 0.0, 0.0, 0.014538, 0.0, 0.0, 0.0, 0.007269, 0.988601, 0.0, 0.0, 0.0, 0.0, 0.0, 0.0, 0.0, 0.0, 0.0, 0.0, 0.0, 0.029076, 0.0, 0.0, 0.0, 0.0, 0.0, 0.0, 0.0, 0.0, 0.0, 0.0, 0.0, 0.014538, 0.0, 0.0, 0.0, 0.0, 0.0, 0.123575, 0.007269, 0.0]",mock_generator
1001271,MOCK-REFINE-062,refinery_bf,Australia,727.2,975,11,"[0, 0, 5, 0, 0, 0, 0, 0, 15, 0, 41, 0, 0, 0, 9, 0, 0, 0, 2, 783, 0, 0, 0, 0, 0, 0, 0, 0, 0, 0, 0, 63, 7, 0, 0, 0, 0, 0, 0, 0, 0, 0, 0, 9, 0, 0, 0, 0, 0, 32, 9, 0]","[0.0, 0.0, 0.006348, 0.0, 0.0, 0.0, 0.0, 0.0, 0.019045, 0.0, 0.052057, 0.0, 0.0, 0.0, 0.011427, 0.0, 0.0, 0.0, 0.002539, 0.994163, 0.0, 0.0, 0.0, 0.0, 0.0, 0.0, 0.0, 0.0, 0.0, 0.0, 0.0, 0.07999, 0.008888, 0.0, 0.0, 0.0, 0.0, 0.0, 0.0, 0.0, 0.0, 0.0, 0.0, 0.011427, 0.0, 0.0, 0.0, 0.0, 0.0, 0.04063, 0.011427, 0.0]",mock_generator
1001289,MOCK-REFINE-063,refinery_bf,United States,51.6,228,10,"[0, 0, 2, 0, 0, 0, 0, 0, 3, 0, 15, 0, 0, 0, 1, 0, 0, 0, 1, 108, 0, 0, 0, 0, 0, 0, 0, 0, 0, 0, 0, 15, 0, 0, 0, 0, 0, 0, 0, 0, 0, 0, 0, 3, 0, 0, 0, 0, 0, 78, 2, 0]","[0.0, 0.0, 0.014814, 0.0, 0.0, 0.0, 0.0, 0.0, 0.022222, 0.0, 0.111108, 0.0, 0.0, 0.0, 0.007407, 0.0, 0.0, 0.0, 0.007407, 0.799978, 0.0, 0.0, 0.0, 0.0, 0.0, 0.0, 0.0, 0.0, 0.0, 0.0, 0.0, 0.111108, 0.0, 0.0, 0.0, 0.0, 0.0, 0.0, 0.0, 0.0, 0.0, 0.0, 0.0, 0.022222, 0.0, 0.0, 0.0, 0.0, 0.0, 0.577762, 0.014814, 0.0]",mock_generator
1001307,MOCK-REFINE-064,refinery_bf,United States,26.8,135,9,"[0, 0, 0, 0, 0, 0, 0, 0, 3, 0, 11, 0, 0, 0, 2, 0, 0, 0, 1, 68, 0, 0, 0, 0, 0, 0, 0, 0, 0, 0, 0, 8, 1, 0, 0, 0, 0, 0, 0, 0, 0, 0, 0, 0, 0, 0, 0, 0, 0, 38, 3, 0]","[0.0, 0.0, 0.0, 0.0, 0.0, 0.0, 0.0, 0.0, 0.037866, 0.0, 0.138841, 0.0, 0.0, 0.0, 0.025244, 0.0, 0.0, 0.0, 0.012622, 0.858288, 0.0, 0.0, 0.0, 0.0, 0.0, 0.0, 0.0, 0.0, 0.0, 0.0, 0.0, 0.100975, 0.012622, 0.0, 0.0, 0.0, 0.0, 0.0, 0.0, 0.0, 0.0, 0.0, 0.0, 0.0, 0.0, 0.0, 0.0, 0.0, 0.0, 0.479631, 0.037866, 0.0]",mock_generator
1001327,MOCK-REFINE-065,refinery_bf,United States,14.9,127,9,"[0, 0, 0, 0, 0, 0, 0, 0, 1, 0, 7, 0, 0, 0, 3, 0, 0, 0, 0, 73, 0, 0, 0, 0, 0, 0, 0, 0, 0, 0, 0, 5, 1, 0, 0, 0, 0, 0, 0, 0, 0, 0, 0, 1, 0, 0, 0, 0, 0, 34, 2, 0]","[0.0, 0.0, 0.0, 0.0, 0.0, 0.0, 0.0, 0.0, 0.012333, 0.0, 0.086328, 0.0, 0.0, 0.0, 0.036998, 0.0, 0.0, 0.0, 0.0, 0.900275, 0.0, 0.0, 0.0, 0.0, 0.0, 0.0, 0.0, 0.0, 0.0, 0.0, 0.0, 0.061663, 0.012333, 0.0, 0.0, 0.0, 0.0, 0.0, 0.0, 0.0, 0.0, 0.0, 0.0, 0.012333, 0.0, 0.0, 0.0, 0.0, 0.0, 0.419306, 0.024665, 0.0]",mock_generator
1001358,MOCK-REFINE-066,refinery_bf,Canada,75.8,369,10,"[0, 0, 0, 0, 0, 0, 0, 0, 1, 0, 12, 0, 0, 0, 2, 0, 0, 0, 1, 264, 0, 0, 0, 0, 0, 0, 0, 0, 0, 0, 0, 19, 3, 0, 0, 0, 0, 0, 0, 0, 0, 0, 0, 4, 0, 0, 0, 0, 0, 60, 3, 0]","[0.0, 0.0, 0.0, 0.0, 0.0, 0.0, 0.0, 0.0, 0.00368, 0.0, 0.04416, 0.0, 0.0, 0.0, 0.00736, 0.0, 0.0, 0.0, 0.00368, 0.971528, 0.0, 0.0, 0.0, 0.0, 0.0, 0.0, 0.0, 0.0, 0.0, 0.0, 0.0, 0.069921, 0.01104, 0.0, 0.0, 0.0, 0.0, 0.0, 0.0, 0.0, 0.0, 0.0, 0.0, 0.01472, 0.0, 0.0, 0.0, 0.0, 0.0, 0.220802, 0.01104, 0.0]",mock_generator
1001368,MOCK-REFINE-067,refinery_bf,Australia,121.0,358,9,"[0, 0, 0, 0, 0, 0, 0, 0, 7, 0, 14, 0, 0, 0, 0, 0, 0, 0, 3, 262, 0, 0, 0, 0, 0, 0, 0, 0, 0, 0, 0, 15, 3, 0, 0, 0, 0, 0, 0, 0, 0, 0, 0, 2, 0, 0, 0, 0, 0, 47, 5, 0]","[0.0, 0.0, 0.0, 0.0, 0.0, 0.0, 0.0, 0.0, 0.026202, 0.0, 0.052405, 0.0, 0.0, 0.0, 0.0, 0.0, 0.0, 0.0, 0.01123, 0.980716, 0.0, 0.0, 0.0, 0.0, 0.0, 0.0, 0.0, 0.0, 0.0, 0.0, 0.0, 0.056148, 0.01123, 0.0, 0.0, 0.0, 0.0, 0.0, 0.0, 0.0, 0.0, 0.0, 0.0, 0.007486, 0.0, 0.0, 0.0, 0.0, 0.0, 0.17593, 0.018716, 0.0]",mock_generator
1001387,MOCK-REFINE-068,refinery_bf,Belgium,80.6,255,11,"[0, 0, 2, 0, 0, 0, 0, 0, 3, 0, 17, 0, 0, 0, 1, 0, 0, 0, 1, 133, 0, 0, 0, 0, 0, 0, 0, 0, 0, 0, 0, 16, 2, 0, 0, 0, 0, 0, 0, 0, 0, 0, 0, 1, 0, 0, 0, 0, 0, 74, 5, 0]","[0.0, 0.0, 0.012976, 0.0, 0.0, 0.0, 0.0, 0.0, 0.019465, 0.0, 0.110299, 0.0, 0.0, 0.0, 0.006488, 0.0, 0.0, 0.0, 0.006488, 0.862927, 0.0, 0.0, 0.0, 0.0, 0.0, 0.0, 0.0, 0.0, 0.0, 0.0, 0.0, 0.103811, 0.012976, 0.0, 0.0, 0.0, 0.0, 0.0, 0.0, 0.0, 0.0, 0.0, 0.0, 0.006488, 0.0, 0.0, 0.0, 0.0, 0.0, 0.480125, 0.032441, 0.0]",mock_generator
1001411,MOCK-REFINE-069,refinery_bf,United Kingdom,151.0,486,10,"[0, 0, 0, 0, 0, 0, 0, 0, 1, 0, 24, 0, 0, 0, 3, 0, 0, 0, 1, 244, 0, 0, 0, 0, 0, 0, 0, 0, 0, 0, 0, 20, 3, 0, 0, 0, 0, 0, 0, 0, 0, 0, 0, 4, 0, 0, 0, 0, 0, 181, 5, 0]","[0.0, 0.0, 0.0, 0.0, 0.0, 0.0, 0.0, 0.0, 0.003273, 0.0, 0.078558, 0.0, 0.0, 0.0, 0.00982, 0.0, 0.0, 0.0, 0.003273, 0.798675, 0.0, 0.0, 0.0, 0.0, 0.0, 0.0, 0.0, 0.0, 0.0, 0.0, 0.0, 0.065465, 0.00982, 0.0, 0.0, 0.0, 0.0, 0.0, 0.0, 0.0, 0.0, 0.0, 0.0, 0.013093, 0.0, 0.0, 0.0, 0.0, 0.0, 0.592459, 0.016366, 0.0]",mock_generator
1001435,MOCK-REFINE-070,refinery_bf,Canada,162.7,407,11,"[0, 0, 1, 0, 0, 0, 0, 0, 13, 0, 18, 0, 0, 0, 3, 0, 0, 0, 3, 180, 0, 0, 0, 0, 0, 0, 0, 0, 0, 0, 0, 29, 3, 0, 0, 0, 0, 0, 0, 0, 0, 0, 0, 2, 0, 0, 0, 0, 0, 149, 6, 0]","[0.0, 0.0, 0.004226, 0.0, 0.0, 0.0, 0.0, 0.0, 0.054934, 0.0, 0.076062, 0.0, 0.0, 0.0, 0.012677, 0.0, 0.0, 0.0, 0.012677, 0.760618, 0.0, 0.0, 0.0, 0.0, 0.0, 0.0, 0.0, 0.0, 0.0, 0.0, 0.0, 0.122544, 0.012677, 0.0, 0.0, 0.0, 0.0, 0.0, 0.0, 0.0, 0.0, 0.0, 0.0, 0.008451, 0.0, 0.0, 0.0, 0.0, 0.0, 0.629623, 0.025354, 0.0]",mock_generator
1001458,MOCK-REFINE-071,refinery_bf,Singapore,161.9,391,10,"[0, 0, 3, 0, 0, 0, 0, 0, 4, 0, 5, 0, 0, 0, 4, 0, 0, 0, 0, 256, 0, 0, 0, 0, 0, 0, 0, 0, 0, 0, 0, 10, 2, 0, 0, 0, 0, 0, 0, 0, 0, 0, 0, 4, 0, 0, 0, 0, 0, 93, 10, 0]","[0.0, 0.0, 0.010993, 0.0, 0.0, 0.0, 0.0, 0.0, 0.014658, 0.0, 0.018322, 0.0, 0.0, 0.0, 0.014658, 0.0, 0.0, 0.0, 0.0, 0.938094, 0.0, 0.0, 0.0, 0.0, 0.0, 0.0, 0.0, 0.0, 0.0, 0.0, 0.0, 0.036644, 0.007329, 0.0, 0.0, 0.0, 0.0, 0.0, 0.0, 0.0, 0.0, 0.0, 0.0, 0.014658, 0.0, 0.0, 0.0, 0.0, 0.0, 0.340792, 0.036644, 0.0]",mock_generator
1001479,MOCK-REFINE-072,refinery_bf,Belgium,93.7,403,11,"[0, 0, 3, 0, 0, 0, 0, 0, 6, 0, 14, 0, 0, 0, 4, 0, 0, 0, 2, 227, 0, 0, 0, 0, 0, 0, 0, 0, 0, 0, 0, 28, 1, 0, 0, 0, 0, 0, 0, 0, 0, 0, 0, 3, 0, 0, 0, 0, 0, 111, 4, 0]","[0.0, 0.0, 0.011774, 0.0, 0.0, 0.0, 0.0, 0.0, 0.023548, 0.0, 0.054946, 0.0, 0.0, 0.0, 0.015699, 0.0, 0.0, 0.0, 0.007849, 0.890909, 0.0, 0.0, 0.0, 0.0, 0.0, 0.0, 0.0, 0.0, 0.0, 0.0, 0.0, 0.109892, 0.003925, 0.0, 0.0, 0.0, 0.0, 0.0, 0.0, 0.0, 0.0, 0.0, 0.0, 0.011774, 0.0, 0.0, 0.0, 0.0, 0.0, 0.435643, 0.015699, 0.0]",mock_generator
1001508,MOCK-REFINE-073,refinery_bf,Belgium,43.1,237,9,"[0, 0, 1, 0, 0, 0, 0, 0, 9, 0, 18, 0, 0, 0, 2, 0, 0, 0, 0, 101, 0, 0, 0, 0, 0, 0, 0, 0, 0, 0, 0, 11, 0, 0, 0, 0, 0, 0, 0, 0, 0, 0, 0, 2, 0, 0, 0, 0, 0, 90, 3, 0]","[0.0, 0.0, 0.007285, 0.0, 0.0, 0.0, 0.0, 0.0, 0.065561, 0.0, 0.131122, 0.0, 0.0, 0.0, 0.014569, 0.0, 0.0, 0.0, 0.0, 0.735738, 0.0, 0.0, 0.0, 0.0, 0.0, 0.0, 0.0, 0.0, 0.0, 0.0, 0.0, 0.08013, 0.0, 0.0, 0.0, 0.0, 0.0, 0.0, 0.0, 0.0, 0.0, 0.0, 0.0, 0.014569, 0.0, 0.0, 0.0, 0.0, 0.0, 0.655608, 0.021854, 0.0]",mock_generator
1001542,MOCK-REFINE-074,refinery_bf,Australia,94.9,385,11,"[0, 0, 2, 0, 0, 0, 0, 0, 8, 0, 21, 0, 0, 0, 2, 0, 0, 0, 2, 239, 0, 0, 0, 0, 0, 0, 0, 0, 0, 0, 0, 28, 2, 0, 0, 0, 0, 0, 0, 0, 0, 0, 0, 1, 0, 0, 0, 0, 0, 76, 4, 0]","[0.0, 0.0, 0.007892, 0.0, 0.0, 0.0, 0.0, 0.0, 0.031569, 0.0, 0.082868, 0.0, 0.0, 0.0, 0.007892, 0.0, 0.0, 0.0, 0.007892, 0.943118, 0.0, 0.0, 0.0, 0.0, 0.0, 0.0, 0.0, 0.0, 0.0, 0.0, 0.0, 0.110491, 0.007892, 0.0, 0.0, 0.0, 0.0, 0.0, 0.0, 0.0, 0.0, 0.0, 0.0, 0.003946, 0.0, 0.0, 0.0, 0.0, 0.0, 0.299904, 0.015784, 0.0]",mock_generator
1001578,MOCK-REFINE-075,refinery_bf,United States,359.9,655,11,"[0, 0, 2, 0, 0, 0, 0, 0, 11, 0, 20, 0, 0, 0, 3, 0, 0, 0, 2, 345, 0, 0, 0, 0, 0, 0, 0, 0, 0, 0, 0, 26, 3, 0, 0, 0, 0, 0, 0, 0, 0, 0, 0, 3, 0, 0, 0, 0, 0, 231, 9, 0]","[0.0, 0.0, 0.004799, 0.0, 0.0, 0.0, 0.0, 0.0, 0.026393, 0.0, 0.047988, 0.0, 0.0, 0.0, 0.007198, 0.0, 0.0, 0.0, 0.004799, 0.82779, 0.0, 0.0, 0.0, 0.0, 0.0, 0.0, 0.0, 0.0, 0.0, 0.0, 0.0, 0.062384, 0.007198, 0.0, 0.0, 0.0, 0.0, 0.0, 0.0, 0.0, 0.0, 0.0, 0.0, 0.007198, 0.0, 0.0, 0.0, 0.0, 0.0, 0.55426, 0.021595, 0.0]",mock_generator
1001598,MOCK-REFINE-076,refinery_bf,United Kingdom,619.9,1038,10,"[0, 0, 3, 0, 0, 0, 0, 0, 18, 0, 14, 0, 0, 0, 4, 0, 0, 0, 0, 695, 0, 0, 0, 0, 0, 0, 0, 0, 0, 0, 0, 59, 5, 0, 0, 0, 0, 0, 0, 0, 0, 0, 0, 4, 0, 0, 0, 0, 0, 220, 16, 0]","[0.0, 0.0, 0.004099, 0.0, 0.0, 0.0, 0.0, 0.0, 0.024592, 0.0, 0.019127, 0.0, 0.0, 0.0, 0.005465, 0.0, 0.0, 0.0, 0.0, 0.949521, 0.0, 0.0, 0.0, 0.0, 0.0, 0.0, 0.0, 0.0, 0.0, 0.0, 0.0, 0.080607, 0.006831, 0.0, 0.0, 0.0, 0.0, 0.0, 0.0, 0.0, 0.0, 0.0, 0.0, 0.005465, 0.0, 0.0, 0.0, 0.0, 0.0, 0.300568, 0.021859, 0.0]",mock_generator
1001628,MOCK-REFINE-077,refinery_bf,United Kingdom,13.1,121,10,"[0, 0, 0, 0, 0, 0, 0, 0, 1, 0, 4, 0, 0, 0, 2, 0, 0, 0, 1, 83, 0, 0, 0, 0, 0, 0, 0, 0, 0, 0, 0, 10, 1, 0, 0, 0, 0, 0, 0, 0, 0, 0, 0, 1, 0, 0, 0, 0, 0, 17, 1, 0]","[0.0, 0.0, 0.0, 0.0, 0.0, 0.0, 0.0, 0.0, 0.011702, 0.0, 0.046807, 0.0, 0.0, 0.0, 0.023403, 0.0, 0.0, 0.0, 0.011702, 0.971242, 0.0, 0.0, 0.0, 0.0, 0.0, 0.0, 0.0, 0.0, 0.0, 0.0, 0.0, 0.117017, 0.011702, 0.0, 0.0, 0.0, 0.0, 0.0, 0.0, 0.0, 0.0, 0.0, 0.0, 0.011702, 0.0, 0.0, 0.0, 0.0, 0.0, 0.198929, 0.011702, 0.0]",mock_generator
1001645,MOCK-REFINE-078,refinery_bf,Australia,111.0,343,9,"[0, 0, 0, 0, 0, 0, 0, 0, 5, 0, 15, 0, 0, 0, 2, 0, 0, 0, 1, 177, 0, 0, 0, 0, 0, 0, 0, 0, 0, 0, 0, 24, 0, 0, 0, 0, 0, 0, 0, 0, 0, 0, 0, 4, 0, 0, 0, 0, 0, 108, 7, 0]","[0.0, 0.0, 0.0, 0.0, 0.0, 0.0, 0.0, 0.0, 0.023867, 0.0, 0.0716, 0.0, 0.0, 0.0, 0.009547, 0.0, 0.0, 0.0, 0.004773, 0.844881, 0.0, 0.0, 0.0, 0.0, 0.0, 0.0, 0.0, 0.0, 0.0, 0.0, 0.0, 0.11456, 0.0, 0.0, 0.0, 0.0, 0.0, 0.0, 0.0, 0.0, 0.0, 0.0, 0.0, 0.019093, 0.0, 0.0, 0.0, 0.0, 0.0, 0.51552, 0.033413, 0.0]",mock_generator
1001678,MOCK-REFINE-079,refinery_bf,United Kingdom,608.2,942,11,"[0, 0, 2, 0, 0, 0, 0, 0, 13, 0, 31, 0, 0, 0, 6, 0, 0, 0, 4, 507, 0, 0, 0, 0, 0, 0, 0, 0, 0, 0, 0, 80, 3, 0, 0, 0, 0, 0, 0, 0, 0, 0, 0, 5, 0, 0, 0, 0, 0, 287, 4, 0]","[0.0, 0.0, 0.003395, 0.0, 0.0, 0.0, 0.0, 0.0, 0.022067, 0.0, 0.052621, 0.0, 0.0, 0.0, 0.010185, 0.0, 0.0, 0.0, 0.00679, 0.860616, 0.0, 0.0, 0.0, 0.0, 0.0, 0.0, 0.0, 0.0, 0.0, 0.0, 0.0, 0.135797, 0.005092, 0.0, 0.0, 0.0, 0.0, 0.0, 0.0, 0.0, 0.0, 0.0, 0.0, 0.008487, 0.0, 0.0, 0.0, 0.0, 0.0, 0.487173, 0.00679, 0.0]",mock_generator
1001688,MOCK-REFINE-080,refinery_bf,Australia,78.7,293,11,"[0, 0, 1, 0, 0, 0, 0, 0, 4, 0, 11, 0, 0, 0, 2, 0, 0, 0, 1, 178, 0, 0, 0, 0, 0, 0, 0, 0, 0, 0, 0, 16, 2, 0, 0, 0, 0, 0, 0, 0, 0, 0, 0, 5, 0, 0, 0, 0, 0, 71, 2, 0]","[0.0, 0.0, 0.005188, 0.0, 0.0, 0.0, 0.0, 0.0, 0.020751, 0.0, 0.057065, 0.0, 0.0, 0.0, 0.010376, 0.0, 0.0, 0.0, 0.005188, 0.923421, 0.0, 0.0, 0.0, 0.0, 0.0, 0.0, 0.0, 0.0, 0.0, 0.0, 0.0, 0.083004, 0.010376, 0.0, 0.0, 0.0, 0.0, 0.0, 0.0, 0.0, 0.0, 0.0, 0.0, 0.025939, 0.0, 0.0, 0.0, 0.0, 0.0, 0.368331, 0.010376, 0.0]",mock_generator
1001689,MOCK-REFINE-081,refinery_bf,United States,859.2,1150,10,"[0, 0, 4, 0, 0, 0, 0, 0, 18, 0, 55, 0, 0, 0, 4, 0, 0, 0, 4, 714, 0, 0, 0, 0, 0, 0, 0, 0, 0, 0, 0, 103, 4, 0, 0, 0, 0, 0, 0, 0, 0, 0, 0, 0, 0, 0, 0, 0, 0, 231, 13, 0]","[0.0, 0.0, 0.005264, 0.0, 0.0, 0.0, 0.0, 0.0, 0.023689, 0.0, 0.072384, 0.0, 0.0, 0.0, 0.005264, 0.0, 0.0, 0.0, 0.005264, 0.939679, 0.0, 0.0, 0.0, 0.0, 0.0, 0.0, 0.0, 0.0, 0.0, 0.0, 0.0, 0.135556, 0.005264, 0.0, 0.0, 0.0, 0.0, 0.0, 0.0, 0.0, 0.0, 0.0, 0.0, 0.0, 0.0, 0.0, 0.0, 0.0, 0.0, 0.304014, 0.017109, 0.0]",mock_generator
1001713,MOCK-REFINE-082,refinery_bf,United States,104.0,415,10,"[0, 0, 1, 0, 0, 0, 0, 0, 6, 0, 37, 0, 0, 0, 3, 0, 0, 0, 0, 238, 0, 0, 0, 0, 0, 0, 0, 0, 0, 0, 0, 13, 1, 0, 0, 0, 0, 0, 0, 0, 0, 0, 0, 2, 0, 0, 0, 0, 0, 112, 2, 0]","[0.0, 0.0, 0.003759, 0.0, 0.0, 0.0, 0.0, 0.0, 0.022552, 0.0, 0.139073, 0.0, 0.0, 0.0, 0.011276, 0.0, 0.0, 0.0, 0.0, 0.894579, 0.0, 0.0, 0.0, 0.0, 0.0, 0.0, 0.0, 0.0, 0.0, 0.0, 0.0, 0.048864, 0.003759, 0.0, 0.0, 0.0, 0.0, 0.0, 0.0, 0.0, 0.0, 0.0, 0.0, 0.007517, 0.0, 0.0, 0.0, 0.0, 0.0, 0.420978, 0.007517, 0.0]",mock_generator
1001740,MOCK-REFINE-083,refinery_bf,Australia,442.8,682,11,"[0, 0, 3, 0, 0, 0, 0, 0, 18, 0, 59, 0, 0, 0, 4, 0, 0, 0, 4, 426, 0, 0, 0, 0, 0, 0, 0, 0, 0, 0, 0, 15, 4, 0, 0, 0, 0, 0, 0, 0, 0, 0, 0, 3, 0, 0, 0, 0, 0, 141, 5, 0]","[0.0, 0.0, 0.006618, 0.0, 0.0, 0.0, 0.0, 0.0, 0.039709, 0.0, 0.130158, 0.0, 0.0, 0.0, 0.008824, 0.0, 0.0, 0.0, 0.008824, 0.939782, 0.0, 0.0, 0.0, 0.0, 0.0, 0.0, 0.0, 0.0, 0.0, 0.0, 0.0, 0.033091, 0.008824, 0.0, 0.0, 0.0, 0.0, 0.0, 0.0, 0.0, 0.0, 0.0, 0.0, 0.006618, 0.0, 0.0, 0.0, 0.0, 0.0, 0.311054, 0.01103, 0.0]",mock_generator
1001774,MOCK-REFINE-084,refinery_bf,Belgium,150.5,455,10,"[0, 0, 0, 0, 0, 0, 0, 0, 5, 0, 29, 0, 0, 0, 2, 0, 0, 0, 1, 291, 0, 0, 0, 0, 0, 0, 0, 0, 0, 0, 0, 6, 2, 0, 0, 0, 0, 0, 0, 0, 0, 0, 0, 3, 0, 0, 0, 0, 0, 113, 3, 0]","[0.0, 0.0, 0.0, 0.0, 0.0, 0.0, 0.0, 0.0, 0.015941, 0.0, 0.092458, 0.0, 0.0, 0.0, 0.006376, 0.0, 0.0, 0.0, 0.003188, 0.927773, 0.0, 0.0, 0.0, 0.0, 0.0, 0.0, 0.0, 0.0, 0.0, 0.0, 0.0, 0.019129, 0.006376, 0.0, 0.0, 0.0, 0.0, 0.0, 0.0, 0.0, 0.0, 0.0, 0.0, 0.009565, 0.0, 0.0, 0.0, 0.0, 0.0, 0.360269, 0.009565, 0.0]",mock_generator
1001787,MOCK-REFINE-085,refinery_bf,Canada,1193.1,1395,11,"[0, 0, 4, 0, 0, 0, 0, 0, 11, 0, 60, 0, 0, 0, 8, 0, 0, 0, 3, 778, 0, 0, 0, 0, 0, 0, 0, 0, 0, 0, 0, 41, 6, 0, 0, 0, 0, 0, 0, 0, 0, 0, 0, 4, 0, 0, 0, 0, 0, 468, 12, 0]","[0.0, 0.0, 0.004391, 0.0, 0.0, 0.0, 0.0, 0.0, 0.012074, 0.0, 0.065859, 0.0, 0.0, 0.0, 0.008781, 0.0, 0.0, 0.0, 0.003293, 0.853969, 0.0, 0.0, 0.0, 0.0, 0.0, 0.0, 0.0, 0.0, 0.0, 0.0, 0.0, 0.045003, 0.006586, 0.0, 0.0, 0.0, 0.0, 0.0, 0.0, 0.0, 0.0, 0.0, 0.0, 0.004391, 0.0, 0.0, 0.0, 0.0, 0.0, 0.513698, 0.013172, 0.0]",mock_generator
1001804,MOCK-REFINE-086,refinery_bf,Canada,150.5,296,10,"[0, 0, 2, 0, 0, 0, 0, 0, 9, 0, 16, 0, 0, 0, 1, 0, 0, 0, 2, 195, 0, 0, 0, 0, 0, 0, 0, 0, 0, 0, 0, 21, 1, 0, 0, 0, 0, 0, 0, 0, 0, 0, 0, 0, 0, 0, 0, 0, 0, 44, 5, 0]","[0.0, 0.0, 0.009905, 0.0, 0.0, 0.0, 0.0, 0.0, 0.044571, 0.0, 0.079237, 0.0, 0.0, 0.0, 0.004952, 0.0, 0.0, 0.0, 0.009905, 0.965702, 0.0, 0.0, 0.0, 0.0, 0.0, 0.0, 0.0, 0.0, 0.0, 0.0, 0.0, 0.103999, 0.004952, 0.0, 0.0, 0.0, 0.0, 0.0, 0.0, 0.0, 0.0, 0.0, 0.0, 0.0, 0.0, 0.0, 0.0, 0.0, 0.0, 0.217902, 0.024762, 0.0]",mock_generator
1001830,MOCK-REFINE-087,refinery_bf,Australia,546.3,906,10,"[0, 0, 6, 0, 0, 0, 0, 0, 5, 0, 51, 0, 0, 0, 3, 0, 0, 0, 3, 547, 0, 0, 0, 0, 0, 0, 0, 0, 0, 0, 0, 77, 2, 0, 0, 0, 0, 0, 0, 0, 0, 0, 0, 0, 0, 0, 0, 0, 0, 208, 4, 0]","[0.0, 0.0, 0.010126, 0.0, 0.0, 0.0, 0.0, 0.0, 0.008438, 0.0, 0.08607, 0.0, 0.0, 0.0, 0.005063, 0.0, 0.0, 0.0, 0.005063, 0.923147, 0.0, 0.0, 0.0, 0.0, 0.0, 0.0, 0.0, 0.0, 0.0, 0.0, 0.0, 0.129949, 0.003375, 0.0, 0.0, 0.0, 0.0, 0.0, 0.0, 0.0, 0.0, 0.0, 0.0, 0.0, 0.0, 0.0, 0.0, 0.0, 0.0, 0.351032, 0.006751, 0.0]",mock_generator
1001862,MOCK-REFINE-088,refinery_bf,United Kingdom,162.9,311,10,"[0, 0, 3, 0, 0, 0, 0, 0, 9, 0, 18, 0, 0, 0, 1, 0, 0, 0, 0, 173, 0, 0, 0, 0, 0, 0, 0, 0, 0, 0, 0, 32, 3, 0, 0, 0, 0, 0, 0, 0, 0, 0, 0, 3, 0, 0, 0, 0, 0, 63, 6, 0]","[0.0, 0.0, 0.015947, 0.0, 0.0, 0.0, 0.0, 0.0, 0.047841, 0.0, 0.095681, 0.0, 0.0, 0.0, 0.005316, 0.0, 0.0, 0.0, 0.0, 0.919602, 0.0, 0.0, 0.0, 0.0, 0.0, 0.0, 0.0, 0.0, 0.0, 0.0, 0.0, 0.1701, 0.015947, 0.0, 0.0, 0.0, 0.0, 0.0, 0.0, 0.0, 0.0, 0.0, 0.0, 0.015947, 0.0, 0.0, 0.0, 0.0, 0.0, 0.334884, 0.031894, 0.0]",mock_generator
1001900,MOCK-REFINE-089,refinery_bf,Singapore,20.4,169,9,"[0, 0, 0, 0, 0, 0, 0, 0, 1, 0, 8, 0, 0, 0, 2, 0, 0, 0, 0, 88, 0, 0, 0, 0, 0, 0, 0, 0, 0, 0, 0, 10, 1, 0, 0, 0, 0, 0, 0, 0, 0, 0, 0, 1, 0, 0, 0, 0, 0, 57, 1, 0]","[0.0, 0.0, 0.0, 0.0, 0.0, 0.0, 0.0, 0.0, 0.009464, 0.0, 0.075711, 0.0, 0.0, 0.0, 0.018928, 0.0, 0.0, 0.0, 0.0, 0.832824, 0.0, 0.0, 0.0, 0.0, 0.0, 0.0, 0.0, 0.0, 0.0, 0.0, 0.0, 0.094639, 0.009464, 0.0, 0.0, 0.0, 0.0, 0.0, 0.0, 0.0, 0.0, 0.0, 0.0, 0.009464, 0.0, 0.0, 0.0, 0.0, 0.0, 0.539443, 0.009464, 0.0]",mock_generator
1001934,MOCK-REFINE-090,refinery_bf,United Kingdom,63.0,211,10,"[0, 0, 0, 0, 0, 0, 0, 0, 1, 0, 15, 0, 0, 0, 3, 0, 0, 0, 2, 110, 0, 0, 0, 0, 0, 0, 0, 0, 0, 0, 0, 13, 1, 0, 0, 0, 0, 0, 0, 0, 0, 0, 0, 2, 0, 0, 0, 0, 0, 60, 4, 0]","[0.0, 0.0, 0.0, 0.0, 0.0, 0.0, 0.0, 0.0, 0.007874, 0.0, 0.11811, 0.0, 0.0, 0.0, 0.023622, 0.0, 0.0, 0.0, 0.015748, 0.866142, 0.0, 0.0, 0.0, 0.0, 0.0, 0.0, 0.0, 0.0, 0.0, 0.0, 0.0, 0.102362, 0.007874, 0.0, 0.0, 0.0, 0.0, 0.0, 0.0, 0.0, 0.0, 0.0, 0.0, 0.015748, 0.0, 0.0, 0.0, 0.0, 0.0, 0.472441, 0.031496, 0.0]",mock_generator
1001945,MOCK-REFINE-091,refinery_bf,Australia,14.5,143,8,"[0, 0, 0, 0, 0, 0, 0, 0, 3, 0, 7, 0, 0, 0, 0, 0, 0, 0, 1, 81, 0, 0, 0, 0, 0, 0, 0, 0, 0, 0, 0, 9, 0, 0, 0, 0, 0, 0, 0, 0, 0, 0, 0, 2, 0, 0, 0, 0, 0, 39, 1, 0]","[0.0, 0.0, 0.0, 0.0, 0.0, 0.0, 0.0, 0.0, 0.033075, 0.0, 0.077175, 0.0, 0.0, 0.0, 0.0, 0.0, 0.0, 0.0, 0.011025, 0.893026, 0.0, 0.0, 0.0, 0.0, 0.0, 0.0, 0.0, 0.0, 0.0, 0.0, 0.0, 0.099225, 0.0, 0.0, 0.0, 0.0, 0.0, 0.0, 0.0, 0.0, 0.0, 0.0, 0.0, 0.02205, 0.0, 0.0, 0.0, 0.0, 0.0, 0.429976, 0.011025, 0.0]",mock_generator
1001975,MOCK-REFINE-092,refinery_bf,Singapore,372.6,715,11,"[0, 0, 4, 0, 0, 0, 0, 0, 4, 0, 15, 0, 0, 0, 1, 0, 0, 0, 3, 498, 0, 0, 0, 0, 0, 0, 0, 0, 0, 0, 0, 36, 3, 0, 0, 0, 0, 0, 0, 0, 0, 0, 0, 5, 0, 0, 0, 0, 0, 132, 14, 0]","[0.0, 0.0, 0.007738, 0.0, 0.0, 0.0, 0.0, 0.0, 0.007738, 0.0, 0.029017, 0.0, 0.0, 0.0, 0.001934, 0.0, 0.0, 0.0, 0.005803, 0.963372, 0.0, 0.0, 0.0, 0.0, 0.0, 0.0, 0.0, 0.0, 0.0, 0.0, 0.0, 0.069641, 0.005803, 0.0, 0.0, 0.0, 0.0, 0.0, 0.0, 0.0, 0.0, 0.0, 0.0, 0.009672, 0.0, 0.0, 0.0, 0.0, 0.0, 0.255352, 0.027083, 0.0]",mock_generator
1001979,MOCK-REFINE-093,refinery_bf,Belgium,12.8,153,8,"[0, 0, 1, 0, 0, 0, 0, 0, 2, 0, 7, 0, 0, 0, 1, 0, 0, 0, 0, 108, 0, 0, 0, 0, 0, 0, 0, 0, 0, 0, 0, 4, 1, 0, 0, 0, 0, 0, 0, 0, 0, 0, 0, 0, 0, 0, 0, 0, 0, 29, 0, 0]","[0.0, 0.0, 0.008917, 0.0, 0.0, 0.0, 0.0, 0.0, 0.017834, 0.0, 0.062418, 0.0, 0.0, 0.0, 0.008917, 0.0, 0.0, 0.0, 0.0, 0.96302, 0.0, 0.0, 0.0, 0.0, 0.0, 0.0, 0.0, 0.0, 0.0, 0.0, 0.0, 0.035667, 0.008917, 0.0, 0.0, 0.0, 0.0, 0.0, 0.0, 0.0, 0.0, 0.0, 0.0, 0.0, 0.0, 0.0, 0.0, 0.0, 0.0, 0.258589, 0.0, 0.0]",mock_generator
1002007,MOCK-REFINE-094,refinery_bf,Australia,31.9,185,10,"[0, 0, 1, 0, 0, 0, 0, 0, 4, 0, 8, 0, 0, 0, 1, 0, 0, 0, 1, 122, 0, 0, 0, 0, 0, 0, 0, 0, 0, 0, 0, 8, 3, 0, 0, 0, 0, 0, 0, 0, 0, 0, 0, 0, 0, 0, 0, 0, 0, 36, 1, 0]","[0.0, 0.0, 0.007824, 0.0, 0.0, 0.0, 0.0, 0.0, 0.031295, 0.0, 0.06259, 0.0, 0.0, 0.0, 0.007824, 0.0, 0.0, 0.0, 0.007824, 0.954495, 0.0, 0.0, 0.0, 0.0, 0.0, 0.0, 0.0, 0.0, 0.0, 0.0, 0.0, 0.06259, 0.023471, 0.0, 0.0, 0.0, 0.0, 0.0, 0.0, 0.0, 0.0, 0.0, 0.0, 0.0, 0.0, 0.0, 0.0, 0.0, 0.0, 0.281654, 0.007824, 0.0]",mock_generator
1002035,MOCK-REFINE-095,refinery_bf,Belgium,36.9,210,11,"[0, 0, 3, 0, 0, 0, 0, 0, 5, 0, 15, 0, 0, 0, 1, 0, 0, 0, 1, 135, 0, 0, 0, 0, 0, 0, 0, 0, 0, 0, 0, 12, 1, 0, 0, 0, 0, 0, 0, 0, 0, 0, 0, 1, 0, 0, 0, 0, 0, 34, 2, 0]","[0.0, 0.0, 0.021324, 0.0, 0.0, 0.0, 0.0, 0.0, 0.035541, 0.0, 0.106622, 0.0, 0.0, 0.0, 0.007108, 0.0, 0.0, 0.0, 0.007108, 0.959597, 0.0, 0.0, 0.0, 0.0, 0.0, 0.0, 0.0, 0.0, 0.0, 0.0, 0.0, 0.085298, 0.007108, 0.0, 0.0, 0.0, 0.0, 0.0, 0.0, 0.0, 0.0, 0.0, 0.0, 0.007108, 0.0, 0.0, 0.0, 0.0, 0.0, 0.241676, 0.014216, 0.0]",mock_generator
1002053,MOCK-REFINE-096,refinery_bf,Singapore,627.9,899,11,"[0, 0, 4, 0, 0, 0, 0, 0, 16, 0, 55, 0, 0, 0, 6, 0, 0, 0, 4, 495, 0, 0, 0, 0, 0, 0, 0, 0, 0, 0, 0, 83, 2, 0, 0, 0, 0, 0, 0, 0, 0, 0, 0, 5, 0, 0, 0, 0, 0, 216, 13, 0]","[0.0, 0.0, 0.007277, 0.0, 0.0, 0.0, 0.0, 0.0, 0.029109, 0.0, 0.100063, 0.0, 0.0, 0.0, 0.010916, 0.0, 0.0, 0.0, 0.007277, 0.90057, 0.0, 0.0, 0.0, 0.0, 0.0, 0.0, 0.0, 0.0, 0.0, 0.0, 0.0, 0.151005, 0.003639, 0.0, 0.0, 0.0, 0.0, 0.0, 0.0, 0.0, 0.0, 0.0, 0.0, 0.009097, 0.0, 0.0, 0.0, 0.0, 0.0, 0.392976, 0.023651, 0.0]",mock_generator
1002061,MOCK-REFINE-097,refinery_bf,Australia,129.4,298,10,"[0, 0, 3, 0, 0, 0, 0, 0, 11, 0, 19, 0, 0, 0, 1, 0, 0, 0, 0, 169, 0, 0, 0, 0, 0, 0, 0, 0, 0, 0, 0, 25, 2, 0, 0, 0, 0, 0, 0, 0, 0, 0, 0, 2, 0, 0, 0, 0, 0, 62, 4, 0]","[0.0, 0.0, 0.01638, 0.0, 0.0, 0.0, 0.0, 0.0, 0.060058, 0.0, 0.103737, 0.0, 0.0, 0.0, 0.00546, 0.0, 0.0, 0.0, 0.0, 0.922712, 0.0, 0.0, 0.0, 0.0, 0.0, 0.0, 0.0, 0.0, 0.0, 0.0, 0.0, 0.136496, 0.01092, 0.0, 0.0, 0.0, 0.0, 0.0, 0.0, 0.0, 0.0, 0.0, 0.0, 0.01092, 0.0, 0.0, 0.0, 0.0, 0.0, 0.33851, 0.021839, 0.0]",mock_generator
1002066,MOCK-REFINE-098,refinery_bf,United Kingdom,69.7,284,10,"[0, 0, 2, 0, 0, 0, 0, 0, 0, 0, 7, 0, 0, 0, 1, 0, 0, 0, 1, 214, 0, 0, 0, 0, 0, 0, 0, 0, 0, 0, 0, 19, 1, 0, 0, 0, 0, 0, 0, 0, 0, 0, 0, 2, 0, 0, 0, 0, 0, 36, 1, 0]","[0.0, 0.0, 0.009175, 0.0, 0.0, 0.0, 0.0, 0.0, 0.0, 0.0, 0.032113, 0.0, 0.0, 0.0, 0.004588, 0.0, 0.0, 0.0, 0.004588, 0.981755, 0.0, 0.0, 0.0, 0.0, 0.0, 0.0, 0.0, 0.0, 0.0, 0.0, 0.0, 0.087165, 0.004588, 0.0, 0.0, 0.0, 0.0, 0.0, 0.0, 0.0, 0.0, 0.0, 0.0, 0.009175, 0.0, 0.0, 0.0, 0.0, 0.0, 0.165155, 0.004588, 0.0]",mock_generator
1002084,MOCK-REFINE-099,refinery_bf,United Kingdom,239.0,520,11,"[0, 0, 4, 0, 0, 0, 0, 0, 5, 0, 33, 0, 0, 0, 5, 0, 0, 0, 3, 320, 0, 0, 0, 0, 0, 0, 0, 0, 0, 0, 0, 49, 2, 0, 0, 0, 0, 0, 0, 0, 0, 0, 0, 2, 0, 0, 0, 0, 0, 91, 6, 0]","[0.0, 0.0, 0.011832, 0.0, 0.0, 0.0, 0.0, 0.0, 0.01479, 0.0, 0.097613, 0.0, 0.0, 0.0, 0.01479, 0.0, 0.0, 0.0, 0.008874, 0.946555, 0.0, 0.0, 0.0, 0.0, 0.0, 0.0, 0.0, 0.0, 0.0, 0.0, 0.0, 0.144941, 0.005916, 0.0, 0.0, 0.0, 0.0, 0.0, 0.0, 0.0, 0.0, 0.0, 0.0, 0.005916, 0.0, 0.0, 0.0, 0.0, 0.0, 0.269177, 0.017748, 0.0]",mock_generator
1002106,MOCK-REFINE-100,refinery_bf,Canada,100.1,281,10,"[0, 0, 1, 0, 0, 0, 0, 0, 1, 0, 16, 0, 0, 0, 2, 0, 0, 0, 0, 117, 0, 0, 0, 0, 0, 0, 0, 0, 0, 0, 0, 26, 2, 0, 0, 0, 0, 0, 0, 0, 0, 0, 0, 2, 0, 0, 0, 0, 0, 110, 4, 0]","[0.0, 0.0, 0.006114, 0.0, 0.0, 0.0, 0.0, 0.0, 0.006114, 0.0, 0.097825, 0.0, 0.0, 0.0, 0.012228, 0.0, 0.0, 0.0, 0.0, 0.715346, 0.0, 0.0, 0.0, 0.0, 0.0, 0.0, 0.0, 0.0, 0.0, 0.0, 0.0, 0.158966, 0.012228, 0.0, 0.0, 0.0, 0.0, 0.0, 0.0, 0.0, 0.0, 0.0, 0.0, 0.012228, 0.0, 0.0, 0.0, 0.0, 0.0, 0.672547, 0.024456, 0.0]",mock_generator
1002140,MOCK-REFINE-101,refinery_bf,Canada,23.1,137,10,"[0, 0, 1, 0, 0, 0, 0, 0, 4, 0, 6, 0, 0, 0, 1, 0, 0, 0, 1, 65, 0, 0, 0, 0, 0, 0, 0, 0, 0, 0, 0, 10, 2, 0, 0, 0, 0, 0, 0, 0, 0, 0, 0, 3, 0, 0, 0, 0, 0, 44, 0, 0]","[0.0, 0.0, 0.01257, 0.0, 0.0, 0.0, 0.0, 0.0, 0.05028, 0.0, 0.07542, 0.0, 0.0, 0.0, 0.01257, 0.0, 0.0, 0.0, 0.01257, 0.817045, 0.0, 0.0, 0.0, 0.0, 0.0, 0.0, 0.0, 0.0, 0.0, 0.0, 0.0, 0.125699, 0.02514, 0.0, 0.0, 0.0, 0.0, 0.0, 0.0, 0.0, 0.0, 0.0, 0.0, 0.03771, 0.0, 0.0, 0.0, 0.0, 0.0, 0.553076, 0.0, 0.0]",mock_generator
1002163,MOCK-REFINE-102,refinery_bf,Singapore,81.2,310,9,"[0, 0, 1, 0, 0, 0, 0, 0, 5, 0, 19, 0, 0, 0, 2, 0, 0, 0, 0, 260, 0, 0, 0, 0, 0, 0, 0, 0, 0, 0, 0, 11, 0, 0, 0, 0, 0, 0, 0, 0, 0, 0, 0, 4, 0, 0, 0, 0, 0, 3, 5, 0]","[0.0, 0.0, 0.00383, 0.0, 0.0, 0.0, 0.0, 0.0, 0.019151, 0.0, 0.072775, 0.0, 0.0, 0.0, 0.007661, 0.0, 0.0, 0.0, 0.0, 0.995869, 0.0, 0.0, 0.0, 0.0, 0.0, 0.0, 0.0, 0.0, 0.0, 0.0, 0.0, 0.042133, 0.0, 0.0, 0.0, 0.0, 0.0, 0.0, 0.0, 0.0, 0.0, 0.0, 0.0, 0.015321, 0.0, 0.0, 0.0, 0.0, 0.0, 0.011491, 0.019151, 0.0]",mock_generator
1002174,MOCK-REFINE-103,refinery_bf,Singapore,285.6,687,11,"[0, 0, 3, 0, 0, 0, 0, 0, 7, 0, 39, 0, 0, 0, 1, 0, 0, 0, 3, 433, 0, 0, 0, 0, 0, 0, 0, 0, 0, 0, 0, 24, 5, 0, 0, 0, 0, 0, 0, 0, 0, 0, 0, 3, 0, 0, 0, 0, 0, 158, 11, 0]","[0.0, 0.0, 0.006473, 0.0, 0.0, 0.0, 0.0, 0.0, 0.015105, 0.0, 0.084154, 0.0, 0.0, 0.0, 0.002158, 0.0, 0.0, 0.0, 0.006473, 0.934325, 0.0, 0.0, 0.0, 0.0, 0.0, 0.0, 0.0, 0.0, 0.0, 0.0, 0.0, 0.051787, 0.010789, 0.0, 0.0, 0.0, 0.0, 0.0, 0.0, 0.0, 0.0, 0.0, 0.0, 0.006473, 0.0, 0.0, 0.0, 0.0, 0.0, 0.340932, 0.023736, 0.0]",mock_generator
1002211,MOCK-REFINE-104,refinery_bf,United Kingdom,1354.0,1403,10,"[0, 0, 5, 0, 0, 0, 0, 0, 18, 0, 45, 0, 0, 0, 7, 0, 0, 0, 6, 853, 0, 0, 0, 0, 0, 0, 0, 0, 0, 0, 0, 91, 5, 0, 0, 0, 0, 0, 0, 0, 0, 0, 0, 11, 0, 0, 0, 0, 0, 362, 0, 0]","[0.0, 0.0, 0.005362, 0.0, 0.0, 0.0, 0.0, 0.0, 0.019303, 0.0, 0.048258, 0.0, 0.0, 0.0, 0.007507, 0.0, 0.0, 0.0, 0.006434, 0.914754, 0.0, 0.0, 0.0, 0.0, 0.0, 0.0, 0.0, 0.0, 0.0, 0.0, 0.0, 0.097588, 0.005362, 0.0, 0.0, 0.0, 0.0, 0.0, 0.0, 0.0, 0.0, 0.0, 0.0, 0.011796, 0.0, 0.0, 0.0, 0.0, 0.0, 0.388208, 0.0, 0.0]",mock_generator
1002250,MOCK-REFINE-105,refinery_bf,United Kingdom,42.8,225,8,"[0, 0, 0, 0, 0, 0, 0, 0, 5, 0, 12, 0, 0, 0, 2, 0, 0, 0, 1, 115, 0, 0, 0, 0, 0, 0, 0, 0, 0, 0, 0, 21, 0, 0, 0, 0, 0, 0, 0, 0, 0, 0, 0, 2, 0, 0, 0, 0, 0, 67, 0, 0]","[0.0, 0.0, 0.0, 0.0, 0.0, 0.0, 0.0, 0.0, 0.036928, 0.0, 0.088627, 0.0, 0.0, 0.0, 0.014771, 0.0, 0.0, 0.0, 0.007386, 0.849339, 0.0, 0.0, 0.0, 0.0, 0.0, 0.0, 0.0, 0.0, 0.0, 0.0, 0.0, 0.155097, 0.0, 0.0, 0.0, 0.0, 0.0, 0.0, 0.0, 0.0, 0.0, 0.0, 0.0, 0.014771, 0.0, 0.0, 0.0, 0.0, 0.0, 0.494832, 0.0, 0.0]",mock_generator
1002286,MOCK-REFINE-106,refinery_bf,Singapore,103.2,486,11,"[0, 0, 1, 0, 0, 0, 0, 0, 7, 0, 25, 0, 0, 0, 2, 0, 0, 0, 2, 315, 0, 0, 0, 0, 0, 0, 0, 0, 0, 0, 0, 22, 3, 0, 0, 0, 0, 0, 0, 0, 0, 0, 0, 2, 0, 0, 0, 0, 0, 106, 1, 0]","[0.0, 0.0, 0.002993, 0.0, 0.0, 0.0, 0.0, 0.0, 0.02095, 0.0, 0.074821, 0.0, 0.0, 0.0, 0.005986, 0.0, 0.0, 0.0, 0.005986, 0.94275, 0.0, 0.0, 0.0, 0.0, 0.0, 0.0, 0.0, 0.0, 0.0, 0.0, 0.0, 0.065843, 0.008979, 0.0, 0.0, 0.0, 0.0, 0.0, 0.0, 0.0, 0.0, 0.0, 0.0, 0.005986, 0.0, 0.0, 0.0, 0.0, 0.0, 0.317243, 0.002993, 0.0]",mock_generator
1002303,MOCK-REFINE-107,refinery_bf,Australia,231.1,519,11,"[0, 0, 3, 0, 0, 0, 0, 0, 7, 0, 33, 0, 0, 0, 4, 0, 0, 0, 2, 299, 0, 0, 0, 0, 0, 0, 0, 0, 0, 0, 0, 27, 3, 0, 0, 0, 0, 0, 0, 0, 0, 0, 0, 6, 0, 0, 0, 0, 0, 124, 11, 0]","[0.0, 0.0, 0.009178, 0.0, 0.0, 0.0, 0.0, 0.0, 0.021416, 0.0, 0.10096, 0.0, 0.0, 0.0, 0.012238, 0.0, 0.0, 0.0, 0.006119, 0.914758, 0.0, 0.0, 0.0, 0.0, 0.0, 0.0, 0.0, 0.0, 0.0, 0.0, 0.0, 0.082604, 0.009178, 0.0, 0.0, 0.0, 0.0, 0.0, 0.0, 0.0, 0.0, 0.0, 0.0, 0.018356, 0.0, 0.0, 0.0, 0.0, 0.0, 0.379365, 0.033653, 0.0]",mock_generator
1002322,MOCK-REFINE-108,refinery_bf,Australia,111.7,292,10,"[0, 0, 3, 0, 0, 0, 0, 0, 9, 0, 19, 0, 0, 0, 1, 0, 0, 0, 0, 162, 0, 0, 0, 0, 0, 0, 0, 0, 0, 0, 0, 20, 1, 0, 0, 0, 0, 0, 0, 0, 0, 0, 0, 1, 0, 0, 0, 0, 0, 72, 4, 0]","[0.0, 0.0, 0.016693, 0.0, 0.0, 0.0, 0.0, 0.0, 0.050079, 0.0, 0.105722, 0.0, 0.0, 0.0, 0.005564, 0.0, 0.0, 0.0, 0.0, 0.90142, 0.0, 0.0, 0.0, 0.0, 0.0, 0.0, 0.0, 0.0, 0.0, 0.0, 0.0, 0.111286, 0.005564, 0.0, 0.0, 0.0, 0.0, 0.0, 0.0, 0.0, 0.0, 0.0, 0.0, 0.005564, 0.0, 0.0, 0.0, 0.0, 0.0, 0.400631, 0.022257, 0.0]",mock_generator
1002352,MOCK-REFINE-109,refinery_bf,Canada,15.2,193,8,"[0, 0, 1, 0, 0, 0, 0, 0, 5, 0, 0, 0, 0, 0, 1, 0, 0, 0, 1, 129, 0, 0, 0, 0, 0, 0, 0, 0, 0, 0, 0, 13, 0, 0, 0, 0, 0, 0, 0, 0, 0, 0, 0, 0, 0, 0, 0, 0, 0, 41, 2, 0]","[0.0, 0.0, 0.007348, 0.0, 0.0, 0.0, 0.0, 0.0, 0.036738, 0.0, 0.0, 0.0, 0.0, 0.0, 0.007348, 0.0, 0.0, 0.0, 0.007348, 0.947838, 0.0, 0.0, 0.0, 0.0, 0.0, 0.0, 0.0, 0.0, 0.0, 0.0, 0.0, 0.095519, 0.0, 0.0, 0.0, 0.0, 0.0, 0.0, 0.0, 0.0, 0.0, 0.0, 0.0, 0.0, 0.0, 0.0, 0.0, 0.0, 0.0, 0.301251, 0.014695, 0.0]",mock_generator
1002365,MOCK-REFINE-110,refinery_bf,United States,13.1,90,6,"[0, 0, 0, 0, 0, 0, 0, 0, 1, 0, 8, 0, 0, 0, 0, 0, 0, 0, 0, 42, 0, 0, 0, 0, 0, 0, 0, 0, 0, 0, 0, 6, 0, 0, 0, 0, 0, 0, 0, 0, 0, 0, 0, 0, 0, 0, 0, 0, 0, 32, 1, 0]","[0.0, 0.0, 0.0, 0.0, 0.0, 0.0, 0.0, 0.0, 0.018602, 0.0, 0.148813, 0.0, 0.0, 0.0, 0.0, 0.0, 0.0, 0.0, 0.0, 0.781269, 0.0, 0.0, 0.0, 0.0, 0.0, 0.0, 0.0, 0.0, 0.0, 0.0, 0.0, 0.11161, 0.0, 0.0, 0.0, 0.0, 0.0, 0.0, 0.0, 0.0, 0.0, 0.0, 0.0, 0.0, 0.0, 0.0, 0.0, 0.0, 0.0, 0.595252, 0.018602, 0.0]",mock_generator
1002384,MOCK-REFINE-111,refinery_bf,Canada,126.9,335,11,"[0, 0, 1, 0, 0, 0, 0, 0, 10, 0, 15, 0, 0, 0, 1, 0, 0, 0, 1, 221, 0, 0, 0, 0, 0, 0, 0, 0, 0, 0, 0, 14, 2, 0, 0, 0, 0, 0, 0, 0, 0, 0, 0, 2, 0, 0, 0, 0, 0, 64, 4, 0]","[0.0, 0.0, 0.004324, 0.0, 0.0, 0.0, 0.0, 0.0, 0.04324, 0.0, 0.06486, 0.0, 0.0, 0.0, 0.004324, 0.0, 0.0, 0.0, 0.004324, 0.9556, 0.0, 0.0, 0.0, 0.0, 0.0, 0.0, 0.0, 0.0, 0.0, 0.0, 0.0, 0.060536, 0.008648, 0.0, 0.0, 0.0, 0.0, 0.0, 0.0, 0.0, 0.0, 0.0, 0.0, 0.008648, 0.0, 0.0, 0.0, 0.0, 0.0, 0.276735, 0.017296, 0.0]",mock_generator
1002402,MOCK-REFINE-112,refinery_bf,United States,358.4,598,11,"[0, 0, 2, 0, 0, 0, 0, 0, 14, 0, 29, 0, 0, 0, 3, 0, 0, 0, 3, 389, 0, 0, 0, 0, 0, 0, 0, 0, 0, 0, 0, 40, 2, 0, 0, 0, 0, 0, 0, 0, 0, 0, 0, 3, 0, 0, 0, 0, 0, 105, 8, 0]","[0.0, 0.0, 0.004922, 0.0, 0.0, 0.0, 0.0, 0.0, 0.034457, 0.0, 0.071375, 0.0, 0.0, 0.0, 0.007384, 0.0, 0.0, 0.0, 0.007384, 0.957414, 0.0, 0.0, 0.0, 0.0, 0.0, 0.0, 0.0, 0.0, 0.0, 0.0, 0.0, 0.098449, 0.004922, 0.0, 0.0, 0.0, 0.0, 0.0, 0.0, 0.0, 0.0, 0.0, 0.0, 0.007384, 0.0, 0.0, 0.0, 0.0, 0.0, 0.258428, 0.01969, 0.0]",mock_generator
1002438,MOCK-REFINE-113,refinery_bf,Australia,303.6,829,11,"[0, 0, 4, 0, 0, 0, 0, 0, 11, 0, 12, 0, 0, 0, 2, 0, 0, 0, 1, 577, 0, 0, 0, 0, 0, 0, 0, 0, 0, 0, 0, 23, 6, 0, 0, 0, 0, 0, 0, 0, 0, 0, 0, 4, 0, 0, 0, 0, 0, 179, 10, 0]","[0.0, 0.0, 0.006612, 0.0, 0.0, 0.0, 0.0, 0.0, 0.018184, 0.0, 0.019837, 0.0, 0.0, 0.0, 0.003306, 0.0, 0.0, 0.0, 0.001653, 0.953834, 0.0, 0.0, 0.0, 0.0, 0.0, 0.0, 0.0, 0.0, 0.0, 0.0, 0.0, 0.038021, 0.009919, 0.0, 0.0, 0.0, 0.0, 0.0, 0.0, 0.0, 0.0, 0.0, 0.0, 0.006612, 0.0, 0.0, 0.0, 0.0, 0.0, 0.295903, 0.016531, 0.0]",mock_generator
1002459,MOCK-REFINE-114,refinery_bf,United Kingdom,17.1,90,10,"[0, 0, 1, 0, 0, 0, 0, 0, 2, 0, 6, 0, 0, 0, 2, 0, 0, 0, 1, 51, 0, 0, 0, 0, 0, 0, 0, 0, 0, 0, 0, 0, 1, 0, 0, 0, 0, 0, 0, 0, 0, 0, 0, 2, 0, 0, 0, 0, 0, 22, 2, 0]","[0.0, 0.0, 0.017846, 0.0, 0.0, 0.0, 0.0, 0.0, 0.035692, 0.0, 0.107075, 0.0, 0.0, 0.0, 0.035692, 0.0, 0.0, 0.0, 0.017846, 0.910134, 0.0, 0.0, 0.0, 0.0, 0.0, 0.0, 0.0, 0.0, 0.0, 0.0, 0.0, 0.0, 0.017846, 0.0, 0.0, 0.0, 0.0, 0.0, 0.0, 0.0, 0.0, 0.0, 0.0, 0.035692, 0.0, 0.0, 0.0, 0.0, 0.0, 0.392607, 0.035692, 0.0]",mock_generator
1002485,MOCK-REFINE-115,refinery_bf,Singapore,226.8,582,10,"[0, 0, 2, 0, 0, 0, 0, 0, 6, 0, 19, 0, 0, 0, 3, 0, 0, 0, 1, 420, 0, 0, 0, 0, 0, 0, 0, 0, 0, 0, 0, 31, 0, 0, 0, 0, 0, 0, 0, 0, 0, 0, 0, 3, 0, 0, 0, 0, 0, 95, 2, 0]","[0.0, 0.0, 0.004627, 0.0, 0.0, 0.0, 0.0, 0.0, 0.013882, 0.0, 0.04396, 0.0, 0.0, 0.0, 0.006941, 0.0, 0.0, 0.0, 0.002314, 0.971738, 0.0, 0.0, 0.0, 0.0, 0.0, 0.0, 0.0, 0.0, 0.0, 0.0, 0.0, 0.071724, 0.0, 0.0, 0.0, 0.0, 0.0, 0.0, 0.0, 0.0, 0.0, 0.0, 0.0, 0.006941, 0.0, 0.0, 0.0, 0.0, 0.0, 0.219798, 0.004627, 0.0]",mock_generator
1002516,MOCK-REFINE-116,refinery_bf,United States,24.8,160,10,"[0, 0, 1, 0, 0, 0, 0, 0, 3, 0, 6, 0, 0, 0, 0, 0, 0, 0, 1, 82, 0, 0, 0, 0, 0, 0, 0, 0, 0, 0, 0, 11, 1, 0, 0, 0, 0, 0, 0, 0, 0, 0, 0, 1, 0, 0, 0, 0, 0, 51, 3, 0]","[0.0, 0.0, 0.010258, 0.0, 0.0, 0.0, 0.0, 0.0, 0.030773, 0.0, 0.061546, 0.0, 0.0, 0.0, 0.0, 0.0, 0.0, 0.0, 0.010258, 0.841125, 0.0, 0.0, 0.0, 0.0, 0.0, 0.0, 0.0, 0.0, 0.0, 0.0, 0.0, 0.112834, 0.010258, 0.0, 0.0, 0.0, 0.0, 0.0, 0.0, 0.0, 0.0, 0.0, 0.0, 0.010258, 0.0, 0.0, 0.0, 0.0, 0.0, 0.523139, 0.030773, 0.0]",mock_generator
1002538,MOCK-REFINE-117,refinery_bf,Australia,20.7,184,8,"[0, 0, 1, 0, 0, 0, 0, 0, 3, 0, 10, 0, 0, 0, 0, 0, 0, 0, 0, 127, 0, 0, 0, 0, 0, 0, 0, 0, 0, 0, 0, 10, 0, 0, 0, 0, 0, 0, 0, 0, 0, 0, 0, 2, 0, 0, 0, 0, 0, 29, 2, 0]","[0.0, 0.0, 0.007628, 0.0, 0.0, 0.0, 0.0, 0.0, 0.022883, 0.0, 0.076276, 0.0, 0.0, 0.0, 0.0, 0.0, 0.0, 0.0, 0.0, 0.968704, 0.0, 0.0, 0.0, 0.0, 0.0, 0.0, 0.0, 0.0, 0.0, 0.0, 0.0, 0.076276, 0.0, 0.0, 0.0, 0.0, 0.0, 0.0, 0.0, 0.0, 0.0, 0.0, 0.0, 0.015255, 0.0, 0.0, 0.0, 0.0, 0.0, 0.2212, 0.015255, 0.0]",mock_generator
1002546,MOCK-REFINE-118,refinery_bf,Canada,324.2,560,10,"[0, 0, 1, 0, 0, 0, 0, 0, 8, 0, 48, 0, 0, 0, 4, 0, 0, 0, 3, 316, 0, 0, 0, 0, 0, 0, 0, 0, 0, 0, 0, 28, 3, 0, 0, 0, 0, 0, 0, 0, 0, 0, 0, 7, 0, 0, 0, 0, 0, 142, 0, 0]","[0.0, 0.0, 0.002848, 0.0, 0.0, 0.0, 0.0, 0.0, 0.022787, 0.0, 0.136722, 0.0, 0.0, 0.0, 0.011393, 0.0, 0.0, 0.0, 0.008545, 0.900084, 0.0, 0.0, 0.0, 0.0, 0.0, 0.0, 0.0, 0.0, 0.0, 0.0, 0.0, 0.079754, 0.008545, 0.0, 0.0, 0.0, 0.0, 0.0, 0.0, 0.0, 0.0, 0.0, 0.0, 0.019939, 0.0, 0.0, 0.0, 0.0, 0.0, 0.404468, 0.0, 0.0]",mock_generator
1002549,MOCK-REFINE-119,refinery_bf,Belgium,967.4,784,11,"[0, 0, 9, 0, 0, 0, 0, 0, 19, 0, 46, 0, 0, 0, 6, 0, 0, 0, 4, 539, 0, 0, 0, 0, 0, 0, 0, 0, 0, 0, 0, 88, 4, 0, 0, 0, 0, 0, 0, 0, 0, 0, 0, 5, 0, 0, 0, 0, 0, 53, 11, 0]","[0.0, 0.0, 0.016327, 0.0, 0.0, 0.0, 0.0, 0.0, 0.034469, 0.0, 0.083451, 0.0, 0.0, 0.0, 0.010885, 0.0, 0.0, 0.0, 0.007257, 0.977827, 0.0, 0.0, 0.0, 0.0, 0.0, 0.0, 0.0, 0.0, 0.0, 0.0, 0.0, 0.159645, 0.007257, 0.0, 0.0, 0.0, 0.0, 0.0, 0.0, 0.0, 0.0, 0.0, 0.0, 0.009071, 0.0, 0.0, 0.0, 0.0, 0.0, 0.09615, 0.019956, 0.0]",mock_generator
1002579,MOCK-REFINE-120,refinery_bf,Singapore,115.8,375,11,"[0, 0, 1, 0, 0, 0, 0, 0, 6, 0, 24, 0, 0, 0, 3, 0, 0, 0, 1, 235, 0, 0, 0, 0, 0, 0, 0, 0, 0, 0, 0, 15, 1, 0, 0, 0, 0, 0, 0, 0, 0, 0, 0, 4, 0, 0, 0, 0, 0, 81, 4, 0]","[0.0, 0.0, 0.003995, 0.0, 0.0, 0.0, 0.0, 0.0, 0.023968, 0.0, 0.095872, 0.0, 0.0, 0.0, 0.011984, 0.0, 0.0, 0.0, 0.003995, 0.938747, 0.0, 0.0, 0.0, 0.0, 0.0, 0.0, 0.0, 0.0, 0.0, 0.0, 0.0, 0.05992, 0.003995, 0.0, 0.0, 0.0, 0.0, 0.0, 0.0, 0.0, 0.0, 0.0, 0.0, 0.015979, 0.0, 0.0, 0.0, 0.0, 0.0, 0.323568, 0.015979, 0.0]",mock_generator
1002616,MOCK-REFINE-121,refinery_bf,United States,96.5,310,10,"[0, 0, 3, 0, 0, 0, 0, 0, 7, 0, 10, 0, 0, 0, 3, 0, 0, 0, 2, 209, 0, 0, 0, 0, 0, 0, 0, 0, 0, 0, 0, 11, 2, 0, 0, 0, 0, 0, 0, 0, 0, 0, 0, 0, 0, 0, 0, 0, 0, 62, 1, 0]","[0.0, 0.0, 0.013719, 0.0, 0.0, 0.0, 0.0, 0.0, 0.03201, 0.0, 0.045728, 0.0, 0.0, 0.0, 0.013719, 0.0, 0.0, 0.0, 0.009146, 0.955724, 0.0, 0.0, 0.0, 0.0, 0.0, 0.0, 0.0, 0.0, 0.0, 0.0, 0.0, 0.050301, 0.009146, 0.0, 0.0, 0.0, 0.0, 0.0, 0.0, 0.0, 0.0, 0.0, 0.0, 0.0, 0.0, 0.0, 0.0, 0.0, 0.0, 0.283516, 0.004573, 0.0]",mock_generator
1002623,MOCK-REFINE-122,refinery_bf,Singapore,1363.4,1404,11,"[0, 0, 6, 0, 0, 0, 0, 0, 41, 0, 50, 0, 0, 0, 3, 0, 0, 0, 6, 1015, 0, 0, 0, 0, 0, 0, 0, 0, 0, 0, 0, 48, 9, 0, 0, 0, 0, 0, 0, 0, 0, 0, 0, 11, 0, 0, 0, 0, 0, 193, 22, 0]","[0.0, 0.0, 0.005788, 0.0, 0.0, 0.0, 0.0, 0.0, 0.039549, 0.0, 0.04823, 0.0, 0.0, 0.0, 0.002894, 0.0, 0.0, 0.0, 0.005788, 0.979078, 0.0, 0.0, 0.0, 0.0, 0.0, 0.0, 0.0, 0.0, 0.0, 0.0, 0.0, 0.046301, 0.008681, 0.0, 0.0, 0.0, 0.0, 0.0, 0.0, 0.0, 0.0, 0.0, 0.0, 0.010611, 0.0, 0.0, 0.0, 0.0, 0.0, 0.186169, 0.021221, 0.0]",mock_generator
1002633,MOCK-REFINE-123,refinery_bf,Canada,222.3,453,10,"[0, 0, 1, 0, 0, 0, 0, 0, 7, 0, 27, 0, 0, 0, 3, 0, 0, 0, 3, 291, 0, 0, 0, 0, 0, 0, 0, 0, 0, 0, 0, 47, 2, 0, 0, 0, 0, 0, 0, 0, 0, 0, 0, 0, 0, 0, 0, 0, 0, 64, 8, 0]","[0.0, 0.0, 0.0033, 0.0, 0.0, 0.0, 0.0, 0.0, 0.023097, 0.0, 0.089089, 0.0, 0.0, 0.0, 0.009899, 0.0, 0.0, 0.0, 0.009899, 0.960176, 0.0, 0.0, 0.0, 0.0, 0.0, 0.0, 0.0, 0.0, 0.0, 0.0, 0.0, 0.15508, 0.006599, 0.0, 0.0, 0.0, 0.0, 0.0, 0.0, 0.0, 0.0, 0.0, 0.0, 0.0, 0.0, 0.0, 0.0, 0.0, 0.0, 0.211173, 0.026397, 0.0]",mock_generator
1002659,MOCK-REFINE-124,refinery_bf,Singapore,117.2,468,9,"[0, 0, 1, 0, 0, 0, 0, 0, 7, 0, 26, 0, 0, 0, 0, 0, 0, 0, 2, 261, 0, 0, 0, 0, 0, 0, 0, 0, 0, 0, 0, 19, 0, 0, 0, 0, 0, 0, 0, 0, 0, 0, 0, 2, 0, 0, 0, 0, 0, 148, 2, 0]","[0.0, 0.0, 0.003313, 0.0, 0.0, 0.0, 0.0, 0.0, 0.023189, 0.0, 0.08613, 0.0, 0.0, 0.0, 0.0, 0.0, 0.0, 0.0, 0.006625, 0.864618, 0.0, 0.0, 0.0, 0.0, 0.0, 0.0, 0.0, 0.0, 0.0, 0.0, 0.0, 0.062942, 0.0, 0.0, 0.0, 0.0, 0.0, 0.0, 0.0, 0.0, 0.0, 0.0, 0.0, 0.006625, 0.0, 0.0, 0.0, 0.0, 0.0, 0.490281, 0.006625, 0.0]",mock_generator
1002679,MOCK-REFINE-125,refinery_bf,United States,580.9,755,10,"[0, 0, 2, 0, 0, 0, 0, 0, 19, 0, 51, 0, 0, 0, 6, 0, 0, 0, 2, 488, 0, 0, 0, 0, 0, 0, 0, 0, 0, 0, 0, 0, 4, 0, 0, 0, 0, 0, 0, 0, 0, 0, 0, 6, 0, 0, 0, 0, 0, 164, 13, 0]","[0.0, 0.0, 0.003861, 0.0, 0.0, 0.0, 0.0, 0.0, 0.036683, 0.0, 0.098466, 0.0, 0.0, 0.0, 0.011584, 0.0, 0.0, 0.0, 0.003861, 0.942185, 0.0, 0.0, 0.0, 0.0, 0.0, 0.0, 0.0, 0.0, 0.0, 0.0, 0.0, 0.0, 0.007723, 0.0, 0.0, 0.0, 0.0, 0.0, 0.0, 0.0, 0.0, 0.0, 0.0, 0.011584, 0.0, 0.0, 0.0, 0.0, 0.0, 0.316636, 0.025099, 0.0]",mock_generator
1002716,MOCK-REFINE-126,refinery_bf,Australia,43.9,205,10,"[0, 0, 1, 0, 0, 0, 0, 0, 1, 0, 15, 0, 0, 0, 1, 0, 0, 0, 2, 115, 0, 0, 0, 0, 0, 0, 0, 0, 0, 0, 0, 13, 0, 0, 0, 0, 0, 0, 0, 0, 0, 0, 0, 1, 0, 0, 0, 0, 0, 54, 2, 0]","[0.0, 0.0, 0.007774, 0.0, 0.0, 0.0, 0.0, 0.0, 0.007774, 0.0, 0.116609, 0.0, 0.0, 0.0, 0.007774, 0.0, 0.0, 0.0, 0.015548, 0.894001, 0.0, 0.0, 0.0, 0.0, 0.0, 0.0, 0.0, 0.0, 0.0, 0.0, 0.0, 0.101061, 0.0, 0.0, 0.0, 0.0, 0.0, 0.0, 0.0, 0.0, 0.0, 0.0, 0.0, 0.007774, 0.0, 0.0, 0.0, 0.0, 0.0, 0.419792, 0.015548, 0.0]",mock_generator
1002739,MOCK-REFINE-127,refinery_bf,Australia,27.2,219,8,"[0, 0, 0, 0, 0, 0, 0, 0, 6, 0, 9, 0, 0, 0, 1, 0, 0, 0, 1, 159, 0, 0, 0, 0, 0, 0, 0, 0, 0, 0, 0, 10, 1, 0, 0, 0, 0, 0, 0, 0, 0, 0, 0, 0, 0, 0, 0, 0, 0, 32, 0, 0]","[0.0, 0.0, 0.0, 0.0, 0.0, 0.0, 0.0, 0.0, 0.03684, 0.0, 0.055261, 0.0, 0.0, 0.0, 0.00614, 0.0, 0.0, 0.0, 0.00614, 0.976269, 0.0, 0.0, 0.0, 0.0, 0.0, 0.0, 0.0, 0.0, 0.0, 0.0, 0.0, 0.061401, 0.00614, 0.0, 0.0, 0.0, 0.0, 0.0, 0.0, 0.0, 0.0, 0.0, 0.0, 0.0, 0.0, 0.0, 0.0, 0.0, 0.0, 0.196482, 0.0, 0.0]",mock_generator
1002752,MOCK-REFINE-128,refinery_bf,Singapore,528.8,558,9,"[0, 0, 0, 0, 0, 0, 0, 0, 11, 0, 29, 0, 0, 0, 1, 0, 0, 0, 5, 330, 0, 0, 0, 0, 0, 0, 0, 0, 0, 0, 0, 59, 0, 0, 0, 0, 0, 0, 0, 0, 0, 0, 0, 5, 0, 0, 0, 0, 0, 114, 4, 0]","[0.0, 0.0, 0.0, 0.0, 0.0, 0.0, 0.0, 0.0, 0.030939, 0.0, 0.081567, 0.0, 0.0, 0.0, 0.002813, 0.0, 0.0, 0.0, 0.014063, 0.928175, 0.0, 0.0, 0.0, 0.0, 0.0, 0.0, 0.0, 0.0, 0.0, 0.0, 0.0, 0.165947, 0.0, 0.0, 0.0, 0.0, 0.0, 0.0, 0.0, 0.0, 0.0, 0.0, 0.0, 0.014063, 0.0, 0.0, 0.0, 0.0, 0.0, 0.320642, 0.011251, 0.0]",mock_generator
1002766,MOCK-REFINE-129,refinery_bf,Canada,65.4,228,10,"[0, 0, 0, 0, 0, 0, 0, 0, 7, 0, 3, 0, 0, 0, 3, 0, 0, 0, 1, 160, 0, 0, 0, 0, 0, 0, 0, 0, 0, 0, 0, 12, 1, 0, 0, 0, 0, 0, 0, 0, 0, 0, 0, 1, 0, 0, 0, 0, 0, 38, 2, 0]","[0.0, 0.0, 0.0, 0.0, 0.0, 0.0, 0.0, 0.0, 0.042395, 0.0, 0.018169, 0.0, 0.0, 0.0, 0.018169, 0.0, 0.0, 0.0, 0.006056, 0.969039, 0.0, 0.0, 0.0, 0.0, 0.0, 0.0, 0.0, 0.0, 0.0, 0.0, 0.0, 0.072678, 0.006056, 0.0, 0.0, 0.0, 0.0, 0.0, 0.0, 0.0, 0.0, 0.0, 0.0, 0.006056, 0.0, 0.0, 0.0, 0.0, 0.0, 0.230147, 0.012113, 0.0]",mock_generator
1002767,MOCK-REFINE-130,refinery_bf,United Kingdom,161.9,540,10,"[0, 0, 0, 0, 0, 0, 0, 0, 7, 0, 26, 0, 0, 0, 1, 0, 0, 0, 1, 364, 0, 0, 0, 0, 0, 0, 0, 0, 0, 0, 0, 34, 1, 0, 0, 0, 0, 0, 0, 0, 0, 0, 0, 2, 0, 0, 0, 0, 0, 94, 10, 0]","[0.0, 0.0, 0.0, 0.0, 0.0, 0.0, 0.0, 0.0, 0.01849, 0.0, 0.068678, 0.0, 0.0, 0.0, 0.002641, 0.0, 0.0, 0.0, 0.002641, 0.961497, 0.0, 0.0, 0.0, 0.0, 0.0, 0.0, 0.0, 0.0, 0.0, 0.0, 0.0, 0.08981, 0.002641, 0.0, 0.0, 0.0, 0.0, 0.0, 0.0, 0.0, 0.0, 0.0, 0.0, 0.005283, 0.0, 0.0, 0.0, 0.0, 0.0, 0.248299, 0.026415, 0.0]",mock_generator
1002780,MOCK-REFINE-131,refinery_bf,Singapore,429.3,547,11,"[0, 0, 1, 0, 0, 0, 0, 0, 4, 0, 28, 0, 0, 0, 4, 0, 0, 0, 4, 284, 0, 0, 0, 0, 0, 0, 0, 0, 0, 0, 0, 32, 4, 0, 0, 0, 0, 0, 0, 0, 0, 0, 0, 5, 0, 0, 0, 0, 0, 171, 10, 0]","[0.0, 0.0, 0.002989, 0.0, 0.0, 0.0, 0.0, 0.0, 0.011958, 0.0, 0.083705, 0.0, 0.0, 0.0, 0.011958, 0.0, 0.0, 0.0, 0.011958, 0.84901, 0.0, 0.0, 0.0, 0.0, 0.0, 0.0, 0.0, 0.0, 0.0, 0.0, 0.0, 0.095663, 0.011958, 0.0, 0.0, 0.0, 0.0, 0.0, 0.0, 0.0, 0.0, 0.0, 0.0, 0.014947, 0.0, 0.0, 0.0, 0.0, 0.0, 0.5112, 0.029895, 0.0]",mock_generator
1002796,MOCK-REFINE-132,refinery_bf,United States,109.6,434,9,"[0, 0, 1, 0, 0, 0, 0, 0, 6, 0, 18, 0, 0, 0, 3, 0, 0, 0, 0, 253, 0, 0, 0, 0, 0, 0, 0, 0, 0, 0, 0, 38, 0, 0, 0, 0, 0, 0, 0, 0, 0, 0, 0, 1, 0, 0, 0, 0, 0, 112, 2, 0]","[0.0, 0.0, 0.003572, 0.0, 0.0, 0.0, 0.0, 0.0, 0.021432, 0.0, 0.064297, 0.0, 0.0, 0.0, 0.010716, 0.0, 0.0, 0.0, 0.0, 0.903733, 0.0, 0.0, 0.0, 0.0, 0.0, 0.0, 0.0, 0.0, 0.0, 0.0, 0.0, 0.135739, 0.0, 0.0, 0.0, 0.0, 0.0, 0.0, 0.0, 0.0, 0.0, 0.0, 0.0, 0.003572, 0.0, 0.0, 0.0, 0.0, 0.0, 0.400071, 0.007144, 0.0]",mock_generator
1002817,MOCK-REFINE-133,refinery_bf,United States,59.2,275,11,"[0, 0, 1, 0, 0, 0, 0, 0, 3, 0, 10, 0, 0, 0, 3, 0, 0, 0, 1, 145, 0, 0, 0, 0, 0, 0, 0, 0, 0, 0, 0, 9, 1, 0, 0, 0, 0, 0, 0, 0, 0, 0, 0, 2, 0, 0, 0, 0, 0, 97, 3, 0]","[0.0, 0.0, 0.005712, 0.0, 0.0, 0.0, 0.0, 0.0, 0.017136, 0.0, 0.05712, 0.0, 0.0, 0.0, 0.017136, 0.0, 0.0, 0.0, 0.005712, 0.828247, 0.0, 0.0, 0.0, 0.0, 0.0, 0.0, 0.0, 0.0, 0.0, 0.0, 0.0, 0.051408, 0.005712, 0.0, 0.0, 0.0, 0.0, 0.0, 0.0, 0.0, 0.0, 0.0, 0.0, 0.011424, 0.0, 0.0, 0.0, 0.0, 0.0, 0.554069, 0.017136, 0.0]",mock_generator
1002851,MOCK-REFINE-134,refinery_bf,United Kingdom,246.6,479,10,"[0, 0, 4, 0, 0, 0, 0, 0, 6, 0, 12, 0, 0, 0, 0, 0, 0, 0, 1, 266, 0, 0, 0, 0, 0, 0, 0, 0, 0, 0, 0, 38, 2, 0, 0, 0, 0, 0, 0, 0, 0, 0, 0, 2, 0, 0, 0, 0, 0, 140, 8, 0]","[0.0, 0.0, 0.013183, 0.0, 0.0, 0.0, 0.0, 0.0, 0.019774, 0.0, 0.039548, 0.0, 0.0, 0.0, 0.0, 0.0, 0.0, 0.0, 0.003296, 0.876647, 0.0, 0.0, 0.0, 0.0, 0.0, 0.0, 0.0, 0.0, 0.0, 0.0, 0.0, 0.125235, 0.006591, 0.0, 0.0, 0.0, 0.0, 0.0, 0.0, 0.0, 0.0, 0.0, 0.0, 0.006591, 0.0, 0.0, 0.0, 0.0, 0.0, 0.461393, 0.026365, 0.0]",mock_generator
1002861,MOCK-REFINE-135,refinery_bf,Australia,89.1,268,11,"[0, 0, 1, 0, 0, 0, 0, 0, 10, 0, 16, 0, 0, 0, 2, 0, 0, 0, 2, 138, 0, 0, 0, 0, 0, 0, 0, 0, 0, 0, 0, 19, 2, 0, 0, 0, 0, 0, 0, 0, 0, 0, 0, 3, 0, 0, 0, 0, 0, 73, 2, 0]","[0.0, 0.0, 0.00631, 0.0, 0.0, 0.0, 0.0, 0.0, 0.063099, 0.0, 0.100959, 0.0, 0.0, 0.0, 0.01262, 0.0, 0.0, 0.0, 0.01262, 0.870771, 0.0, 0.0, 0.0, 0.0, 0.0, 0.0, 0.0, 0.0, 0.0, 0.0, 0.0, 0.119889, 0.01262, 0.0, 0.0, 0.0, 0.0, 0.0, 0.0, 0.0, 0.0, 0.0, 0.0, 0.01893, 0.0, 0.0, 0.0, 0.0, 0.0, 0.460625, 0.01262, 0.0]",mock_generator
1002869,MOCK-REFINE-136,refinery_bf,Canada,352.6,717,10,"[0, 0, 4, 0, 0, 0, 0, 0, 10, 0, 19, 0, 0, 0, 4, 0, 0, 0, 0, 486, 0, 0, 0, 0, 0, 0, 0, 0, 0, 0, 0, 43, 2, 0, 0, 0, 0, 0, 0, 0, 0, 0, 0, 8, 0, 0, 0, 0, 0, 133, 8, 0]","[0.0, 0.0, 0.0079, 0.0, 0.0, 0.0, 0.0, 0.0, 0.01975, 0.0, 0.037526, 0.0, 0.0, 0.0, 0.0079, 0.0, 0.0, 0.0, 0.0, 0.959869, 0.0, 0.0, 0.0, 0.0, 0.0, 0.0, 0.0, 0.0, 0.0, 0.0, 0.0, 0.084927, 0.00395, 0.0, 0.0, 0.0, 0.0, 0.0, 0.0, 0.0, 0.0, 0.0, 0.0, 0.0158, 0.0, 0.0, 0.0, 0.0, 0.0, 0.26268, 0.0158, 0.0]",mock_generator
1002882,MOCK-REFINE-137,refinery_bf,Canada,1253.2,1490,11,"[0, 0, 6, 0, 0, 0, 0, 0, 27, 0, 29, 0, 0, 0, 9, 0, 0, 0, 5, 1141, 0, 0, 0, 0, 0, 0, 0, 0, 0, 0, 0, 38, 8, 0, 0, 0, 0, 0, 0, 0, 0, 0, 0, 14, 0, 0, 0, 0, 0, 193, 20, 0]","[0.0, 0.0, 0.005178, 0.0, 0.0, 0.0, 0.0, 0.0, 0.023299, 0.0, 0.025025, 0.0, 0.0, 0.0, 0.007766, 0.0, 0.0, 0.0, 0.004315, 0.984592, 0.0, 0.0, 0.0, 0.0, 0.0, 0.0, 0.0, 0.0, 0.0, 0.0, 0.0, 0.032791, 0.006903, 0.0, 0.0, 0.0, 0.0, 0.0, 0.0, 0.0, 0.0, 0.0, 0.0, 0.012081, 0.0, 0.0, 0.0, 0.0, 0.0, 0.166544, 0.017258, 0.0]",mock_generator
1002900,MOCK-REFINE-138,refinery_bf,Belgium,69.0,218,10,"[0, 0, 1, 0, 0, 0, 0, 0, 1, 0, 10, 0, 0, 0, 1, 0, 0, 0, 2, 122, 0, 0, 0, 0, 0, 0, 0, 0, 0, 0, 0, 14, 0, 0, 0, 0, 0, 0, 0, 0, 0, 0, 0, 3, 0, 0, 0, 0, 0, 60, 4, 0]","[0.0, 0.0, 0.007291, 0.0, 0.0, 0.0, 0.0, 0.0, 0.007291, 0.0, 0.072909, 0.0, 0.0, 0.0, 0.007291, 0.0, 0.0, 0.0, 0.014582, 0.889493, 0.0, 0.0, 0.0, 0.0, 0.0, 0.0, 0.0, 0.0, 0.0, 0.0, 0.0, 0.102073, 0.0, 0.0, 0.0, 0.0, 0.0, 0.0, 0.0, 0.0, 0.0, 0.0, 0.0, 0.021873, 0.0, 0.0, 0.0, 0.0, 0.0, 0.437455, 0.029164, 0.0]",mock_generator
1002933,MOCK-REFINE-139,refinery_bf,Australia,277.0,644,11,"[0, 0, 2, 0, 0, 0, 0, 0, 9, 0, 42, 0, 0, 0, 7, 0, 0, 0, 3, 465, 0, 0, 0, 0, 0, 0, 0, 0, 0, 0, 0, 56, 4, 0, 0, 0, 0, 0, 0, 0, 0, 0, 0, 5, 0, 0, 0, 0, 0, 47, 4, 0]","[0.0, 0.0, 0.00423, 0.0, 0.0, 0.0, 0.0, 0.0, 0.019036, 0.0, 0.088834, 0.0, 0.0, 0.0, 0.014806, 0.0, 0.0, 0.0, 0.006345, 0.983515, 0.0, 0.0, 0.0, 0.0, 0.0, 0.0, 0.0, 0.0, 0.0, 0.0, 0.0, 0.118445, 0.00846, 0.0, 0.0, 0.0, 0.0, 0.0, 0.0, 0.0, 0.0, 0.0, 0.0, 0.010575, 0.0, 0.0, 0.0, 0.0, 0.0, 0.099409, 0.00846, 0.0]",mock_generator
1002940,MOCK-REFINE-140,refinery_bf,Australia,136.1,363,11,"[0, 0, 1, 0, 0, 0, 0, 0, 4, 0, 4, 0, 0, 0, 2, 0, 0, 0, 1, 244, 0, 0, 0, 0, 0, 0, 0, 0, 0, 0, 0, 24, 2, 0, 0, 0, 0, 0, 0, 0, 0, 0, 0, 4, 0, 0, 0, 0, 0, 72, 5, 0]","[0.0, 0.0, 0.003911, 0.0, 0.0, 0.0, 0.0, 0.0, 0.015644, 0.0, 0.015644, 0.0, 0.0, 0.0, 0.007822, 0.0, 0.0, 0.0, 0.003911, 0.954269, 0.0, 0.0, 0.0, 0.0, 0.0, 0.0, 0.0, 0.0, 0.0, 0.0, 0.0, 0.093862, 0.007822, 0.0, 0.0, 0.0, 0.0, 0.0, 0.0, 0.0, 0.0, 0.0, 0.0, 0.015644, 0.0, 0.0, 0.0, 0.0, 0.0, 0.281587, 0.019555, 0.0]",mock_generator
1002973,MOCK-ONSHOR-001,onshore_petchem,Canada,1643.5,1247,10,"[0, 0, 6, 0, 0, 0, 0, 0, 14, 0, 61, 0, 0, 0, 0, 0, 0, 0, 0, 813, 0, 0, 0, 0, 0, 0, 0, 0, 4, 0, 0, 40, 3, 0, 0, 0, 0, 0, 0, 0, 0, 0, 0, 10, 0, 0, 0, 0, 0, 286, 10, 0]","[0.0, 0.0, 0.006935, 0.0, 0.0, 0.0, 0.0, 0.0, 0.016182, 0.0, 0.070505, 0.0, 0.0, 0.0, 0.0, 0.0, 0.0, 0.0, 0.0, 0.939685, 0.0, 0.0, 0.0, 0.0, 0.0, 0.0, 0.0, 0.0, 0.004623, 0.0, 0.0, 0.046233, 0.003467, 0.0, 0.0, 0.0, 0.0, 0.0, 0.0, 0.0, 0.0, 0.0, 0.0, 0.011558, 0.0, 0.0, 0.0, 0.0, 0.0, 0.330566, 0.011558, 0.0]",mock_generator
1002995,MOCK-ONSHOR-002,onshore_petchem,United States,1878.9,1101,11,"[0, 0, 5, 0, 0, 0, 0, 0, 20, 0, 70, 0, 0, 0, 0, 0, 0, 0, 0, 600, 0, 0, 0, 0, 0, 0, 0, 0, 6, 0, 0, 34, 9, 0, 0, 0, 0, 8, 0, 0, 0, 0, 0, 13, 0, 0, 0, 0, 0, 319, 17, 0]","[0.0, 0.0, 0.007302, 0.0, 0.0, 0.0, 0.0, 0.0, 0.029208, 0.0, 0.102227, 0.0, 0.0, 0.0, 0.0, 0.0, 0.0, 0.0, 0.0, 0.876234, 0.0, 0.0, 0.0, 0.0, 0.0, 0.0, 0.0, 0.0, 0.008762, 0.0, 0.0, 0.049653, 0.013144, 0.0, 0.0, 0.0, 0.0, 0.011683, 0.0, 0.0, 0.0, 0.0, 0.0, 0.018985, 0.0, 0.0, 0.0, 0.0, 0.0, 0.465864, 0.024827, 0.0]",mock_generator
1003004,MOCK-ONSHOR-003,onshore_petchem,Canada,1267.4,821,11,"[0, 0, 2, 0, 0, 0, 0, 0, 12, 0, 47, 0, 0, 0, 0, 0, 0, 0, 0, 410, 0, 0, 0, 0, 0, 0, 0, 0, 3, 0, 0, 54, 7, 0, 0, 0, 0, 20, 0, 0, 0, 0, 0, 7, 0, 0, 0, 0, 0, 243, 16, 0]","[0.0, 0.0, 0.004142, 0.0, 0.0, 0.0, 0.0, 0.0, 0.02485, 0.0, 0.09733, 0.0, 0.0, 0.0, 0.0, 0.0, 0.0, 0.0, 0.0, 0.849051, 0.0, 0.0, 0.0, 0.0, 0.0, 0.0, 0.0, 0.0, 0.006213, 0.0, 0.0, 0.111826, 0.014496, 0.0, 0.0, 0.0, 0.0, 0.041417, 0.0, 0.0, 0.0, 0.0, 0.0, 0.014496, 0.0, 0.0, 0.0, 0.0, 0.0, 0.503218, 0.033134, 0.0]",mock_generator
1003020,MOCK-ONSHOR-004,onshore_petchem,Singapore,369.5,640,10,"[0, 0, 3, 0, 0, 0, 0, 0, 9, 0, 19, 0, 0, 0, 0, 0, 0, 0, 0, 410, 0, 0, 0, 0, 0, 0, 0, 0, 0, 0, 0, 42, 2, 0, 0, 0, 0, 2, 0, 0, 0, 0, 0, 6, 0, 0, 0, 0, 0, 143, 4, 0]","[0.0, 0.0, 0.006868, 0.0, 0.0, 0.0, 0.0, 0.0, 0.020603, 0.0, 0.043495, 0.0, 0.0, 0.0, 0.0, 0.0, 0.0, 0.0, 0.0, 0.938571, 0.0, 0.0, 0.0, 0.0, 0.0, 0.0, 0.0, 0.0, 0.0, 0.0, 0.0, 0.096146, 0.004578, 0.0, 0.0, 0.0, 0.0, 0.004578, 0.0, 0.0, 0.0, 0.0, 0.0, 0.013735, 0.0, 0.0, 0.0, 0.0, 0.0, 0.327355, 0.009157, 0.0]",mock_generator
1003037,MOCK-ONSHOR-005,onshore_petchem,Belgium,1336.4,1218,11,"[0, 0, 2, 0, 0, 0, 0, 0, 8, 0, 79, 0, 0, 0, 0, 0, 0, 0, 0, 847, 0, 0, 0, 0, 0, 0, 0, 0, 1, 0, 0, 62, 2, 0, 0, 0, 0, 12, 0, 0, 0, 0, 0, 11, 0, 0, 0, 0, 0, 178, 16, 0]","[0.0, 0.0, 0.002295, 0.0, 0.0, 0.0, 0.0, 0.0, 0.009178, 0.0, 0.090633, 0.0, 0.0, 0.0, 0.0, 0.0, 0.0, 0.0, 0.0, 0.971721, 0.0, 0.0, 0.0, 0.0, 0.0, 0.0, 0.0, 0.0, 0.001147, 0.0, 0.0, 0.07113, 0.002295, 0.0, 0.0, 0.0, 0.0, 0.013767, 0.0, 0.0, 0.0, 0.0, 0.0, 0.01262, 0.0, 0.0, 0.0, 0.0, 0.0, 0.204211, 0.018356, 0.0]",mock_generator
1003059,MOCK-ONSHOR-006,onshore_petchem,China,2141.0,1719,10,"[0, 0, 4, 0, 0, 0, 0, 0, 5, 0, 53, 0, 0, 0, 0, 0, 0, 0, 0, 1115, 0, 0, 0, 0, 0, 0, 0, 0, 3, 0, 0, 89, 5, 0, 0, 0, 0, 24, 0, 0, 0, 0, 0, 0, 0, 0, 0, 0, 0, 399, 22, 0]","[0.0, 0.0, 0.003363, 0.0, 0.0, 0.0, 0.0, 0.0, 0.004204, 0.0, 0.044566, 0.0, 0.0, 0.0, 0.0, 0.0, 0.0, 0.0, 0.0, 0.937574, 0.0, 0.0, 0.0, 0.0, 0.0, 0.0, 0.0, 0.0, 0.002523, 0.0, 0.0, 0.074838, 0.004204, 0.0, 0.0, 0.0, 0.0, 0.020181, 0.0, 0.0, 0.0, 0.0, 0.0, 0.0, 0.0, 0.0, 0.0, 0.0, 0.0, 0.335508, 0.018499, 0.0]",mock_generator
1003070,MOCK-ONSHOR-007,onshore_petchem,Canada,1336.6,635,10,"[0, 0, 9, 0, 0, 0, 0, 0, 15, 0, 23, 0, 0, 0, 0, 0, 0, 0, 0, 224, 0, 0, 0, 0, 0, 0, 0, 0, 0, 0, 0, 53, 5, 0, 0, 0, 0, 8, 0, 0, 0, 0, 0, 13, 0, 0, 0, 0, 0, 277, 8, 0]","[0.0, 0.0, 0.024878, 0.0, 0.0, 0.0, 0.0, 0.0, 0.041464, 0.0, 0.063578, 0.0, 0.0, 0.0, 0.0, 0.0, 0.0, 0.0, 0.0, 0.619193, 0.0, 0.0, 0.0, 0.0, 0.0, 0.0, 0.0, 0.0, 0.0, 0.0, 0.0, 0.146506, 0.013821, 0.0, 0.0, 0.0, 0.0, 0.022114, 0.0, 0.0, 0.0, 0.0, 0.0, 0.035935, 0.0, 0.0, 0.0, 0.0, 0.0, 0.765699, 0.022114, 0.0]",mock_generator
1003086,MOCK-ONSHOR-008,onshore_petchem,Singapore,1555.1,1087,10,"[0, 0, 10, 0, 0, 0, 0, 0, 17, 0, 70, 0, 0, 0, 0, 0, 0, 0, 0, 668, 0, 0, 0, 0, 0, 0, 0, 0, 4, 0, 0, 79, 0, 0, 0, 0, 0, 18, 0, 0, 0, 0, 0, 6, 0, 0, 0, 0, 0, 196, 19, 0]","[0.0, 0.0, 0.014186, 0.0, 0.0, 0.0, 0.0, 0.0, 0.024116, 0.0, 0.099303, 0.0, 0.0, 0.0, 0.0, 0.0, 0.0, 0.0, 0.0, 0.94763, 0.0, 0.0, 0.0, 0.0, 0.0, 0.0, 0.0, 0.0, 0.005674, 0.0, 0.0, 0.11207, 0.0, 0.0, 0.0, 0.0, 0.0, 0.025535, 0.0, 0.0, 0.0, 0.0, 0.0, 0.008512, 0.0, 0.0, 0.0, 0.0, 0.0, 0.278047, 0.026954, 0.0]",mock_generator
1003102,MOCK-ONSHOR-009,onshore_petchem,Singapore,765.7,823,11,"[0, 0, 4, 0, 0, 0, 0, 0, 7, 0, 32, 0, 0, 0, 0, 0, 0, 0, 0, 522, 0, 0, 0, 0, 0, 0, 0, 0, 1, 0, 0, 56, 4, 0, 0, 0, 0, 15, 0, 0, 0, 0, 0, 8, 0, 0, 0, 0, 0, 166, 8, 0]","[0.0, 0.0, 0.007247, 0.0, 0.0, 0.0, 0.0, 0.0, 0.012683, 0.0, 0.057978, 0.0, 0.0, 0.0, 0.0, 0.0, 0.0, 0.0, 0.0, 0.945759, 0.0, 0.0, 0.0, 0.0, 0.0, 0.0, 0.0, 0.0, 0.001812, 0.0, 0.0, 0.101461, 0.007247, 0.0, 0.0, 0.0, 0.0, 0.027177, 0.0, 0.0, 0.0, 0.0, 0.0, 0.014494, 0.0, 0.0, 0.0, 0.0, 0.0, 0.300759, 0.014494, 0.0]",mock_generator
1003131,MOCK-ONSHOR-010,onshore_petchem,Saudi Arabia,574.4,743,10,"[0, 0, 6, 0, 0, 0, 0, 0, 9, 0, 24, 0, 0, 0, 0, 0, 0, 0, 0, 460, 0, 0, 0, 0, 0, 0, 0, 0, 2, 0, 0, 40, 0, 0, 0, 0, 0, 17, 0, 0, 0, 0, 0, 10, 0, 0, 0, 0, 0, 163, 12, 0]","[0.0, 0.0, 0.012222, 0.0, 0.0, 0.0, 0.0, 0.0, 0.018333, 0.0, 0.048888, 0.0, 0.0, 0.0, 0.0, 0.0, 0.0, 0.0, 0.0, 0.937023, 0.0, 0.0, 0.0, 0.0, 0.0, 0.0, 0.0, 0.0, 0.004074, 0.0, 0.0, 0.08148, 0.0, 0.0, 0.0, 0.0, 0.0, 0.034629, 0.0, 0.0, 0.0, 0.0, 0.0, 0.02037, 0.0, 0.0, 0.0, 0.0, 0.0, 0.332032, 0.024444, 0.0]",mock_generator
1003167,MOCK-ONSHOR-011,onshore_petchem,Belgium,504.3,481,11,"[0, 0, 5, 0, 0, 0, 0, 0, 12, 0, 23, 0, 0, 0, 0, 0, 0, 0, 0, 279, 0, 0, 0, 0, 0, 0, 0, 0, 2, 0, 0, 35, 3, 0, 0, 0, 0, 8, 0, 0, 0, 0, 0, 3, 0, 0, 0, 0, 0, 99, 12, 0]","[0.0, 0.0, 0.016686, 0.0, 0.0, 0.0, 0.0, 0.0, 0.040046, 0.0, 0.076754, 0.0, 0.0, 0.0, 0.0, 0.0, 0.0, 0.0, 0.0, 0.931061, 0.0, 0.0, 0.0, 0.0, 0.0, 0.0, 0.0, 0.0, 0.006674, 0.0, 0.0, 0.1168, 0.010011, 0.0, 0.0, 0.0, 0.0, 0.026697, 0.0, 0.0, 0.0, 0.0, 0.0, 0.010011, 0.0, 0.0, 0.0, 0.0, 0.0, 0.330376, 0.040046, 0.0]",mock_generator
1003196,MOCK-ONSHOR-012,onshore_petchem,China,1484.3,1076,11,"[0, 0, 12, 0, 0, 0, 0, 0, 14, 0, 57, 0, 0, 0, 0, 0, 0, 0, 0, 431, 0, 0, 0, 0, 0, 0, 0, 0, 3, 0, 0, 40, 2, 0, 0, 0, 0, 19, 0, 0, 0, 0, 0, 12, 0, 0, 0, 0, 0, 468, 18, 0]","[0.0, 0.0, 0.018722, 0.0, 0.0, 0.0, 0.0, 0.0, 0.021843, 0.0, 0.088931, 0.0, 0.0, 0.0, 0.0, 0.0, 0.0, 0.0, 0.0, 0.67244, 0.0, 0.0, 0.0, 0.0, 0.0, 0.0, 0.0, 0.0, 0.004681, 0.0, 0.0, 0.062407, 0.00312, 0.0, 0.0, 0.0, 0.0, 0.029644, 0.0, 0.0, 0.0, 0.0, 0.0, 0.018722, 0.0, 0.0, 0.0, 0.0, 0.0, 0.730167, 0.028083, 0.0]",mock_generator
1003199,MOCK-ONSHOR-013,onshore_petchem,China,275.2,534,11,"[0, 0, 1, 0, 0, 0, 0, 0, 9, 0, 36, 0, 0, 0, 0, 0, 0, 0, 0, 337, 0, 0, 0, 0, 0, 0, 0, 0, 1, 0, 0, 32, 1, 0, 0, 0, 0, 4, 0, 0, 0, 0, 0, 7, 0, 0, 0, 0, 0, 101, 5, 0]","[0.0, 0.0, 0.002814, 0.0, 0.0, 0.0, 0.0, 0.0, 0.025328, 0.0, 0.101312, 0.0, 0.0, 0.0, 0.0, 0.0, 0.0, 0.0, 0.0, 0.948397, 0.0, 0.0, 0.0, 0.0, 0.0, 0.0, 0.0, 0.0, 0.002814, 0.0, 0.0, 0.090055, 0.002814, 0.0, 0.0, 0.0, 0.0, 0.011257, 0.0, 0.0, 0.0, 0.0, 0.0, 0.0197, 0.0, 0.0, 0.0, 0.0, 0.0, 0.284238, 0.014071, 0.0]",mock_generator
1003237,MOCK-ONSHOR-014,onshore_petchem,Saudi Arabia,2688.6,1678,11,"[0, 0, 8, 0, 0, 0, 0, 0, 19, 0, 70, 0, 0, 0, 0, 0, 0, 0, 0, 921, 0, 0, 0, 0, 0, 0, 0, 0, 4, 0, 0, 165, 6, 0, 0, 0, 0, 27, 0, 0, 0, 0, 0, 18, 0, 0, 0, 0, 0, 427, 13, 0]","[0.0, 0.0, 0.007754, 0.0, 0.0, 0.0, 0.0, 0.0, 0.018416, 0.0, 0.06785, 0.0, 0.0, 0.0, 0.0, 0.0, 0.0, 0.0, 0.0, 0.892706, 0.0, 0.0, 0.0, 0.0, 0.0, 0.0, 0.0, 0.0, 0.003877, 0.0, 0.0, 0.159931, 0.005816, 0.0, 0.0, 0.0, 0.0, 0.026171, 0.0, 0.0, 0.0, 0.0, 0.0, 0.017447, 0.0, 0.0, 0.0, 0.0, 0.0, 0.413882, 0.012601, 0.0]",mock_generator
1003255,MOCK-ONSHOR-015,onshore_petchem,Saudi Arabia,466.3,596,11,"[0, 0, 3, 0, 0, 0, 0, 0, 10, 0, 28, 0, 0, 0, 0, 0, 0, 0, 0, 363, 0, 0, 0, 0, 0, 0, 0, 0, 2, 0, 0, 67, 1, 0, 0, 0, 0, 14, 0, 0, 0, 0, 0, 4, 0, 0, 0, 0, 0, 97, 7, 0]","[0.0, 0.0, 0.007829, 0.0, 0.0, 0.0, 0.0, 0.0, 0.026097, 0.0, 0.073073, 0.0, 0.0, 0.0, 0.0, 0.0, 0.0, 0.0, 0.0, 0.947338, 0.0, 0.0, 0.0, 0.0, 0.0, 0.0, 0.0, 0.0, 0.005219, 0.0, 0.0, 0.174853, 0.00261, 0.0, 0.0, 0.0, 0.0, 0.036536, 0.0, 0.0, 0.0, 0.0, 0.0, 0.010439, 0.0, 0.0, 0.0, 0.0, 0.0, 0.253146, 0.018268, 0.0]",mock_generator
1003256,MOCK-ONSHOR-016,onshore_petchem,Belgium,1733.2,788,10,"[0, 0, 3, 0, 0, 0, 0, 0, 20, 0, 45, 0, 0, 0, 0, 0, 0, 0, 0, 579, 0, 0, 0, 0, 0, 0, 0, 0, 3, 0, 0, 96, 6, 0, 0, 0, 0, 13, 0, 0, 0, 0, 0, 10, 0, 0, 0, 0, 0, 0, 13, 0]","[0.0, 0.0, 0.00509, 0.0, 0.0, 0.0, 0.0, 0.0, 0.033934, 0.0, 0.076351, 0.0, 0.0, 0.0, 0.0, 0.0, 0.0, 0.0, 0.0, 0.982381, 0.0, 0.0, 0.0, 0.0, 0.0, 0.0, 0.0, 0.0, 0.00509, 0.0, 0.0, 0.162882, 0.01018, 0.0, 0.0, 0.0, 0.0, 0.022057, 0.0, 0.0, 0.0, 0.0, 0.0, 0.016967, 0.0, 0.0, 0.0, 0.0, 0.0, 0.0, 0.022057, 0.0]",mock_generator
1003281,MOCK-ONSHOR-017,onshore_petchem,China,1108.0,1209,11,"[0, 0, 1, 0, 0, 0, 0, 0, 22, 0, 46, 0, 0, 0, 0, 0, 0, 0, 0, 822, 0, 0, 0, 0, 0, 0, 0, 0, 2, 0, 0, 49, 7, 0, 0, 0, 0, 7, 0, 0, 0, 0, 0, 15, 0, 0, 0, 0, 0, 227, 11, 0]","[0.0, 0.0, 0.001168, 0.0, 0.0, 0.0, 0.0, 0.0, 0.025702, 0.0, 0.053741, 0.0, 0.0, 0.0, 0.0, 0.0, 0.0, 0.0, 0.0, 0.960328, 0.0, 0.0, 0.0, 0.0, 0.0, 0.0, 0.0, 0.0, 0.002337, 0.0, 0.0, 0.057246, 0.008178, 0.0, 0.0, 0.0, 0.0, 0.008178, 0.0, 0.0, 0.0, 0.0, 0.0, 0.017524, 0.0, 0.0, 0.0, 0.0, 0.0, 0.2652, 0.012851, 0.0]",mock_generator
1003304,MOCK-ONSHOR-018,onshore_petchem,China,588.5,555,10,"[0, 0, 2, 0, 0, 0, 0, 0, 4, 0, 25, 0, 0, 0, 0, 0, 0, 0, 0, 277, 0, 0, 0, 0, 0, 0, 0, 0, 0, 0, 0, 38, 4, 0, 0, 0, 0, 10, 0, 0, 0, 0, 0, 8, 0, 0, 0, 0, 0, 173, 14, 0]","[0.0, 0.0, 0.006054, 0.0, 0.0, 0.0, 0.0, 0.0, 0.012109, 0.0, 0.07568, 0.0, 0.0, 0.0, 0.0, 0.0, 0.0, 0.0, 0.0, 0.838536, 0.0, 0.0, 0.0, 0.0, 0.0, 0.0, 0.0, 0.0, 0.0, 0.0, 0.0, 0.115034, 0.012109, 0.0, 0.0, 0.0, 0.0, 0.030272, 0.0, 0.0, 0.0, 0.0, 0.0, 0.024218, 0.0, 0.0, 0.0, 0.0, 0.0, 0.523706, 0.042381, 0.0]",mock_generator
1003328,MOCK-ONSHOR-019,onshore_petchem,United States,3151.2,1860,11,"[0, 0, 2, 0, 0, 0, 0, 0, 19, 0, 46, 0, 0, 0, 0, 0, 0, 0, 0, 878, 0, 0, 0, 0, 0, 0, 0, 0, 5, 0, 0, 202, 5, 0, 0, 0, 0, 22, 0, 0, 0, 0, 0, 21, 0, 0, 0, 0, 0, 648, 12, 0]","[0.0, 0.0, 0.0018, 0.0, 0.0, 0.0, 0.0, 0.0, 0.017096, 0.0, 0.04139, 0.0, 0.0, 0.0, 0.0, 0.0, 0.0, 0.0, 0.0, 0.79, 0.0, 0.0, 0.0, 0.0, 0.0, 0.0, 0.0, 0.0, 0.004499, 0.0, 0.0, 0.181754, 0.004499, 0.0, 0.0, 0.0, 0.0, 0.019795, 0.0, 0.0, 0.0, 0.0, 0.0, 0.018895, 0.0, 0.0, 0.0, 0.0, 0.0, 0.583053, 0.010797, 0.0]",mock_generator
1003363,MOCK-ONSHOR-020,onshore_petchem,Canada,119.3,349,11,"[0, 0, 3, 0, 0, 0, 0, 0, 10, 0, 5, 0, 0, 0, 0, 0, 0, 0, 0, 223, 0, 0, 0, 0, 0, 0, 0, 0, 1, 0, 0, 16, 4, 0, 0, 0, 0, 4, 0, 0, 0, 0, 0, 2, 0, 0, 0, 0, 0, 79, 2, 0]","[0.0, 0.0, 0.012632, 0.0, 0.0, 0.0, 0.0, 0.0, 0.042107, 0.0, 0.021054, 0.0, 0.0, 0.0, 0.0, 0.0, 0.0, 0.0, 0.0, 0.938991, 0.0, 0.0, 0.0, 0.0, 0.0, 0.0, 0.0, 0.0, 0.004211, 0.0, 0.0, 0.067372, 0.016843, 0.0, 0.0, 0.0, 0.0, 0.016843, 0.0, 0.0, 0.0, 0.0, 0.0, 0.008421, 0.0, 0.0, 0.0, 0.0, 0.0, 0.332647, 0.008421, 0.0]",mock_generator
1003372,MOCK-ONSHOR-021,onshore_petchem,Saudi Arabia,2069.1,1009,11,"[0, 0, 8, 0, 0, 0, 0, 0, 28, 0, 38, 0, 0, 0, 0, 0, 0, 0, 0, 449, 0, 0, 0, 0, 0, 0, 0, 0, 4, 0, 0, 108, 6, 0, 0, 0, 0, 22, 0, 0, 0, 0, 0, 13, 0, 0, 0, 0, 0, 312, 21, 0]","[0.0, 0.0, 0.014276, 0.0, 0.0, 0.0, 0.0, 0.0, 0.049964, 0.0, 0.067809, 0.0, 0.0, 0.0, 0.0, 0.0, 0.0, 0.0, 0.0, 0.801215, 0.0, 0.0, 0.0, 0.0, 0.0, 0.0, 0.0, 0.0, 0.007138, 0.0, 0.0, 0.19272, 0.010707, 0.0, 0.0, 0.0, 0.0, 0.039258, 0.0, 0.0, 0.0, 0.0, 0.0, 0.023198, 0.0, 0.0, 0.0, 0.0, 0.0, 0.556746, 0.037473, 0.0]",mock_generator
1003384,MOCK-ONSHOR-022,onshore_petchem,Belgium,3099.2,1267,11,"[0, 0, 8, 0, 0, 0, 0, 0, 20, 0, 81, 0, 0, 0, 0, 0, 0, 0, 0, 804, 0, 0, 0, 0, 0, 0, 0, 0, 2, 0, 0, 75, 6, 0, 0, 0, 0, 9, 0, 0, 0, 0, 0, 12, 0, 0, 0, 0, 0, 242, 8, 0]","[0.0, 0.0, 0.009441, 0.0, 0.0, 0.0, 0.0, 0.0, 0.023604, 0.0, 0.095595, 0.0, 0.0, 0.0, 0.0, 0.0, 0.0, 0.0, 0.0, 0.948869, 0.0, 0.0, 0.0, 0.0, 0.0, 0.0, 0.0, 0.0, 0.00236, 0.0, 0.0, 0.088514, 0.007081, 0.0, 0.0, 0.0, 0.0, 0.010622, 0.0, 0.0, 0.0, 0.0, 0.0, 0.014162, 0.0, 0.0, 0.0, 0.0, 0.0, 0.285605, 0.009441, 0.0]",mock_generator
1003389,MOCK-ONSHOR-023,onshore_petchem,Canada,807.8,969,11,"[0, 0, 6, 0, 0, 0, 0, 0, 8, 0, 48, 0, 0, 0, 0, 0, 0, 0, 0, 577, 0, 0, 0, 0, 0, 0, 0, 0, 3, 0, 0, 48, 1, 0, 0, 0, 0, 8, 0, 0, 0, 0, 0, 6, 0, 0, 0, 0, 0, 250, 14, 0]","[0.0, 0.0, 0.009482, 0.0, 0.0, 0.0, 0.0, 0.0, 0.012642, 0.0, 0.075853, 0.0, 0.0, 0.0, 0.0, 0.0, 0.0, 0.0, 0.0, 0.911812, 0.0, 0.0, 0.0, 0.0, 0.0, 0.0, 0.0, 0.0, 0.004741, 0.0, 0.0, 0.075853, 0.00158, 0.0, 0.0, 0.0, 0.0, 0.012642, 0.0, 0.0, 0.0, 0.0, 0.0, 0.009482, 0.0, 0.0, 0.0, 0.0, 0.0, 0.395066, 0.022124, 0.0]",mock_generator
1003402,MOCK-ONSHOR-024,onshore_petchem,Belgium,2010.7,1537,11,"[0, 0, 1, 0, 0, 0, 0, 0, 16, 0, 89, 0, 0, 0, 0, 0, 0, 0, 0, 980, 0, 0, 0, 0, 0, 0, 0, 0, 4, 0, 0, 123, 8, 0, 0, 0, 0, 18, 0, 0, 0, 0, 0, 14, 0, 0, 0, 0, 0, 267, 17, 0]","[0.0, 0.0, 0.000973, 0.0, 0.0, 0.0, 0.0, 0.0, 0.015571, 0.0, 0.086613, 0.0, 0.0, 0.0, 0.0, 0.0, 0.0, 0.0, 0.0, 0.953713, 0.0, 0.0, 0.0, 0.0, 0.0, 0.0, 0.0, 0.0, 0.003893, 0.0, 0.0, 0.119701, 0.007785, 0.0, 0.0, 0.0, 0.0, 0.017517, 0.0, 0.0, 0.0, 0.0, 0.0, 0.013624, 0.0, 0.0, 0.0, 0.0, 0.0, 0.259838, 0.016544, 0.0]",mock_generator
1003409,MOCK-ONSHOR-025,onshore_petchem,Singapore,361.7,512,9,"[0, 0, 2, 0, 0, 0, 0, 0, 5, 0, 45, 0, 0, 0, 0, 0, 0, 0, 0, 240, 0, 0, 0, 0, 0, 0, 0, 0, 0, 0, 0, 35, 0, 0, 0, 0, 0, 9, 0, 0, 0, 0, 0, 4, 0, 0, 0, 0, 0, 166, 6, 0]","[0.0, 0.0, 0.00672, 0.0, 0.0, 0.0, 0.0, 0.0, 0.016801, 0.0, 0.151208, 0.0, 0.0, 0.0, 0.0, 0.0, 0.0, 0.0, 0.0, 0.806441, 0.0, 0.0, 0.0, 0.0, 0.0, 0.0, 0.0, 0.0, 0.0, 0.0, 0.0, 0.117606, 0.0, 0.0, 0.0, 0.0, 0.0, 0.030242, 0.0, 0.0, 0.0, 0.0, 0.0, 0.013441, 0.0, 0.0, 0.0, 0.0, 0.0, 0.557789, 0.020161, 0.0]",mock_generator
1003420,MOCK-ONSHOR-026,onshore_petchem,United States,251.5,715,11,"[0, 0, 4, 0, 0, 0, 0, 0, 4, 0, 30, 0, 0, 0, 0, 0, 0, 0, 0, 425, 0, 0, 0, 0, 0, 0, 0, 0, 2, 0, 0, 70, 3, 0, 0, 0, 0, 7, 0, 0, 0, 0, 0, 5, 0, 0, 0, 0, 0, 160, 5, 0]","[0.0, 0.0, 0.008684, 0.0, 0.0, 0.0, 0.0, 0.0, 0.008684, 0.0, 0.06513, 0.0, 0.0, 0.0, 0.0, 0.0, 0.0, 0.0, 0.0, 0.922673, 0.0, 0.0, 0.0, 0.0, 0.0, 0.0, 0.0, 0.0, 0.004342, 0.0, 0.0, 0.15197, 0.006513, 0.0, 0.0, 0.0, 0.0, 0.015197, 0.0, 0.0, 0.0, 0.0, 0.0, 0.010855, 0.0, 0.0, 0.0, 0.0, 0.0, 0.347359, 0.010855, 0.0]",mock_generator
1003450,MOCK-ONSHOR-027,onshore_petchem,Belgium,364.4,605,10,"[0, 0, 4, 0, 0, 0, 0, 0, 9, 0, 14, 0, 0, 0, 0, 0, 0, 0, 0, 379, 0, 0, 0, 0, 0, 0, 0, 0, 0, 0, 0, 21, 5, 0, 0, 0, 0, 8, 0, 0, 0, 0, 0, 6, 0, 0, 0, 0, 0, 150, 9, 0]","[0.0, 0.0, 0.009786, 0.0, 0.0, 0.0, 0.0, 0.0, 0.022018, 0.0, 0.03425, 0.0, 0.0, 0.0, 0.0, 0.0, 0.0, 0.0, 0.0, 0.927205, 0.0, 0.0, 0.0, 0.0, 0.0, 0.0, 0.0, 0.0, 0.0, 0.0, 0.0, 0.051375, 0.012232, 0.0, 0.0, 0.0, 0.0, 0.019572, 0.0, 0.0, 0.0, 0.0, 0.0, 0.014679, 0.0, 0.0, 0.0, 0.0, 0.0, 0.366968, 0.022018, 0.0]",mock_generator
1003452,MOCK-ONSHOR-028,onshore_petchem,United States,1627.7,1040,11,"[0, 0, 6, 0, 0, 0, 0, 0, 23, 0, 25, 0, 0, 0, 0, 0, 0, 0, 0, 519, 0, 0, 0, 0, 0, 0, 0, 0, 2, 0, 0, 102, 3, 0, 0, 0, 0, 22, 0, 0, 0, 0, 0, 2, 0, 0, 0, 0, 0, 326, 10, 0]","[0.0, 0.0, 0.009635, 0.0, 0.0, 0.0, 0.0, 0.0, 0.036932, 0.0, 0.040144, 0.0, 0.0, 0.0, 0.0, 0.0, 0.0, 0.0, 0.0, 0.833385, 0.0, 0.0, 0.0, 0.0, 0.0, 0.0, 0.0, 0.0, 0.003212, 0.0, 0.0, 0.163787, 0.004817, 0.0, 0.0, 0.0, 0.0, 0.035327, 0.0, 0.0, 0.0, 0.0, 0.0, 0.003212, 0.0, 0.0, 0.0, 0.0, 0.0, 0.523475, 0.016058, 0.0]",mock_generator
1003480,MOCK-ONSHOR-029,onshore_petchem,Singapore,437.6,681,9,"[0, 0, 4, 0, 0, 0, 0, 0, 5, 0, 23, 0, 0, 0, 0, 0, 0, 0, 0, 397, 0, 0, 0, 0, 0, 0, 0, 0, 0, 0, 0, 72, 0, 0, 0, 0, 0, 10, 0, 0, 0, 0, 0, 5, 0, 0, 0, 0, 0, 155, 10, 0]","[0.0, 0.0, 0.009235, 0.0, 0.0, 0.0, 0.0, 0.0, 0.011544, 0.0, 0.0531, 0.0, 0.0, 0.0, 0.0, 0.0, 0.0, 0.0, 0.0, 0.916556, 0.0, 0.0, 0.0, 0.0, 0.0, 0.0, 0.0, 0.0, 0.0, 0.0, 0.0, 0.166227, 0.0, 0.0, 0.0, 0.0, 0.0, 0.023087, 0.0, 0.0, 0.0, 0.0, 0.0, 0.011544, 0.0, 0.0, 0.0, 0.0, 0.0, 0.357849, 0.023087, 0.0]",mock_generator
1003494,MOCK-ONSHOR-030,onshore_petchem,China,2020.3,1301,11,"[0, 0, 5, 0, 0, 0, 0, 0, 35, 0, 80, 0, 0, 0, 0, 0, 0, 0, 0, 557, 0, 0, 0, 0, 0, 0, 0, 0, 2, 0, 0, 106, 4, 0, 0, 0, 0, 20, 0, 0, 0, 0, 0, 20, 0, 0, 0, 0, 0, 456, 16, 0]","[0.0, 0.0, 0.006816, 0.0, 0.0, 0.0, 0.0, 0.0, 0.047711, 0.0, 0.109053, 0.0, 0.0, 0.0, 0.0, 0.0, 0.0, 0.0, 0.0, 0.759285, 0.0, 0.0, 0.0, 0.0, 0.0, 0.0, 0.0, 0.0, 0.002726, 0.0, 0.0, 0.144496, 0.005453, 0.0, 0.0, 0.0, 0.0, 0.027263, 0.0, 0.0, 0.0, 0.0, 0.0, 0.027263, 0.0, 0.0, 0.0, 0.0, 0.0, 0.621605, 0.021811, 0.0]",mock_generator
1003502,MOCK-ONSHOR-031,onshore_petchem,Singapore,2304.6,1310,11,"[0, 0, 10, 0, 0, 0, 0, 0, 30, 0, 73, 0, 0, 0, 0, 0, 0, 0, 0, 716, 0, 0, 0, 0, 0, 0, 0, 0, 5, 0, 0, 69, 6, 0, 0, 0, 0, 28, 0, 0, 0, 0, 0, 9, 0, 0, 0, 0, 0, 337, 27, 0]","[0.0, 0.0, 0.01251, 0.0, 0.0, 0.0, 0.0, 0.0, 0.03753, 0.0, 0.091324, 0.0, 0.0, 0.0, 0.0, 0.0, 0.0, 0.0, 0.0, 0.895721, 0.0, 0.0, 0.0, 0.0, 0.0, 0.0, 0.0, 0.0, 0.006255, 0.0, 0.0, 0.086319, 0.007506, 0.0, 0.0, 0.0, 0.0, 0.035028, 0.0, 0.0, 0.0, 0.0, 0.0, 0.011259, 0.0, 0.0, 0.0, 0.0, 0.0, 0.421589, 0.033777, 0.0]",mock_generator
1003521,MOCK-ONSHOR-032,onshore_petchem,Saudi Arabia,1615.1,824,11,"[0, 0, 9, 0, 0, 0, 0, 0, 23, 0, 35, 0, 0, 0, 0, 0, 0, 0, 0, 217, 0, 0, 0, 0, 0, 0, 0, 0, 2, 0, 0, 95, 9, 0, 0, 0, 0, 16, 0, 0, 0, 0, 0, 6, 0, 0, 0, 0, 0, 395, 17, 0]","[0.0, 0.0, 0.019426, 0.0, 0.0, 0.0, 0.0, 0.0, 0.049645, 0.0, 0.075546, 0.0, 0.0, 0.0, 0.0, 0.0, 0.0, 0.0, 0.0, 0.468387, 0.0, 0.0, 0.0, 0.0, 0.0, 0.0, 0.0, 0.0, 0.004317, 0.0, 0.0, 0.205054, 0.019426, 0.0, 0.0, 0.0, 0.0, 0.034535, 0.0, 0.0, 0.0, 0.0, 0.0, 0.012951, 0.0, 0.0, 0.0, 0.0, 0.0, 0.852593, 0.036694, 0.0]",mock_generator
1003540,MOCK-ONSHOR-033,onshore_petchem,United States,1152.7,1093,11,"[0, 0, 7, 0, 0, 0, 0, 0, 24, 0, 20, 0, 0, 0, 0, 0, 0, 0, 0, 680, 0, 0, 0, 0, 0, 0, 0, 0, 2, 0, 0, 48, 5, 0, 0, 0, 0, 22, 0, 0, 0, 0, 0, 7, 0, 0, 0, 0, 0, 270, 8, 0]","[0.0, 0.0, 0.009532, 0.0, 0.0, 0.0, 0.0, 0.0, 0.032682, 0.0, 0.027235, 0.0, 0.0, 0.0, 0.0, 0.0, 0.0, 0.0, 0.0, 0.926002, 0.0, 0.0, 0.0, 0.0, 0.0, 0.0, 0.0, 0.0, 0.002724, 0.0, 0.0, 0.065365, 0.006809, 0.0, 0.0, 0.0, 0.0, 0.029959, 0.0, 0.0, 0.0, 0.0, 0.0, 0.009532, 0.0, 0.0, 0.0, 0.0, 0.0, 0.367677, 0.010894, 0.0]",mock_generator
1003545,MOCK-ONSHOR-034,onshore_petchem,Belgium,666.7,873,11,"[0, 0, 5, 0, 0, 0, 0, 0, 14, 0, 38, 0, 0, 0, 0, 0, 0, 0, 0, 461, 0, 0, 0, 0, 0, 0, 0, 0, 1, 0, 0, 72, 4, 0, 0, 0, 0, 14, 0, 0, 0, 0, 0, 12, 0, 0, 0, 0, 0, 242, 10, 0]","[0.0, 0.0, 0.009476, 0.0, 0.0, 0.0, 0.0, 0.0, 0.026534, 0.0, 0.07202, 0.0, 0.0, 0.0, 0.0, 0.0, 0.0, 0.0, 0.0, 0.873722, 0.0, 0.0, 0.0, 0.0, 0.0, 0.0, 0.0, 0.0, 0.001895, 0.0, 0.0, 0.13646, 0.007581, 0.0, 0.0, 0.0, 0.0, 0.026534, 0.0, 0.0, 0.0, 0.0, 0.0, 0.022743, 0.0, 0.0, 0.0, 0.0, 0.0, 0.458657, 0.018953, 0.0]",mock_generator
1003570,MOCK-ONSHOR-035,onshore_petchem,Belgium,251.9,440,10,"[0, 0, 3, 0, 0, 0, 0, 0, 8, 0, 5, 0, 0, 0, 0, 0, 0, 0, 0, 294, 0, 0, 0, 0, 0, 0, 0, 0, 0, 0, 0, 24, 2, 0, 0, 0, 0, 10, 0, 0, 0, 0, 0, 4, 0, 0, 0, 0, 0, 85, 5, 0]","[0.0, 0.0, 0.00976, 0.0, 0.0, 0.0, 0.0, 0.0, 0.026027, 0.0, 0.016267, 0.0, 0.0, 0.0, 0.0, 0.0, 0.0, 0.0, 0.0, 0.956483, 0.0, 0.0, 0.0, 0.0, 0.0, 0.0, 0.0, 0.0, 0.0, 0.0, 0.0, 0.07808, 0.006507, 0.0, 0.0, 0.0, 0.0, 0.032533, 0.0, 0.0, 0.0, 0.0, 0.0, 0.013013, 0.0, 0.0, 0.0, 0.0, 0.0, 0.276534, 0.016267, 0.0]",mock_generator
1003603,MOCK-ONSHOR-036,onshore_petchem,Canada,838.9,1124,11,"[0, 0, 3, 0, 0, 0, 0, 0, 11, 0, 39, 0, 0, 0, 0, 0, 0, 0, 0, 813, 0, 0, 0, 0, 0, 0, 0, 0, 2, 0, 0, 18, 6, 0, 0, 0, 0, 10, 0, 0, 0, 0, 0, 11, 0, 0, 0, 0, 0, 203, 8, 0]","[0.0, 0.0, 0.003574, 0.0, 0.0, 0.0, 0.0, 0.0, 0.013106, 0.0, 0.046466, 0.0, 0.0, 0.0, 0.0, 0.0, 0.0, 0.0, 0.0, 0.968628, 0.0, 0.0, 0.0, 0.0, 0.0, 0.0, 0.0, 0.0, 0.002383, 0.0, 0.0, 0.021446, 0.007149, 0.0, 0.0, 0.0, 0.0, 0.011914, 0.0, 0.0, 0.0, 0.0, 0.0, 0.013106, 0.0, 0.0, 0.0, 0.0, 0.0, 0.241859, 0.009531, 0.0]",mock_generator
1003622,MOCK-ONSHOR-037,onshore_petchem,China,432.0,569,11,"[0, 0, 4, 0, 0, 0, 0, 0, 11, 0, 48, 0, 0, 0, 0, 0, 0, 0, 0, 272, 0, 0, 0, 0, 0, 0, 0, 0, 1, 0, 0, 69, 2, 0, 0, 0, 0, 14, 0, 0, 0, 0, 0, 4, 0, 0, 0, 0, 0, 136, 8, 0]","[0.0, 0.0, 0.012651, 0.0, 0.0, 0.0, 0.0, 0.0, 0.034791, 0.0, 0.151817, 0.0, 0.0, 0.0, 0.0, 0.0, 0.0, 0.0, 0.0, 0.860299, 0.0, 0.0, 0.0, 0.0, 0.0, 0.0, 0.0, 0.0, 0.003163, 0.0, 0.0, 0.218238, 0.006326, 0.0, 0.0, 0.0, 0.0, 0.04428, 0.0, 0.0, 0.0, 0.0, 0.0, 0.012651, 0.0, 0.0, 0.0, 0.0, 0.0, 0.430149, 0.025303, 0.0]",mock_generator
1003626,MOCK-ONSHOR-038,onshore_petchem,United States,565.5,913,11,"[0, 0, 6, 0, 0, 0, 0, 0, 7, 0, 32, 0, 0, 0, 0, 0, 0, 0, 0, 612, 0, 0, 0, 0, 0, 0, 0, 0, 3, 0, 0, 43, 3, 0, 0, 0, 0, 14, 0, 0, 0, 0, 0, 6, 0, 0, 0, 0, 0, 181, 6, 0]","[0.0, 0.0, 0.009364, 0.0, 0.0, 0.0, 0.0, 0.0, 0.010925, 0.0, 0.049942, 0.0, 0.0, 0.0, 0.0, 0.0, 0.0, 0.0, 0.0, 0.955144, 0.0, 0.0, 0.0, 0.0, 0.0, 0.0, 0.0, 0.0, 0.004682, 0.0, 0.0, 0.06711, 0.004682, 0.0, 0.0, 0.0, 0.0, 0.02185, 0.0, 0.0, 0.0, 0.0, 0.0, 0.009364, 0.0, 0.0, 0.0, 0.0, 0.0, 0.282485, 0.009364, 0.0]",mock_generator
1003663,MOCK-ONSHOR-039,onshore_petchem,Saudi Arabia,2383.4,1560,11,"[0, 0, 4, 0, 0, 0, 0, 0, 8, 0, 59, 0, 0, 0, 0, 0, 0, 0, 0, 996, 0, 0, 0, 0, 0, 0, 0, 0, 6, 0, 0, 89, 10, 0, 0, 0, 0, 9, 0, 0, 0, 0, 0, 8, 0, 0, 0, 0, 0, 360, 11, 0]","[0.0, 0.0, 0.003757, 0.0, 0.0, 0.0, 0.0, 0.0, 0.007514, 0.0, 0.055417, 0.0, 0.0, 0.0, 0.0, 0.0, 0.0, 0.0, 0.0, 0.93551, 0.0, 0.0, 0.0, 0.0, 0.0, 0.0, 0.0, 0.0, 0.005636, 0.0, 0.0, 0.083595, 0.009393, 0.0, 0.0, 0.0, 0.0, 0.008453, 0.0, 0.0, 0.0, 0.0, 0.0, 0.007514, 0.0, 0.0, 0.0, 0.0, 0.0, 0.338136, 0.010332, 0.0]",mock_generator
1003681,MOCK-ONSHOR-040,onshore_petchem,Saudi Arabia,2175.8,978,11,"[0, 0, 12, 0, 0, 0, 0, 0, 19, 0, 23, 0, 0, 0, 0, 0, 0, 0, 0, 347, 0, 0, 0, 0, 0, 0, 0, 0, 4, 0, 0, 83, 7, 0, 0, 0, 0, 9, 0, 0, 0, 0, 0, 18, 0, 0, 0, 0, 0, 439, 17, 0]","[0.0, 0.0, 0.021153, 0.0, 0.0, 0.0, 0.0, 0.0, 0.033493, 0.0, 0.040544, 0.0, 0.0, 0.0, 0.0, 0.0, 0.0, 0.0, 0.0, 0.611686, 0.0, 0.0, 0.0, 0.0, 0.0, 0.0, 0.0, 0.0, 0.007051, 0.0, 0.0, 0.146311, 0.012339, 0.0, 0.0, 0.0, 0.0, 0.015865, 0.0, 0.0, 0.0, 0.0, 0.0, 0.03173, 0.0, 0.0, 0.0, 0.0, 0.0, 0.773862, 0.029967, 0.0]",mock_generator
1003699,MOCK-ONSHOR-041,onshore_petchem,United States,570.6,884,11,"[0, 0, 2, 0, 0, 0, 0, 0, 15, 0, 38, 0, 0, 0, 0, 0, 0, 0, 0, 535, 0, 0, 0, 0, 0, 0, 0, 0, 1, 0, 0, 70, 3, 0, 0, 0, 0, 13, 0, 0, 0, 0, 0, 9, 0, 0, 0, 0, 0, 195, 3, 0]","[0.0, 0.0, 0.003476, 0.0, 0.0, 0.0, 0.0, 0.0, 0.026069, 0.0, 0.06604, 0.0, 0.0, 0.0, 0.0, 0.0, 0.0, 0.0, 0.0, 0.929778, 0.0, 0.0, 0.0, 0.0, 0.0, 0.0, 0.0, 0.0, 0.001738, 0.0, 0.0, 0.121653, 0.005214, 0.0, 0.0, 0.0, 0.0, 0.022593, 0.0, 0.0, 0.0, 0.0, 0.0, 0.015641, 0.0, 0.0, 0.0, 0.0, 0.0, 0.338891, 0.005214, 0.0]",mock_generator
1003731,MOCK-ONSHOR-042,onshore_petchem,Canada,877.1,1027,11,"[0, 0, 2, 0, 0, 0, 0, 0, 9, 0, 53, 0, 0, 0, 0, 0, 0, 0, 0, 671, 0, 0, 0, 0, 0, 0, 0, 0, 2, 0, 0, 56, 3, 0, 0, 0, 0, 15, 0, 0, 0, 0, 0, 4, 0, 0, 0, 0, 0, 205, 7, 0]","[0.0, 0.0, 0.002832, 0.0, 0.0, 0.0, 0.0, 0.0, 0.012746, 0.0, 0.075059, 0.0, 0.0, 0.0, 0.0, 0.0, 0.0, 0.0, 0.0, 0.95027, 0.0, 0.0, 0.0, 0.0, 0.0, 0.0, 0.0, 0.0, 0.002832, 0.0, 0.0, 0.079307, 0.004249, 0.0, 0.0, 0.0, 0.0, 0.021243, 0.0, 0.0, 0.0, 0.0, 0.0, 0.005665, 0.0, 0.0, 0.0, 0.0, 0.0, 0.290321, 0.009913, 0.0]",mock_generator
1003750,MOCK-ONSHOR-043,onshore_petchem,United States,409.8,663,10,"[0, 0, 1, 0, 0, 0, 0, 0, 6, 0, 30, 0, 0, 0, 0, 0, 0, 0, 0, 397, 0, 0, 0, 0, 0, 0, 0, 0, 0, 0, 0, 56, 6, 0, 0, 0, 0, 6, 0, 0, 0, 0, 0, 3, 0, 0, 0, 0, 0, 151, 7, 0]","[0.0, 0.0, 0.002327, 0.0, 0.0, 0.0, 0.0, 0.0, 0.013964, 0.0, 0.069822, 0.0, 0.0, 0.0, 0.0, 0.0, 0.0, 0.0, 0.0, 0.923973, 0.0, 0.0, 0.0, 0.0, 0.0, 0.0, 0.0, 0.0, 0.0, 0.0, 0.0, 0.130334, 0.013964, 0.0, 0.0, 0.0, 0.0, 0.013964, 0.0, 0.0, 0.0, 0.0, 0.0, 0.006982, 0.0, 0.0, 0.0, 0.0, 0.0, 0.351436, 0.016292, 0.0]",mock_generator
1003777,MOCK-ONSHOR-044,onshore_petchem,Singapore,1248.7,1014,11,"[0, 0, 2, 0, 0, 0, 0, 0, 14, 0, 60, 0, 0, 0, 0, 0, 0, 0, 0, 550, 0, 0, 0, 0, 0, 0, 0, 0, 1, 0, 0, 100, 5, 0, 0, 0, 0, 5, 0, 0, 0, 0, 0, 9, 0, 0, 0, 0, 0, 250, 18, 0]","[0.0, 0.0, 0.003248, 0.0, 0.0, 0.0, 0.0, 0.0, 0.022733, 0.0, 0.097428, 0.0, 0.0, 0.0, 0.0, 0.0, 0.0, 0.0, 0.0, 0.893093, 0.0, 0.0, 0.0, 0.0, 0.0, 0.0, 0.0, 0.0, 0.001624, 0.0, 0.0, 0.16238, 0.008119, 0.0, 0.0, 0.0, 0.0, 0.008119, 0.0, 0.0, 0.0, 0.0, 0.0, 0.014614, 0.0, 0.0, 0.0, 0.0, 0.0, 0.405951, 0.029228, 0.0]",mock_generator
1003788,MOCK-ONSHOR-045,onshore_petchem,Singapore,809.1,830,10,"[0, 0, 9, 0, 0, 0, 0, 0, 14, 0, 24, 0, 0, 0, 0, 0, 0, 0, 0, 449, 0, 0, 0, 0, 0, 0, 0, 0, 0, 0, 0, 69, 2, 0, 0, 0, 0, 17, 0, 0, 0, 0, 0, 5, 0, 0, 0, 0, 0, 228, 13, 0]","[0.0, 0.0, 0.017661, 0.0, 0.0, 0.0, 0.0, 0.0, 0.027473, 0.0, 0.047096, 0.0, 0.0, 0.0, 0.0, 0.0, 0.0, 0.0, 0.0, 0.881094, 0.0, 0.0, 0.0, 0.0, 0.0, 0.0, 0.0, 0.0, 0.0, 0.0, 0.0, 0.135402, 0.003925, 0.0, 0.0, 0.0, 0.0, 0.03336, 0.0, 0.0, 0.0, 0.0, 0.0, 0.009812, 0.0, 0.0, 0.0, 0.0, 0.0, 0.447415, 0.025511, 0.0]",mock_generator
1003791,MOCK-ONSHOR-046,onshore_petchem,Singapore,382.5,598,11,"[0, 0, 3, 0, 0, 0, 0, 0, 11, 0, 17, 0, 0, 0, 0, 0, 0, 0, 0, 382, 0, 0, 0, 0, 0, 0, 0, 0, 3, 0, 0, 51, 1, 0, 0, 0, 0, 9, 0, 0, 0, 0, 0, 6, 0, 0, 0, 0, 0, 109, 6, 0]","[0.0, 0.0, 0.007477, 0.0, 0.0, 0.0, 0.0, 0.0, 0.027415, 0.0, 0.042369, 0.0, 0.0, 0.0, 0.0, 0.0, 0.0, 0.0, 0.0, 0.952065, 0.0, 0.0, 0.0, 0.0, 0.0, 0.0, 0.0, 0.0, 0.007477, 0.0, 0.0, 0.127108, 0.002492, 0.0, 0.0, 0.0, 0.0, 0.022431, 0.0, 0.0, 0.0, 0.0, 0.0, 0.014954, 0.0, 0.0, 0.0, 0.0, 0.0, 0.271663, 0.014954, 0.0]",mock_generator
1003821,MOCK-ONSHOR-047,onshore_petchem,Belgium,2039.2,1656,11,"[0, 0, 8, 0, 0, 0, 0, 0, 23, 0, 38, 0, 0, 0, 0, 0, 0, 0, 0, 1132, 0, 0, 0, 0, 0, 0, 0, 0, 4, 0, 0, 111, 5, 0, 0, 0, 0, 11, 0, 0, 0, 0, 0, 8, 0, 0, 0, 0, 0, 304, 12, 0]","[0.0, 0.0, 0.006789, 0.0, 0.0, 0.0, 0.0, 0.0, 0.019518, 0.0, 0.032248, 0.0, 0.0, 0.0, 0.0, 0.0, 0.0, 0.0, 0.0, 0.960645, 0.0, 0.0, 0.0, 0.0, 0.0, 0.0, 0.0, 0.0, 0.003395, 0.0, 0.0, 0.094198, 0.004243, 0.0, 0.0, 0.0, 0.0, 0.009335, 0.0, 0.0, 0.0, 0.0, 0.0, 0.006789, 0.0, 0.0, 0.0, 0.0, 0.0, 0.257982, 0.010184, 0.0]",mock_generator
1003847,MOCK-ONSHOR-048,onshore_petchem,Canada,2607.9,1618,11,"[0, 0, 11, 0, 0, 0, 0, 0, 2, 0, 115, 0, 0, 0, 0, 0, 0, 0, 0, 1090, 0, 0, 0, 0, 0, 0, 0, 0, 2, 0, 0, 67, 9, 0, 0, 0, 0, 19, 0, 0, 0, 0, 0, 10, 0, 0, 0, 0, 0, 277, 16, 0]","[0.0, 0.0, 0.00971, 0.0, 0.0, 0.0, 0.0, 0.0, 0.001765, 0.0, 0.101509, 0.0, 0.0, 0.0, 0.0, 0.0, 0.0, 0.0, 0.0, 0.96213, 0.0, 0.0, 0.0, 0.0, 0.0, 0.0, 0.0, 0.0, 0.001765, 0.0, 0.0, 0.05914, 0.007944, 0.0, 0.0, 0.0, 0.0, 0.016771, 0.0, 0.0, 0.0, 0.0, 0.0, 0.008827, 0.0, 0.0, 0.0, 0.0, 0.0, 0.244505, 0.014123, 0.0]",mock_generator
1003883,MOCK-ONSHOR-049,onshore_petchem,Saudi Arabia,1651.2,908,11,"[0, 0, 5, 0, 0, 0, 0, 0, 10, 0, 66, 0, 0, 0, 0, 0, 0, 0, 0, 455, 0, 0, 0, 0, 0, 0, 0, 0, 2, 0, 0, 59, 6, 0, 0, 0, 0, 2, 0, 0, 0, 0, 0, 14, 0, 0, 0, 0, 0, 279, 10, 0]","[0.0, 0.0, 0.009234, 0.0, 0.0, 0.0, 0.0, 0.0, 0.018469, 0.0, 0.121895, 0.0, 0.0, 0.0, 0.0, 0.0, 0.0, 0.0, 0.0, 0.840336, 0.0, 0.0, 0.0, 0.0, 0.0, 0.0, 0.0, 0.0, 0.003694, 0.0, 0.0, 0.108967, 0.011081, 0.0, 0.0, 0.0, 0.0, 0.003694, 0.0, 0.0, 0.0, 0.0, 0.0, 0.025857, 0.0, 0.0, 0.0, 0.0, 0.0, 0.515283, 0.018469, 0.0]",mock_generator
1003906,MOCK-ONSHOR-050,onshore_petchem,Belgium,2326.2,1350,11,"[0, 0, 4, 0, 0, 0, 0, 0, 15, 0, 69, 0, 0, 0, 0, 0, 0, 0, 0, 829, 0, 0, 0, 0, 0, 0, 0, 0, 3, 0, 0, 111, 5, 0, 0, 0, 0, 8, 0, 0, 0, 0, 0, 15, 0, 0, 0, 0, 0, 277, 14, 0]","[0.0, 0.0, 0.004524, 0.0, 0.0, 0.0, 0.0, 0.0, 0.016964, 0.0, 0.078037, 0.0, 0.0, 0.0, 0.0, 0.0, 0.0, 0.0, 0.0, 0.937569, 0.0, 0.0, 0.0, 0.0, 0.0, 0.0, 0.0, 0.0, 0.003393, 0.0, 0.0, 0.125537, 0.005655, 0.0, 0.0, 0.0, 0.0, 0.009048, 0.0, 0.0, 0.0, 0.0, 0.0, 0.016964, 0.0, 0.0, 0.0, 0.0, 0.0, 0.313277, 0.015833, 0.0]",mock_generator
1003923,MOCK-ONSHOR-051,onshore_petchem,Belgium,977.5,971,11,"[0, 0, 7, 0, 0, 0, 0, 0, 12, 0, 27, 0, 0, 0, 0, 0, 0, 0, 0, 564, 0, 0, 0, 0, 0, 0, 0, 0, 1, 0, 0, 77, 7, 0, 0, 0, 0, 17, 0, 0, 0, 0, 0, 11, 0, 0, 0, 0, 0, 243, 5, 0]","[0.0, 0.0, 0.011289, 0.0, 0.0, 0.0, 0.0, 0.0, 0.019353, 0.0, 0.043544, 0.0, 0.0, 0.0, 0.0, 0.0, 0.0, 0.0, 0.0, 0.909582, 0.0, 0.0, 0.0, 0.0, 0.0, 0.0, 0.0, 0.0, 0.001613, 0.0, 0.0, 0.12418, 0.011289, 0.0, 0.0, 0.0, 0.0, 0.027416, 0.0, 0.0, 0.0, 0.0, 0.0, 0.01774, 0.0, 0.0, 0.0, 0.0, 0.0, 0.391894, 0.008064, 0.0]",mock_generator
1003960,MOCK-ONSHOR-052,onshore_petchem,Saudi Arabia,648.5,665,11,"[0, 0, 4, 0, 0, 0, 0, 0, 6, 0, 25, 0, 0, 0, 0, 0, 0, 0, 0, 511, 0, 0, 0, 0, 0, 0, 0, 0, 2, 0, 0, 50, 3, 0, 0, 0, 0, 12, 0, 0, 0, 0, 0, 9, 0, 0, 0, 0, 0, 38, 5, 0]","[0.0, 0.0, 0.007756, 0.0, 0.0, 0.0, 0.0, 0.0, 0.011633, 0.0, 0.048472, 0.0, 0.0, 0.0, 0.0, 0.0, 0.0, 0.0, 0.0, 0.990777, 0.0, 0.0, 0.0, 0.0, 0.0, 0.0, 0.0, 0.0, 0.003878, 0.0, 0.0, 0.096945, 0.005817, 0.0, 0.0, 0.0, 0.0, 0.023267, 0.0, 0.0, 0.0, 0.0, 0.0, 0.01745, 0.0, 0.0, 0.0, 0.0, 0.0, 0.073678, 0.009694, 0.0]",mock_generator
1003985,MOCK-ONSHOR-053,onshore_petchem,Canada,737.0,636,11,"[0, 0, 5, 0, 0, 0, 0, 0, 18, 0, 41, 0, 0, 0, 0, 0, 0, 0, 0, 294, 0, 0, 0, 0, 0, 0, 0, 0, 2, 0, 0, 31, 1, 0, 0, 0, 0, 18, 0, 0, 0, 0, 0, 9, 0, 0, 0, 0, 0, 204, 13, 0]","[0.0, 0.0, 0.013782, 0.0, 0.0, 0.0, 0.0, 0.0, 0.049614, 0.0, 0.113011, 0.0, 0.0, 0.0, 0.0, 0.0, 0.0, 0.0, 0.0, 0.81037, 0.0, 0.0, 0.0, 0.0, 0.0, 0.0, 0.0, 0.0, 0.005513, 0.0, 0.0, 0.085447, 0.002756, 0.0, 0.0, 0.0, 0.0, 0.049614, 0.0, 0.0, 0.0, 0.0, 0.0, 0.024807, 0.0, 0.0, 0.0, 0.0, 0.0, 0.562297, 0.035833, 0.0]",mock_generator
1003994,MOCK-ONSHOR-054,onshore_petchem,Canada,542.2,819,11,"[0, 0, 4, 0, 0, 0, 0, 0, 11, 0, 38, 0, 0, 0, 0, 0, 0, 0, 0, 613, 0, 0, 0, 0, 0, 0, 0, 0, 2, 0, 0, 44, 4, 0, 0, 0, 0, 10, 0, 0, 0, 0, 0, 5, 0, 0, 0, 0, 0, 82, 6, 0]","[0.0, 0.0, 0.006437, 0.0, 0.0, 0.0, 0.0, 0.0, 0.017701, 0.0, 0.061148, 0.0, 0.0, 0.0, 0.0, 0.0, 0.0, 0.0, 0.0, 0.986414, 0.0, 0.0, 0.0, 0.0, 0.0, 0.0, 0.0, 0.0, 0.003218, 0.0, 0.0, 0.070803, 0.006437, 0.0, 0.0, 0.0, 0.0, 0.016092, 0.0, 0.0, 0.0, 0.0, 0.0, 0.008046, 0.0, 0.0, 0.0, 0.0, 0.0, 0.131951, 0.009655, 0.0]",mock_generator
1004011,MOCK-ONSHOR-055,onshore_petchem,Belgium,1365.1,1045,11,"[0, 0, 7, 0, 0, 0, 0, 0, 14, 0, 26, 0, 0, 0, 0, 0, 0, 0, 0, 544, 0, 0, 0, 0, 0, 0, 0, 0, 4, 0, 0, 88, 11, 0, 0, 0, 0, 8, 0, 0, 0, 0, 0, 7, 0, 0, 0, 0, 0, 323, 13, 0]","[0.0, 0.0, 0.010941, 0.0, 0.0, 0.0, 0.0, 0.0, 0.021882, 0.0, 0.040637, 0.0, 0.0, 0.0, 0.0, 0.0, 0.0, 0.0, 0.0, 0.850261, 0.0, 0.0, 0.0, 0.0, 0.0, 0.0, 0.0, 0.0, 0.006252, 0.0, 0.0, 0.137542, 0.017193, 0.0, 0.0, 0.0, 0.0, 0.012504, 0.0, 0.0, 0.0, 0.0, 0.0, 0.010941, 0.0, 0.0, 0.0, 0.0, 0.0, 0.504842, 0.020319, 0.0]",mock_generator
1004049,MOCK-ONSHOR-056,onshore_petchem,Saudi Arabia,357.8,746,10,"[0, 0, 4, 0, 0, 0, 0, 0, 11, 0, 36, 0, 0, 0, 0, 0, 0, 0, 0, 484, 0, 0, 0, 0, 0, 0, 0, 0, 1, 0, 0, 44, 0, 0, 0, 0, 0, 5, 0, 0, 0, 0, 0, 5, 0, 0, 0, 0, 0, 149, 7, 0]","[0.0, 0.0, 0.007846, 0.0, 0.0, 0.0, 0.0, 0.0, 0.021576, 0.0, 0.070612, 0.0, 0.0, 0.0, 0.0, 0.0, 0.0, 0.0, 0.0, 0.949337, 0.0, 0.0, 0.0, 0.0, 0.0, 0.0, 0.0, 0.0, 0.001961, 0.0, 0.0, 0.086303, 0.0, 0.0, 0.0, 0.0, 0.0, 0.009807, 0.0, 0.0, 0.0, 0.0, 0.0, 0.009807, 0.0, 0.0, 0.0, 0.0, 0.0, 0.292255, 0.01373, 0.0]",mock_generator
1004057,MOCK-ONSHOR-057,onshore_petchem,Singapore,2963.9,1819,11,"[0, 0, 7, 0, 0, 0, 0, 0, 22, 0, 77, 0, 0, 0, 0, 0, 0, 0, 0, 1037, 0, 0, 0, 0, 0, 0, 0, 0, 3, 0, 0, 140, 4, 0, 0, 0, 0, 14, 0, 0, 0, 0, 0, 11, 0, 0, 0, 0, 0, 485, 19, 0]","[0.0, 0.0, 0.006053, 0.0, 0.0, 0.0, 0.0, 0.0, 0.019024, 0.0, 0.066584, 0.0, 0.0, 0.0, 0.0, 0.0, 0.0, 0.0, 0.0, 0.896716, 0.0, 0.0, 0.0, 0.0, 0.0, 0.0, 0.0, 0.0, 0.002594, 0.0, 0.0, 0.121061, 0.003459, 0.0, 0.0, 0.0, 0.0, 0.012106, 0.0, 0.0, 0.0, 0.0, 0.0, 0.009512, 0.0, 0.0, 0.0, 0.0, 0.0, 0.41939, 0.01643, 0.0]",mock_generator
1004072,MOCK-ONSHOR-058,onshore_petchem,Singapore,275.1,491,11,"[0, 0, 3, 0, 0, 0, 0, 0, 10, 0, 21, 0, 0, 0, 0, 0, 0, 0, 0, 269, 0, 0, 0, 0, 0, 0, 0, 0, 1, 0, 0, 37, 3, 0, 0, 0, 0, 11, 0, 0, 0, 0, 0, 3, 0, 0, 0, 0, 0, 126, 7, 0]","[0.0, 0.0, 0.009981, 0.0, 0.0, 0.0, 0.0, 0.0, 0.03327, 0.0, 0.069866, 0.0, 0.0, 0.0, 0.0, 0.0, 0.0, 0.0, 0.0, 0.894953, 0.0, 0.0, 0.0, 0.0, 0.0, 0.0, 0.0, 0.0, 0.003327, 0.0, 0.0, 0.123098, 0.009981, 0.0, 0.0, 0.0, 0.0, 0.036597, 0.0, 0.0, 0.0, 0.0, 0.0, 0.009981, 0.0, 0.0, 0.0, 0.0, 0.0, 0.419197, 0.023289, 0.0]",mock_generator
1004080,MOCK-ONSHOR-059,onshore_petchem,Belgium,2473.4,1415,11,"[0, 0, 8, 0, 0, 0, 0, 0, 15, 0, 69, 0, 0, 0, 0, 0, 0, 0, 0, 719, 0, 0, 0, 0, 0, 0, 0, 0, 5, 0, 0, 117, 3, 0, 0, 0, 0, 15, 0, 0, 0, 0, 0, 15, 0, 0, 0, 0, 0, 423, 26, 0]","[0.0, 0.0, 0.009456, 0.0, 0.0, 0.0, 0.0, 0.0, 0.01773, 0.0, 0.081556, 0.0, 0.0, 0.0, 0.0, 0.0, 0.0, 0.0, 0.0, 0.849838, 0.0, 0.0, 0.0, 0.0, 0.0, 0.0, 0.0, 0.0, 0.00591, 0.0, 0.0, 0.138291, 0.003546, 0.0, 0.0, 0.0, 0.0, 0.01773, 0.0, 0.0, 0.0, 0.0, 0.0, 0.01773, 0.0, 0.0, 0.0, 0.0, 0.0, 0.499975, 0.030731, 0.0]",mock_generator
1004092,MOCK-ONSHOR-060,onshore_petchem,United States,372.7,684,11,"[0, 0, 3, 0, 0, 0, 0, 0, 2, 0, 26, 0, 0, 0, 0, 0, 0, 0, 0, 369, 0, 0, 0, 0, 0, 0, 0, 0, 1, 0, 0, 74, 2, 0, 0, 0, 0, 10, 0, 0, 0, 0, 0, 6, 0, 0, 0, 0, 0, 186, 5, 0]","[0.0, 0.0, 0.007129, 0.0, 0.0, 0.0, 0.0, 0.0, 0.004753, 0.0, 0.061784, 0.0, 0.0, 0.0, 0.0, 0.0, 0.0, 0.0, 0.0, 0.876863, 0.0, 0.0, 0.0, 0.0, 0.0, 0.0, 0.0, 0.0, 0.002376, 0.0, 0.0, 0.175848, 0.004753, 0.0, 0.0, 0.0, 0.0, 0.023763, 0.0, 0.0, 0.0, 0.0, 0.0, 0.014258, 0.0, 0.0, 0.0, 0.0, 0.0, 0.441996, 0.011882, 0.0]",mock_generator
1004123,MOCK-ONSHOR-061,onshore_petchem,Singapore,2921.6,2046,9,"[0, 0, 12, 0, 0, 0, 0, 0, 22, 0, 122, 0, 0, 0, 0, 0, 0, 0, 0, 1270, 0, 0, 0, 0, 0, 0, 0, 0, 0, 0, 0, 167, 0, 0, 0, 0, 0, 29, 0, 0, 0, 0, 0, 3, 0, 0, 0, 0, 0, 419, 2, 0]","[0.0, 0.0, 0.008864, 0.0, 0.0, 0.0, 0.0, 0.0, 0.016251, 0.0, 0.090118, 0.0, 0.0, 0.0, 0.0, 0.0, 0.0, 0.0, 0.0, 0.938115, 0.0, 0.0, 0.0, 0.0, 0.0, 0.0, 0.0, 0.0, 0.0, 0.0, 0.0, 0.123358, 0.0, 0.0, 0.0, 0.0, 0.0, 0.021422, 0.0, 0.0, 0.0, 0.0, 0.0, 0.002216, 0.0, 0.0, 0.0, 0.0, 0.0, 0.309504, 0.001477, 0.0]",mock_generator
1004131,MOCK-ONSHOR-062,onshore_petchem,United States,1508.8,664,11,"[0, 0, 8, 0, 0, 0, 0, 0, 4, 0, 44, 0, 0, 0, 0, 0, 0, 0, 0, 287, 0, 0, 0, 0, 0, 0, 0, 0, 5, 0, 0, 97, 6, 0, 0, 0, 0, 22, 0, 0, 0, 0, 0, 3, 0, 0, 0, 0, 0, 183, 5, 0]","[0.0, 0.0, 0.022373, 0.0, 0.0, 0.0, 0.0, 0.0, 0.011186, 0.0, 0.12305, 0.0, 0.0, 0.0, 0.0, 0.0, 0.0, 0.0, 0.0, 0.802622, 0.0, 0.0, 0.0, 0.0, 0.0, 0.0, 0.0, 0.0, 0.013983, 0.0, 0.0, 0.27127, 0.01678, 0.0, 0.0, 0.0, 0.0, 0.061525, 0.0, 0.0, 0.0, 0.0, 0.0, 0.00839, 0.0, 0.0, 0.0, 0.0, 0.0, 0.511777, 0.013983, 0.0]",mock_generator
1004156,MOCK-ONSHOR-063,onshore_petchem,United States,1000.6,916,11,"[0, 0, 6, 0, 0, 0, 0, 0, 3, 0, 20, 0, 0, 0, 0, 0, 0, 0, 0, 561, 0, 0, 0, 0, 0, 0, 0, 0, 1, 0, 0, 77, 4, 0, 0, 0, 0, 12, 0, 0, 0, 0, 0, 11, 0, 0, 0, 0, 0, 212, 9, 0]","[0.0, 0.0, 0.009912, 0.0, 0.0, 0.0, 0.0, 0.0, 0.004956, 0.0, 0.033041, 0.0, 0.0, 0.0, 0.0, 0.0, 0.0, 0.0, 0.0, 0.926796, 0.0, 0.0, 0.0, 0.0, 0.0, 0.0, 0.0, 0.0, 0.001652, 0.0, 0.0, 0.127207, 0.006608, 0.0, 0.0, 0.0, 0.0, 0.019825, 0.0, 0.0, 0.0, 0.0, 0.0, 0.018172, 0.0, 0.0, 0.0, 0.0, 0.0, 0.350233, 0.014868, 0.0]",mock_generator
1004186,MOCK-ONSHOR-064,onshore_petchem,Singapore,668.3,703,11,"[0, 0, 5, 0, 0, 0, 0, 0, 10, 0, 31, 0, 0, 0, 0, 0, 0, 0, 0, 349, 0, 0, 0, 0, 0, 0, 0, 0, 2, 0, 0, 71, 4, 0, 0, 0, 0, 12, 0, 0, 0, 0, 0, 8, 0, 0, 0, 0, 0, 205, 6, 0]","[0.0, 0.0, 0.012119, 0.0, 0.0, 0.0, 0.0, 0.0, 0.024238, 0.0, 0.075138, 0.0, 0.0, 0.0, 0.0, 0.0, 0.0, 0.0, 0.0, 0.84591, 0.0, 0.0, 0.0, 0.0, 0.0, 0.0, 0.0, 0.0, 0.004848, 0.0, 0.0, 0.17209, 0.009695, 0.0, 0.0, 0.0, 0.0, 0.029086, 0.0, 0.0, 0.0, 0.0, 0.0, 0.01939, 0.0, 0.0, 0.0, 0.0, 0.0, 0.496881, 0.014543, 0.0]",mock_generator
1004209,MOCK-ONSHOR-065,onshore_petchem,Belgium,2653.1,1963,11,"[0, 0, 9, 0, 0, 0, 0, 0, 22, 0, 62, 0, 0, 0, 0, 0, 0, 0, 0, 1436, 0, 0, 0, 0, 0, 0, 0, 0, 1, 0, 0, 85, 8, 0, 0, 0, 0, 24, 0, 0, 0, 0, 0, 12, 0, 0, 0, 0, 0, 281, 23, 0]","[0.0, 0.0, 0.006132, 0.0, 0.0, 0.0, 0.0, 0.0, 0.01499, 0.0, 0.042244, 0.0, 0.0, 0.0, 0.0, 0.0, 0.0, 0.0, 0.0, 0.978433, 0.0, 0.0, 0.0, 0.0, 0.0, 0.0, 0.0, 0.0, 0.000681, 0.0, 0.0, 0.057916, 0.005451, 0.0, 0.0, 0.0, 0.0, 0.016353, 0.0, 0.0, 0.0, 0.0, 0.0, 0.008176, 0.0, 0.0, 0.0, 0.0, 0.0, 0.191462, 0.015671, 0.0]",mock_generator
1004221,MOCK-ONSHOR-066,onshore_petchem,Canada,927.5,815,11,"[0, 0, 3, 0, 0, 0, 0, 0, 8, 0, 26, 0, 0, 0, 0, 0, 0, 0, 0, 462, 0, 0, 0, 0, 0, 0, 0, 0, 4, 0, 0, 95, 3, 0, 0, 0, 0, 15, 0, 0, 0, 0, 0, 2, 0, 0, 0, 0, 0, 179, 18, 0]","[0.0, 0.0, 0.005931, 0.0, 0.0, 0.0, 0.0, 0.0, 0.015816, 0.0, 0.051403, 0.0, 0.0, 0.0, 0.0, 0.0, 0.0, 0.0, 0.0, 0.913399, 0.0, 0.0, 0.0, 0.0, 0.0, 0.0, 0.0, 0.0, 0.007908, 0.0, 0.0, 0.18782, 0.005931, 0.0, 0.0, 0.0, 0.0, 0.029656, 0.0, 0.0, 0.0, 0.0, 0.0, 0.003954, 0.0, 0.0, 0.0, 0.0, 0.0, 0.353892, 0.035587, 0.0]",mock_generator
1004235,MOCK-ONSHOR-067,onshore_petchem,United States,411.8,627,11,"[0, 0, 5, 0, 0, 0, 0, 0, 7, 0, 49, 0, 0, 0, 0, 0, 0, 0, 0, 342, 0, 0, 0, 0, 0, 0, 0, 0, 1, 0, 0, 35, 5, 0, 0, 0, 0, 2, 0, 0, 0, 0, 0, 6, 0, 0, 0, 0, 0, 165, 10, 0]","[0.0, 0.0, 0.012994, 0.0, 0.0, 0.0, 0.0, 0.0, 0.018192, 0.0, 0.127346, 0.0, 0.0, 0.0, 0.0, 0.0, 0.0, 0.0, 0.0, 0.888822, 0.0, 0.0, 0.0, 0.0, 0.0, 0.0, 0.0, 0.0, 0.002599, 0.0, 0.0, 0.090961, 0.012994, 0.0, 0.0, 0.0, 0.0, 0.005198, 0.0, 0.0, 0.0, 0.0, 0.0, 0.015593, 0.0, 0.0, 0.0, 0.0, 0.0, 0.428817, 0.025989, 0.0]",mock_generator
1004267,MOCK-ONSHOR-068,onshore_petchem,China,1201.1,905,10,"[0, 0, 6, 0, 0, 0, 0, 0, 0, 0, 63, 0, 0, 0, 0, 0, 0, 0, 0, 273, 0, 0, 0, 0, 0, 0, 0, 0, 1, 0, 0, 74, 3, 0, 0, 0, 0, 19, 0, 0, 0, 0, 0, 11, 0, 0, 0, 0, 0, 442, 13, 0]","[0.0, 0.0, 0.011338, 0.0, 0.0, 0.0, 0.0, 0.0, 0.0, 0.0, 0.119051, 0.0, 0.0, 0.0, 0.0, 0.0, 0.0, 0.0, 0.0, 0.515889, 0.0, 0.0, 0.0, 0.0, 0.0, 0.0, 0.0, 0.0, 0.00189, 0.0, 0.0, 0.139838, 0.005669, 0.0, 0.0, 0.0, 0.0, 0.035904, 0.0, 0.0, 0.0, 0.0, 0.0, 0.020787, 0.0, 0.0, 0.0, 0.0, 0.0, 0.835249, 0.024566, 0.0]",mock_generator
1004286,MOCK-ONSHOR-069,onshore_petchem,China,2755.9,1617,11,"[0, 0, 9, 0, 0, 0, 0, 0, 21, 0, 59, 0, 0, 0, 0, 0, 0, 0, 0, 939, 0, 0, 0, 0, 0, 0, 0, 0, 4, 0, 0, 123, 6, 0, 0, 0, 0, 27, 0, 0, 0, 0, 0, 20, 0, 0, 0, 0, 0, 370, 39, 0]","[0.0, 0.0, 0.008823, 0.0, 0.0, 0.0, 0.0, 0.0, 0.020588, 0.0, 0.057842, 0.0, 0.0, 0.0, 0.0, 0.0, 0.0, 0.0, 0.0, 0.920564, 0.0, 0.0, 0.0, 0.0, 0.0, 0.0, 0.0, 0.0, 0.003921, 0.0, 0.0, 0.120585, 0.005882, 0.0, 0.0, 0.0, 0.0, 0.02647, 0.0, 0.0, 0.0, 0.0, 0.0, 0.019607, 0.0, 0.0, 0.0, 0.0, 0.0, 0.362736, 0.038234, 0.0]",mock_generator
1004311,MOCK-ONSHOR-070,onshore_petchem,China,1380.8,957,11,"[0, 0, 5, 0, 0, 0, 0, 0, 15, 0, 70, 0, 0, 0, 0, 0, 0, 0, 0, 721, 0, 0, 0, 0, 0, 0, 0, 0, 3, 0, 0, 17, 1, 0, 0, 0, 0, 23, 0, 0, 0, 0, 0, 5, 0, 0, 0, 0, 0, 86, 11, 0]","[0.0, 0.0, 0.006846, 0.0, 0.0, 0.0, 0.0, 0.0, 0.020539, 0.0, 0.095849, 0.0, 0.0, 0.0, 0.0, 0.0, 0.0, 0.0, 0.0, 0.987244, 0.0, 0.0, 0.0, 0.0, 0.0, 0.0, 0.0, 0.0, 0.004108, 0.0, 0.0, 0.023278, 0.001369, 0.0, 0.0, 0.0, 0.0, 0.031493, 0.0, 0.0, 0.0, 0.0, 0.0, 0.006846, 0.0, 0.0, 0.0, 0.0, 0.0, 0.117757, 0.015062, 0.0]",mock_generator
1004339,MOCK-ONSHOR-071,onshore_petchem,Canada,329.6,312,10,"[0, 0, 0, 0, 0, 0, 0, 0, 9, 0, 35, 0, 0, 0, 0, 0, 0, 0, 0, 144, 0, 0, 0, 0, 0, 0, 0, 0, 2, 0, 0, 52, 3, 0, 0, 0, 0, 9, 0, 0, 0, 0, 0, 7, 0, 0, 0, 0, 0, 43, 8, 0]","[0.0, 0.0, 0.0, 0.0, 0.0, 0.0, 0.0, 0.0, 0.054974, 0.0, 0.213789, 0.0, 0.0, 0.0, 0.0, 0.0, 0.0, 0.0, 0.0, 0.879587, 0.0, 0.0, 0.0, 0.0, 0.0, 0.0, 0.0, 0.0, 0.012216, 0.0, 0.0, 0.317629, 0.018325, 0.0, 0.0, 0.0, 0.0, 0.054974, 0.0, 0.0, 0.0, 0.0, 0.0, 0.042758, 0.0, 0.0, 0.0, 0.0, 0.0, 0.262655, 0.048866, 0.0]",mock_generator
1004350,MOCK-ONSHOR-072,onshore_petchem,Canada,842.8,896,11,"[0, 0, 5, 0, 0, 0, 0, 0, 13, 0, 44, 0, 0, 0, 0, 0, 0, 0, 0, 541, 0, 0, 0, 0, 0, 0, 0, 0, 3, 0, 0, 82, 3, 0, 0, 0, 0, 8, 0, 0, 0, 0, 0, 9, 0, 0, 0, 0, 0, 182, 6, 0]","[0.0, 0.0, 0.008641, 0.0, 0.0, 0.0, 0.0, 0.0, 0.022465, 0.0, 0.076037, 0.0, 0.0, 0.0, 0.0, 0.0, 0.0, 0.0, 0.0, 0.934904, 0.0, 0.0, 0.0, 0.0, 0.0, 0.0, 0.0, 0.0, 0.005184, 0.0, 0.0, 0.141704, 0.005184, 0.0, 0.0, 0.0, 0.0, 0.013825, 0.0, 0.0, 0.0, 0.0, 0.0, 0.015553, 0.0, 0.0, 0.0, 0.0, 0.0, 0.314515, 0.010369, 0.0]",mock_generator
1004379,MOCK-ONSHOR-073,onshore_petchem,Saudi Arabia,3016.7,1699,10,"[0, 0, 18, 0, 0, 0, 0, 0, 18, 0, 88, 0, 0, 0, 0, 0, 0, 0, 0, 968, 0, 0, 0, 0, 0, 0, 0, 0, 3, 0, 0, 186, 0, 0, 0, 0, 0, 23, 0, 0, 0, 0, 0, 11, 0, 0, 0, 0, 0, 354, 30, 0]","[0.0, 0.0, 0.017109, 0.0, 0.0, 0.0, 0.0, 0.0, 0.017109, 0.0, 0.083643, 0.0, 0.0, 0.0, 0.0, 0.0, 0.0, 0.0, 0.0, 0.920076, 0.0, 0.0, 0.0, 0.0, 0.0, 0.0, 0.0, 0.0, 0.002851, 0.0, 0.0, 0.176791, 0.0, 0.0, 0.0, 0.0, 0.0, 0.021861, 0.0, 0.0, 0.0, 0.0, 0.0, 0.010455, 0.0, 0.0, 0.0, 0.0, 0.0, 0.336474, 0.028515, 0.0]",mock_generator
1004411,MOCK-ONSHOR-074,onshore_petchem,Belgium,1819.4,1184,11,"[0, 0, 9, 0, 0, 0, 0, 0, 18, 0, 56, 0, 0, 0, 0, 0, 0, 0, 0, 645, 0, 0, 0, 0, 0, 0, 0, 0, 3, 0, 0, 163, 9, 0, 0, 0, 0, 18, 0, 0, 0, 0, 0, 16, 0, 0, 0, 0, 0, 226, 21, 0]","[0.0, 0.0, 0.012749, 0.0, 0.0, 0.0, 0.0, 0.0, 0.025499, 0.0, 0.079329, 0.0, 0.0, 0.0, 0.0, 0.0, 0.0, 0.0, 0.0, 0.913702, 0.0, 0.0, 0.0, 0.0, 0.0, 0.0, 0.0, 0.0, 0.00425, 0.0, 0.0, 0.230905, 0.012749, 0.0, 0.0, 0.0, 0.0, 0.025499, 0.0, 0.0, 0.0, 0.0, 0.0, 0.022665, 0.0, 0.0, 0.0, 0.0, 0.0, 0.32015, 0.029748, 0.0]",mock_generator
1004423,MOCK-ONSHOR-075,onshore_petchem,Singapore,1377.3,1195,11,"[0, 0, 3, 0, 0, 0, 0, 0, 11, 0, 40, 0, 0, 0, 0, 0, 0, 0, 0, 628, 0, 0, 0, 0, 0, 0, 0, 0, 3, 0, 0, 122, 2, 0, 0, 0, 0, 10, 0, 0, 0, 0, 0, 10, 0, 0, 0, 0, 0, 347, 19, 0]","[0.0, 0.0, 0.004113, 0.0, 0.0, 0.0, 0.0, 0.0, 0.015082, 0.0, 0.054842, 0.0, 0.0, 0.0, 0.0, 0.0, 0.0, 0.0, 0.0, 0.861017, 0.0, 0.0, 0.0, 0.0, 0.0, 0.0, 0.0, 0.0, 0.004113, 0.0, 0.0, 0.167268, 0.002742, 0.0, 0.0, 0.0, 0.0, 0.01371, 0.0, 0.0, 0.0, 0.0, 0.0, 0.01371, 0.0, 0.0, 0.0, 0.0, 0.0, 0.475753, 0.02605, 0.0]",mock_generator
1004438,MOCK-ONSHOR-076,onshore_petchem,Saudi Arabia,804.8,867,11,"[0, 0, 7, 0, 0, 0, 0, 0, 13, 0, 24, 0, 0, 0, 0, 0, 0, 0, 0, 592, 0, 0, 0, 0, 0, 0, 0, 0, 2, 0, 0, 104, 3, 0, 0, 0, 0, 8, 0, 0, 0, 0, 0, 9, 0, 0, 0, 0, 0, 97, 8, 0]","[0.0, 0.0, 0.011482, 0.0, 0.0, 0.0, 0.0, 0.0, 0.021323, 0.0, 0.039365, 0.0, 0.0, 0.0, 0.0, 0.0, 0.0, 0.0, 0.0, 0.971007, 0.0, 0.0, 0.0, 0.0, 0.0, 0.0, 0.0, 0.0, 0.00328, 0.0, 0.0, 0.170582, 0.004921, 0.0, 0.0, 0.0, 0.0, 0.013122, 0.0, 0.0, 0.0, 0.0, 0.0, 0.014762, 0.0, 0.0, 0.0, 0.0, 0.0, 0.159101, 0.013122, 0.0]",mock_generator
1004453,MOCK-ONSHOR-077,onshore_petchem,Saudi Arabia,2421.9,1719,11,"[0, 0, 7, 0, 0, 0, 0, 0, 34, 0, 57, 0, 0, 0, 0, 0, 0, 0, 0, 1080, 0, 0, 0, 0, 0, 0, 0, 0, 2, 0, 0, 94, 10, 0, 0, 0, 0, 12, 0, 0, 0, 0, 0, 8, 0, 0, 0, 0, 0, 396, 19, 0]","[0.0, 0.0, 0.006053, 0.0, 0.0, 0.0, 0.0, 0.0, 0.029402, 0.0, 0.049292, 0.0, 0.0, 0.0, 0.0, 0.0, 0.0, 0.0, 0.0, 0.933962, 0.0, 0.0, 0.0, 0.0, 0.0, 0.0, 0.0, 0.0, 0.00173, 0.0, 0.0, 0.081289, 0.008648, 0.0, 0.0, 0.0, 0.0, 0.010377, 0.0, 0.0, 0.0, 0.0, 0.0, 0.006918, 0.0, 0.0, 0.0, 0.0, 0.0, 0.342453, 0.016431, 0.0]",mock_generator
1004465,MOCK-ONSHOR-078,onshore_petchem,China,960.1,533,11,"[0, 0, 4, 0, 0, 0, 0, 0, 6, 0, 46, 0, 0, 0, 0, 0, 0, 0, 0, 175, 0, 0, 0, 0, 0, 0, 0, 0, 2, 0, 0, 72, 6, 0, 0, 0, 0, 11, 0, 0, 0, 0, 0, 7, 0, 0, 0, 0, 0, 193, 11, 0]","[0.0, 0.0, 0.014552, 0.0, 0.0, 0.0, 0.0, 0.0, 0.021828, 0.0, 0.167348, 0.0, 0.0, 0.0, 0.0, 0.0, 0.0, 0.0, 0.0, 0.63665, 0.0, 0.0, 0.0, 0.0, 0.0, 0.0, 0.0, 0.0, 0.007276, 0.0, 0.0, 0.261936, 0.021828, 0.0, 0.0, 0.0, 0.0, 0.040018, 0.0, 0.0, 0.0, 0.0, 0.0, 0.025466, 0.0, 0.0, 0.0, 0.0, 0.0, 0.702134, 0.040018, 0.0]",mock_generator
1004495,MOCK-ONSHOR-079,onshore_petchem,Singapore,364.9,330,10,"[0, 0, 5, 0, 0, 0, 0, 0, 8, 0, 50, 0, 0, 0, 0, 0, 0, 0, 0, 97, 0, 0, 0, 0, 0, 0, 0, 0, 0, 0, 0, 31, 3, 0, 0, 0, 0, 8, 0, 0, 0, 0, 0, 4, 0, 0, 0, 0, 0, 120, 4, 0]","[0.0, 0.0, 0.030171, 0.0, 0.0, 0.0, 0.0, 0.0, 0.048273, 0.0, 0.301709, 0.0, 0.0, 0.0, 0.0, 0.0, 0.0, 0.0, 0.0, 0.585315, 0.0, 0.0, 0.0, 0.0, 0.0, 0.0, 0.0, 0.0, 0.0, 0.0, 0.0, 0.18706, 0.018103, 0.0, 0.0, 0.0, 0.0, 0.048273, 0.0, 0.0, 0.0, 0.0, 0.0, 0.024137, 0.0, 0.0, 0.0, 0.0, 0.0, 0.724101, 0.024137, 0.0]",mock_generator
1004528,MOCK-ONSHOR-080,onshore_petchem,Belgium,849.6,1039,11,"[0, 0, 3, 0, 0, 0, 0, 0, 14, 0, 39, 0, 0, 0, 0, 0, 0, 0, 0, 653, 0, 0, 0, 0, 0, 0, 0, 0, 2, 0, 0, 46, 6, 0, 0, 0, 0, 12, 0, 0, 0, 0, 0, 3, 0, 0, 0, 0, 0, 246, 15, 0]","[0.0, 0.0, 0.004281, 0.0, 0.0, 0.0, 0.0, 0.0, 0.019976, 0.0, 0.055647, 0.0, 0.0, 0.0, 0.0, 0.0, 0.0, 0.0, 0.0, 0.931731, 0.0, 0.0, 0.0, 0.0, 0.0, 0.0, 0.0, 0.0, 0.002854, 0.0, 0.0, 0.065635, 0.008561, 0.0, 0.0, 0.0, 0.0, 0.017122, 0.0, 0.0, 0.0, 0.0, 0.0, 0.004281, 0.0, 0.0, 0.0, 0.0, 0.0, 0.351004, 0.021403, 0.0]",mock_generator
1004546,MOCK-OFFSHO-001,offshore_fpso,Norway,2955.3,178,14,"[0, 0, 3, 0, 0, 0, 0, 0, 0, 0, 10, 0, 0, 0, 0, 0, 5, 0, 0, 0, 0, 0, 0, 3, 0, 7, 0, 0, 0, 0, 0, 9, 0, 5, 0, 6, 0, 0, 13, 0, 1, 0, 0, 0, 0, 0, 4, 0, 4, 101, 7, 0]","[0.0, 0.0, 0.028886, 0.0, 0.0, 0.0, 0.0, 0.0, 0.0, 0.0, 0.096287, 0.0, 0.0, 0.0, 0.0, 0.0, 0.048144, 0.0, 0.0, 0.0, 0.0, 0.0, 0.0, 0.028886, 0.0, 0.067401, 0.0, 0.0, 0.0, 0.0, 0.0, 0.086659, 0.0, 0.048144, 0.0, 0.057772, 0.0, 0.0, 0.125174, 0.0, 0.009629, 0.0, 0.0, 0.0, 0.0, 0.0, 0.038515, 0.0, 0.038515, 0.972503, 0.067401, 0.0]",mock_generator
1004582,MOCK-OFFSHO-002,offshore_fpso,Norway,2538.7,120,14,"[0, 0, 3, 0, 0, 0, 0, 0, 0, 0, 2, 0, 0, 0, 0, 0, 7, 0, 0, 0, 0, 0, 0, 0, 0, 18, 0, 0, 0, 0, 0, 6, 0, 5, 0, 2, 0, 0, 8, 0, 2, 0, 0, 0, 0, 0, 4, 1, 4, 54, 4, 0]","[0.0, 0.0, 0.050826, 0.0, 0.0, 0.0, 0.0, 0.0, 0.0, 0.0, 0.033884, 0.0, 0.0, 0.0, 0.0, 0.0, 0.118593, 0.0, 0.0, 0.0, 0.0, 0.0, 0.0, 0.0, 0.0, 0.304953, 0.0, 0.0, 0.0, 0.0, 0.0, 0.101651, 0.0, 0.084709, 0.0, 0.033884, 0.0, 0.0, 0.135535, 0.0, 0.033884, 0.0, 0.0, 0.0, 0.0, 0.0, 0.067767, 0.016942, 0.067767, 0.91486, 0.067767, 0.0]",mock_generator
1004618,MOCK-OFFSHO-003,offshore_fpso,Brazil,7897.7,326,15,"[0, 0, 7, 0, 0, 0, 0, 0, 0, 0, 17, 0, 0, 0, 0, 0, 7, 0, 0, 0, 0, 0, 0, 3, 0, 23, 0, 0, 0, 0, 0, 21, 0, 14, 0, 4, 0, 0, 19, 0, 1, 0, 0, 0, 0, 0, 11, 1, 6, 186, 6, 0]","[0.0, 0.0, 0.036525, 0.0, 0.0, 0.0, 0.0, 0.0, 0.0, 0.0, 0.088703, 0.0, 0.0, 0.0, 0.0, 0.0, 0.036525, 0.0, 0.0, 0.0, 0.0, 0.0, 0.0, 0.015653, 0.0, 0.12001, 0.0, 0.0, 0.0, 0.0, 0.0, 0.109574, 0.0, 0.07305, 0.0, 0.020871, 0.0, 0.0, 0.099139, 0.0, 0.005218, 0.0, 0.0, 0.0, 0.0, 0.0, 0.057396, 0.005218, 0.031307, 0.970516, 0.031307, 0.0]",mock_generator
1004637,MOCK-OFFSHO-004,offshore_fpso,Angola,7611.3,235,15,"[0, 0, 7, 0, 0, 0, 0, 0, 0, 0, 10, 0, 0, 0, 0, 0, 5, 0, 0, 0, 0, 0, 0, 5, 0, 20, 0, 0, 0, 0, 0, 14, 0, 9, 0, 11, 0, 0, 15, 0, 3, 0, 0, 0, 0, 0, 5, 2, 4, 116, 9, 0]","[0.0, 0.0, 0.057514, 0.0, 0.0, 0.0, 0.0, 0.0, 0.0, 0.0, 0.082163, 0.0, 0.0, 0.0, 0.0, 0.0, 0.041082, 0.0, 0.0, 0.0, 0.0, 0.0, 0.0, 0.041082, 0.0, 0.164327, 0.0, 0.0, 0.0, 0.0, 0.0, 0.115029, 0.0, 0.073947, 0.0, 0.09038, 0.0, 0.0, 0.123245, 0.0, 0.024649, 0.0, 0.0, 0.0, 0.0, 0.0, 0.041082, 0.016433, 0.032865, 0.953096, 0.073947, 0.0]",mock_generator
1004660,MOCK-OFFSHO-005,offshore_fpso,Nigeria,3202.7,200,15,"[0, 0, 4, 0, 0, 0, 0, 0, 0, 0, 12, 0, 0, 0, 0, 0, 4, 0, 0, 0, 0, 0, 0, 2, 0, 13, 0, 0, 0, 0, 0, 14, 0, 6, 0, 2, 0, 0, 11, 0, 1, 0, 0, 0, 0, 0, 4, 1, 2, 119, 5, 0]","[0.0, 0.0, 0.032754, 0.0, 0.0, 0.0, 0.0, 0.0, 0.0, 0.0, 0.098262, 0.0, 0.0, 0.0, 0.0, 0.0, 0.032754, 0.0, 0.0, 0.0, 0.0, 0.0, 0.0, 0.016377, 0.0, 0.10645, 0.0, 0.0, 0.0, 0.0, 0.0, 0.114639, 0.0, 0.049131, 0.0, 0.016377, 0.0, 0.0, 0.090073, 0.0, 0.008188, 0.0, 0.0, 0.0, 0.0, 0.0, 0.032754, 0.008188, 0.016377, 0.974428, 0.040942, 0.0]",mock_generator
1004688,MOCK-OFFSHO-006,offshore_fpso,Brazil,6853.0,154,14,"[0, 0, 2, 0, 0, 0, 0, 0, 0, 0, 7, 0, 0, 0, 0, 0, 4, 0, 0, 0, 0, 0, 0, 0, 0, 17, 0, 0, 0, 0, 0, 7, 0, 10, 0, 12, 0, 0, 13, 0, 2, 0, 0, 0, 0, 0, 5, 2, 2, 65, 6, 0]","[0.0, 0.0, 0.027956, 0.0, 0.0, 0.0, 0.0, 0.0, 0.0, 0.0, 0.097847, 0.0, 0.0, 0.0, 0.0, 0.0, 0.055913, 0.0, 0.0, 0.0, 0.0, 0.0, 0.0, 0.0, 0.0, 0.237629, 0.0, 0.0, 0.0, 0.0, 0.0, 0.097847, 0.0, 0.139782, 0.0, 0.167738, 0.0, 0.0, 0.181716, 0.0, 0.027956, 0.0, 0.0, 0.0, 0.0, 0.0, 0.069891, 0.027956, 0.027956, 0.90858, 0.083869, 0.0]",mock_generator
1004693,MOCK-OFFSHO-007,offshore_fpso,Nigeria,4515.7,190,13,"[0, 0, 4, 0, 0, 0, 0, 0, 0, 0, 2, 0, 0, 0, 0, 0, 6, 0, 0, 0, 0, 0, 0, 6, 0, 19, 0, 0, 0, 0, 0, 14, 0, 1, 0, 6, 0, 0, 16, 0, 2, 0, 0, 0, 0, 0, 3, 0, 0, 109, 2, 0]","[0.0, 0.0, 0.0353, 0.0, 0.0, 0.0, 0.0, 0.0, 0.0, 0.0, 0.01765, 0.0, 0.0, 0.0, 0.0, 0.0, 0.05295, 0.0, 0.0, 0.0, 0.0, 0.0, 0.0, 0.05295, 0.0, 0.167676, 0.0, 0.0, 0.0, 0.0, 0.0, 0.123551, 0.0, 0.008825, 0.0, 0.05295, 0.0, 0.0, 0.141201, 0.0, 0.01765, 0.0, 0.0, 0.0, 0.0, 0.0, 0.026475, 0.0, 0.0, 0.961931, 0.01765, 0.0]",mock_generator
1004702,MOCK-OFFSHO-008,offshore_fpso,Brazil,1751.7,92,13,"[0, 0, 3, 0, 0, 0, 0, 0, 0, 0, 6, 0, 0, 0, 0, 0, 1, 0, 0, 0, 0, 0, 0, 3, 0, 12, 0, 0, 0, 0, 0, 6, 0, 3, 0, 0, 0, 0, 7, 0, 1, 0, 0, 0, 0, 0, 5, 0, 4, 39, 2, 0]","[0.0, 0.0, 0.069561, 0.0, 0.0, 0.0, 0.0, 0.0, 0.0, 0.0, 0.139122, 0.0, 0.0, 0.0, 0.0, 0.0, 0.023187, 0.0, 0.0, 0.0, 0.0, 0.0, 0.0, 0.069561, 0.0, 0.278243, 0.0, 0.0, 0.0, 0.0, 0.0, 0.139122, 0.0, 0.069561, 0.0, 0.0, 0.0, 0.0, 0.162309, 0.0, 0.023187, 0.0, 0.0, 0.0, 0.0, 0.0, 0.115935, 0.0, 0.092748, 0.904291, 0.046374, 0.0]",mock_generator
1004729,MOCK-OFFSHO-009,offshore_fpso,Brazil,6441.6,265,15,"[0, 0, 4, 0, 0, 0, 0, 0, 0, 0, 12, 0, 0, 0, 0, 0, 4, 0, 0, 0, 0, 0, 0, 1, 0, 24, 0, 0, 0, 0, 0, 21, 0, 8, 0, 5, 0, 0, 10, 0, 1, 0, 0, 0, 0, 0, 4, 1, 3, 160, 7, 0]","[0.0, 0.0, 0.024317, 0.0, 0.0, 0.0, 0.0, 0.0, 0.0, 0.0, 0.07295, 0.0, 0.0, 0.0, 0.0, 0.0, 0.024317, 0.0, 0.0, 0.0, 0.0, 0.0, 0.0, 0.006079, 0.0, 0.1459, 0.0, 0.0, 0.0, 0.0, 0.0, 0.127663, 0.0, 0.048633, 0.0, 0.030396, 0.0, 0.0, 0.060792, 0.0, 0.006079, 0.0, 0.0, 0.0, 0.0, 0.0, 0.024317, 0.006079, 0.018238, 0.972667, 0.042554, 0.0]",mock_generator
1004768,MOCK-OFFSHO-010,offshore_fpso,Norway,2553.6,115,11,"[0, 0, 3, 0, 0, 0, 0, 0, 0, 0, 8, 0, 0, 0, 0, 0, 5, 0, 0, 0, 0, 0, 0, 1, 0, 8, 0, 0, 0, 0, 0, 0, 0, 0, 0, 3, 0, 0, 7, 0, 0, 0, 0, 0, 0, 0, 4, 1, 0, 71, 4, 0]","[0.0, 0.0, 0.041228, 0.0, 0.0, 0.0, 0.0, 0.0, 0.0, 0.0, 0.10994, 0.0, 0.0, 0.0, 0.0, 0.0, 0.068713, 0.0, 0.0, 0.0, 0.0, 0.0, 0.0, 0.013743, 0.0, 0.10994, 0.0, 0.0, 0.0, 0.0, 0.0, 0.0, 0.0, 0.0, 0.0, 0.041228, 0.0, 0.0, 0.096198, 0.0, 0.0, 0.0, 0.0, 0.0, 0.0, 0.0, 0.05497, 0.013743, 0.0, 0.97572, 0.05497, 0.0]",mock_generator
1004796,MOCK-OFFSHO-011,offshore_fpso,Brazil,6010.2,196,14,"[0, 0, 4, 0, 0, 0, 0, 0, 0, 0, 11, 0, 0, 0, 0, 0, 3, 0, 0, 0, 0, 0, 0, 3, 0, 0, 0, 0, 0, 0, 0, 6, 0, 9, 0, 9, 0, 0, 12, 0, 2, 0, 0, 0, 0, 0, 2, 2, 1, 126, 6, 0]","[0.0, 0.0, 0.031214, 0.0, 0.0, 0.0, 0.0, 0.0, 0.0, 0.0, 0.085838, 0.0, 0.0, 0.0, 0.0, 0.0, 0.02341, 0.0, 0.0, 0.0, 0.0, 0.0, 0.0, 0.02341, 0.0, 0.0, 0.0, 0.0, 0.0, 0.0, 0.0, 0.046821, 0.0, 0.070231, 0.0, 0.070231, 0.0, 0.0, 0.093641, 0.0, 0.015607, 0.0, 0.0, 0.0, 0.0, 0.0, 0.015607, 0.015607, 0.007803, 0.983235, 0.046821, 0.0]",mock_generator
1004819,MOCK-OFFSHO-012,offshore_fpso,Angola,1694.3,99,12,"[0, 0, 2, 0, 0, 0, 0, 0, 0, 0, 3, 0, 0, 0, 0, 0, 0, 0, 0, 0, 0, 0, 0, 0, 0, 8, 0, 0, 0, 0, 0, 4, 0, 4, 0, 4, 0, 0, 8, 0, 0, 0, 0, 0, 0, 0, 2, 1, 3, 55, 5, 0]","[0.0, 0.0, 0.035066, 0.0, 0.0, 0.0, 0.0, 0.0, 0.0, 0.0, 0.052599, 0.0, 0.0, 0.0, 0.0, 0.0, 0.0, 0.0, 0.0, 0.0, 0.0, 0.0, 0.0, 0.0, 0.0, 0.140265, 0.0, 0.0, 0.0, 0.0, 0.0, 0.070132, 0.0, 0.070132, 0.0, 0.070132, 0.0, 0.0, 0.140265, 0.0, 0.0, 0.0, 0.0, 0.0, 0.0, 0.0, 0.035066, 0.017533, 0.052599, 0.964319, 0.087665, 0.0]",mock_generator
1004825,MOCK-OFFSHO-013,offshore_fpso,Nigeria,3010.6,132,15,"[0, 0, 4, 0, 0, 0, 0, 0, 0, 0, 8, 0, 0, 0, 0, 0, 3, 0, 0, 0, 0, 0, 0, 3, 0, 9, 0, 0, 0, 0, 0, 1, 0, 4, 0, 2, 0, 0, 6, 0, 2, 0, 0, 0, 0, 0, 5, 1, 6, 70, 8, 0]","[0.0, 0.0, 0.055121, 0.0, 0.0, 0.0, 0.0, 0.0, 0.0, 0.0, 0.110243, 0.0, 0.0, 0.0, 0.0, 0.0, 0.041341, 0.0, 0.0, 0.0, 0.0, 0.0, 0.0, 0.041341, 0.0, 0.124023, 0.0, 0.0, 0.0, 0.0, 0.0, 0.01378, 0.0, 0.055121, 0.0, 0.027561, 0.0, 0.0, 0.082682, 0.0, 0.027561, 0.0, 0.0, 0.0, 0.0, 0.0, 0.068902, 0.01378, 0.082682, 0.964623, 0.110243, 0.0]",mock_generator
1004854,MOCK-OFFSHO-014,offshore_fpso,United States,5221.6,166,15,"[0, 0, 1, 0, 0, 0, 0, 0, 0, 0, 9, 0, 0, 0, 0, 0, 4, 0, 0, 0, 0, 0, 0, 2, 0, 13, 0, 0, 0, 0, 0, 15, 0, 5, 0, 2, 0, 0, 21, 0, 1, 0, 0, 0, 0, 0, 2, 2, 5, 76, 8, 0]","[0.0, 0.0, 0.012091, 0.0, 0.0, 0.0, 0.0, 0.0, 0.0, 0.0, 0.108821, 0.0, 0.0, 0.0, 0.0, 0.0, 0.048365, 0.0, 0.0, 0.0, 0.0, 0.0, 0.0, 0.024183, 0.0, 0.157187, 0.0, 0.0, 0.0, 0.0, 0.0, 0.181369, 0.0, 0.060456, 0.0, 0.024183, 0.0, 0.0, 0.253917, 0.0, 0.012091, 0.0, 0.0, 0.0, 0.0, 0.0, 0.024183, 0.024183, 0.060456, 0.918937, 0.09673, 0.0]",mock_generator
1004857,MOCK-OFFSHO-015,offshore_fpso,Brazil,5833.5,148,15,"[0, 0, 3, 0, 0, 0, 0, 0, 0, 0, 8, 0, 0, 0, 0, 0, 6, 0, 0, 0, 0, 0, 0, 1, 0, 24, 0, 0, 0, 0, 0, 18, 0, 9, 0, 3, 0, 0, 7, 0, 1, 0, 0, 0, 0, 0, 7, 2, 2, 53, 4, 0]","[0.0, 0.0, 0.047246, 0.0, 0.0, 0.0, 0.0, 0.0, 0.0, 0.0, 0.125988, 0.0, 0.0, 0.0, 0.0, 0.0, 0.094491, 0.0, 0.0, 0.0, 0.0, 0.0, 0.0, 0.015749, 0.0, 0.377964, 0.0, 0.0, 0.0, 0.0, 0.0, 0.283473, 0.0, 0.141737, 0.0, 0.047246, 0.0, 0.0, 0.11024, 0.0, 0.015749, 0.0, 0.0, 0.0, 0.0, 0.0, 0.11024, 0.031497, 0.031497, 0.834672, 0.062994, 0.0]",mock_generator
1004873,MOCK-OFFSHO-016,offshore_fpso,Nigeria,6266.8,198,12,"[0, 0, 4, 0, 0, 0, 0, 0, 0, 0, 0, 0, 0, 0, 0, 0, 0, 0, 0, 0, 0, 0, 0, 1, 0, 7, 0, 0, 0, 0, 0, 13, 0, 5, 0, 7, 0, 0, 7, 0, 0, 0, 0, 0, 0, 0, 6, 3, 1, 132, 12, 0]","[0.0, 0.0, 0.029837, 0.0, 0.0, 0.0, 0.0, 0.0, 0.0, 0.0, 0.0, 0.0, 0.0, 0.0, 0.0, 0.0, 0.0, 0.0, 0.0, 0.0, 0.0, 0.0, 0.0, 0.007459, 0.0, 0.052216, 0.0, 0.0, 0.0, 0.0, 0.0, 0.096972, 0.0, 0.037297, 0.0, 0.052216, 0.0, 0.0, 0.052216, 0.0, 0.0, 0.0, 0.0, 0.0, 0.0, 0.0, 0.044756, 0.022378, 0.007459, 0.984636, 0.089512, 0.0]",mock_generator
1004878,MOCK-OFFSHO-017,offshore_fpso,Brazil,8088.1,205,15,"[0, 0, 8, 0, 0, 0, 0, 0, 0, 0, 13, 0, 0, 0, 0, 0, 8, 0, 0, 0, 0, 0, 0, 3, 0, 21, 0, 0, 0, 0, 0, 11, 0, 12, 0, 8, 0, 0, 20, 0, 1, 0, 0, 0, 0, 0, 4, 1, 4, 88, 3, 0]","[0.0, 0.0, 0.083122, 0.0, 0.0, 0.0, 0.0, 0.0, 0.0, 0.0, 0.135073, 0.0, 0.0, 0.0, 0.0, 0.0, 0.083122, 0.0, 0.0, 0.0, 0.0, 0.0, 0.0, 0.031171, 0.0, 0.218194, 0.0, 0.0, 0.0, 0.0, 0.0, 0.114292, 0.0, 0.124682, 0.0, 0.083122, 0.0, 0.0, 0.207804, 0.0, 0.01039, 0.0, 0.0, 0.0, 0.0, 0.0, 0.041561, 0.01039, 0.041561, 0.914338, 0.031171, 0.0]",mock_generator
1004888,MOCK-OFFSHO-018,offshore_fpso,Guyana,4780.1,132,15,"[0, 0, 6, 0, 0, 0, 0, 0, 0, 0, 10, 0, 0, 0, 0, 0, 4, 0, 0, 0, 0, 0, 0, 3, 0, 10, 0, 0, 0, 0, 0, 13, 0, 6, 0, 3, 0, 0, 8, 0, 3, 0, 0, 0, 0, 0, 5, 2, 6, 48, 5, 0]","[0.0, 0.0, 0.110619, 0.0, 0.0, 0.0, 0.0, 0.0, 0.0, 0.0, 0.184365, 0.0, 0.0, 0.0, 0.0, 0.0, 0.073746, 0.0, 0.0, 0.0, 0.0, 0.0, 0.0, 0.05531, 0.0, 0.184365, 0.0, 0.0, 0.0, 0.0, 0.0, 0.239675, 0.0, 0.110619, 0.0, 0.05531, 0.0, 0.0, 0.147492, 0.0, 0.05531, 0.0, 0.0, 0.0, 0.0, 0.0, 0.092183, 0.036873, 0.110619, 0.884952, 0.092183, 0.0]",mock_generator
1004898,MOCK-OFFSHO-019,offshore_fpso,United States,1729.4,110,14,"[0, 0, 1, 0, 0, 0, 0, 0, 0, 0, 10, 0, 0, 0, 0, 0, 4, 0, 0, 0, 0, 0, 0, 1, 0, 7, 0, 0, 0, 0, 0, 6, 0, 1, 0, 1, 0, 0, 10, 0, 1, 0, 0, 0, 0, 0, 3, 0, 2, 58, 5, 0]","[0.0, 0.0, 0.016422, 0.0, 0.0, 0.0, 0.0, 0.0, 0.0, 0.0, 0.164222, 0.0, 0.0, 0.0, 0.0, 0.0, 0.065689, 0.0, 0.0, 0.0, 0.0, 0.0, 0.0, 0.016422, 0.0, 0.114955, 0.0, 0.0, 0.0, 0.0, 0.0, 0.098533, 0.0, 0.016422, 0.0, 0.016422, 0.0, 0.0, 0.164222, 0.0, 0.016422, 0.0, 0.0, 0.0, 0.0, 0.0, 0.049266, 0.0, 0.032844, 0.952485, 0.082111, 0.0]",mock_generator
1004922,MOCK-OFFSHO-020,offshore_fpso,Guyana,8014.6,222,14,"[0, 0, 1, 0, 0, 0, 0, 0, 0, 0, 12, 0, 0, 0, 0, 0, 7, 0, 0, 0, 0, 0, 0, 4, 0, 27, 0, 0, 0, 0, 0, 19, 0, 15, 0, 8, 0, 0, 14, 0, 0, 0, 0, 0, 0, 0, 11, 1, 3, 96, 4, 0]","[0.0, 0.0, 0.009471, 0.0, 0.0, 0.0, 0.0, 0.0, 0.0, 0.0, 0.113653, 0.0, 0.0, 0.0, 0.0, 0.0, 0.066298, 0.0, 0.0, 0.0, 0.0, 0.0, 0.0, 0.037884, 0.0, 0.25572, 0.0, 0.0, 0.0, 0.0, 0.0, 0.179951, 0.0, 0.142067, 0.0, 0.075769, 0.0, 0.0, 0.132596, 0.0, 0.0, 0.0, 0.0, 0.0, 0.0, 0.0, 0.104182, 0.009471, 0.028413, 0.909228, 0.037884, 0.0]",mock_generator
1004961,MOCK-OFFSHO-021,offshore_fpso,Norway,5781.2,170,13,"[0, 0, 0, 0, 0, 0, 0, 0, 0, 0, 7, 0, 0, 0, 0, 0, 1, 0, 0, 0, 0, 0, 0, 4, 0, 25, 0, 0, 0, 0, 0, 19, 0, 14, 0, 3, 0, 0, 7, 0, 0, 0, 0, 0, 0, 0, 4, 1, 4, 77, 4, 0]","[0.0, 0.0, 0.0, 0.0, 0.0, 0.0, 0.0, 0.0, 0.0, 0.0, 0.082019, 0.0, 0.0, 0.0, 0.0, 0.0, 0.011717, 0.0, 0.0, 0.0, 0.0, 0.0, 0.0, 0.046868, 0.0, 0.292924, 0.0, 0.0, 0.0, 0.0, 0.0, 0.222622, 0.0, 0.164037, 0.0, 0.035151, 0.0, 0.0, 0.082019, 0.0, 0.0, 0.0, 0.0, 0.0, 0.0, 0.0, 0.046868, 0.011717, 0.046868, 0.902206, 0.046868, 0.0]",mock_generator
1004988,MOCK-OFFSHO-022,offshore_fpso,Angola,3135.6,134,13,"[0, 0, 2, 0, 0, 0, 0, 0, 0, 0, 9, 0, 0, 0, 0, 0, 0, 0, 0, 0, 0, 0, 0, 4, 0, 20, 0, 0, 0, 0, 0, 15, 0, 9, 0, 4, 0, 0, 5, 0, 0, 0, 0, 0, 0, 0, 3, 1, 3, 53, 6, 0]","[0.0, 0.0, 0.032827, 0.0, 0.0, 0.0, 0.0, 0.0, 0.0, 0.0, 0.14772, 0.0, 0.0, 0.0, 0.0, 0.0, 0.0, 0.0, 0.0, 0.0, 0.0, 0.0, 0.0, 0.065653, 0.0, 0.328266, 0.0, 0.0, 0.0, 0.0, 0.0, 0.2462, 0.0, 0.14772, 0.0, 0.065653, 0.0, 0.0, 0.082067, 0.0, 0.0, 0.0, 0.0, 0.0, 0.0, 0.0, 0.04924, 0.016413, 0.04924, 0.869905, 0.09848, 0.0]",mock_generator
1005000,MOCK-OFFSHO-023,offshore_fpso,Norway,2194.8,135,12,"[0, 0, 0, 0, 0, 0, 0, 0, 0, 0, 6, 0, 0, 0, 0, 0, 3, 0, 0, 0, 0, 0, 0, 1, 0, 13, 0, 0, 0, 0, 0, 4, 0, 2, 0, 3, 0, 0, 13, 0, 0, 0, 0, 0, 0, 0, 3, 0, 2, 80, 5, 0]","[0.0, 0.0, 0.0, 0.0, 0.0, 0.0, 0.0, 0.0, 0.0, 0.0, 0.072489, 0.0, 0.0, 0.0, 0.0, 0.0, 0.036245, 0.0, 0.0, 0.0, 0.0, 0.0, 0.0, 0.012082, 0.0, 0.15706, 0.0, 0.0, 0.0, 0.0, 0.0, 0.048326, 0.0, 0.024163, 0.0, 0.036245, 0.0, 0.0, 0.15706, 0.0, 0.0, 0.0, 0.0, 0.0, 0.0, 0.0, 0.036245, 0.0, 0.024163, 0.966525, 0.060408, 0.0]",mock_generator
1005007,MOCK-OFFSHO-024,offshore_fpso,United States,4771.6,214,14,"[0, 0, 3, 0, 0, 0, 0, 0, 0, 0, 9, 0, 0, 0, 0, 0, 3, 0, 0, 0, 0, 0, 0, 2, 0, 14, 0, 0, 0, 0, 0, 9, 0, 11, 0, 2, 0, 0, 10, 0, 2, 0, 0, 0, 0, 0, 5, 0, 1, 135, 8, 0]","[0.0, 0.0, 0.021808, 0.0, 0.0, 0.0, 0.0, 0.0, 0.0, 0.0, 0.065424, 0.0, 0.0, 0.0, 0.0, 0.0, 0.021808, 0.0, 0.0, 0.0, 0.0, 0.0, 0.0, 0.014539, 0.0, 0.10177, 0.0, 0.0, 0.0, 0.0, 0.0, 0.065424, 0.0, 0.079962, 0.0, 0.014539, 0.0, 0.0, 0.072693, 0.0, 0.014539, 0.0, 0.0, 0.0, 0.0, 0.0, 0.036347, 0.0, 0.007269, 0.981358, 0.058155, 0.0]",mock_generator
1005032,MOCK-OFFSHO-025,offshore_fpso,United States,6178.0,193,15,"[0, 0, 6, 0, 0, 0, 0, 0, 0, 0, 8, 0, 0, 0, 0, 0, 5, 0, 0, 0, 0, 0, 0, 2, 0, 20, 0, 0, 0, 0, 0, 10, 0, 7, 0, 3, 0, 0, 17, 0, 2, 0, 0, 0, 0, 0, 4, 1, 7, 91, 10, 0]","[0.0, 0.0, 0.061797, 0.0, 0.0, 0.0, 0.0, 0.0, 0.0, 0.0, 0.082395, 0.0, 0.0, 0.0, 0.0, 0.0, 0.051497, 0.0, 0.0, 0.0, 0.0, 0.0, 0.0, 0.020599, 0.0, 0.205989, 0.0, 0.0, 0.0, 0.0, 0.0, 0.102994, 0.0, 0.072096, 0.0, 0.030898, 0.0, 0.0, 0.17509, 0.0, 0.020599, 0.0, 0.0, 0.0, 0.0, 0.0, 0.041198, 0.010299, 0.072096, 0.937248, 0.102994, 0.0]",mock_generator
1005042,MOCK-OFFSHO-026,offshore_fpso,Norway,4516.2,172,15,"[0, 0, 5, 0, 0, 0, 0, 0, 0, 0, 8, 0, 0, 0, 0, 0, 6, 0, 0, 0, 0, 0, 0, 2, 0, 13, 0, 0, 0, 0, 0, 11, 0, 7, 0, 4, 0, 0, 19, 0, 2, 0, 0, 0, 0, 0, 4, 1, 3, 82, 5, 0]","[0.0, 0.0, 0.057264, 0.0, 0.0, 0.0, 0.0, 0.0, 0.0, 0.0, 0.091622, 0.0, 0.0, 0.0, 0.0, 0.0, 0.068716, 0.0, 0.0, 0.0, 0.0, 0.0, 0.0, 0.022905, 0.0, 0.148885, 0.0, 0.0, 0.0, 0.0, 0.0, 0.12598, 0.0, 0.080169, 0.0, 0.045811, 0.0, 0.0, 0.217602, 0.0, 0.022905, 0.0, 0.0, 0.0, 0.0, 0.0, 0.045811, 0.011453, 0.034358, 0.939123, 0.057264, 0.0]",mock_generator
1005078,MOCK-OFFSHO-027,offshore_fpso,Norway,3730.0,185,15,"[0, 0, 1, 0, 0, 0, 0, 0, 0, 0, 12, 0, 0, 0, 0, 0, 2, 0, 0, 0, 0, 0, 0, 2, 0, 19, 0, 0, 0, 0, 0, 8, 0, 9, 0, 1, 0, 0, 17, 0, 1, 0, 0, 0, 0, 0, 3, 2, 3, 100, 5, 0]","[0.0, 0.0, 0.009536, 0.0, 0.0, 0.0, 0.0, 0.0, 0.0, 0.0, 0.114431, 0.0, 0.0, 0.0, 0.0, 0.0, 0.019072, 0.0, 0.0, 0.0, 0.0, 0.0, 0.0, 0.019072, 0.0, 0.181183, 0.0, 0.0, 0.0, 0.0, 0.0, 0.076287, 0.0, 0.085823, 0.0, 0.009536, 0.0, 0.0, 0.162111, 0.0, 0.009536, 0.0, 0.0, 0.0, 0.0, 0.0, 0.028608, 0.019072, 0.028608, 0.953593, 0.04768, 0.0]",mock_generator
1005111,MOCK-OFFSHO-028,offshore_fpso,Nigeria,1730.5,105,14,"[0, 0, 1, 0, 0, 0, 0, 0, 0, 0, 8, 0, 0, 0, 0, 0, 3, 0, 0, 0, 0, 0, 0, 1, 0, 5, 0, 0, 0, 0, 0, 7, 0, 3, 0, 4, 0, 0, 5, 0, 1, 0, 0, 0, 0, 0, 2, 0, 1, 63, 1, 0]","[0.0, 0.0, 0.015476, 0.0, 0.0, 0.0, 0.0, 0.0, 0.0, 0.0, 0.123812, 0.0, 0.0, 0.0, 0.0, 0.0, 0.046429, 0.0, 0.0, 0.0, 0.0, 0.0, 0.0, 0.015476, 0.0, 0.077382, 0.0, 0.0, 0.0, 0.0, 0.0, 0.108335, 0.0, 0.046429, 0.0, 0.061906, 0.0, 0.0, 0.077382, 0.0, 0.015476, 0.0, 0.0, 0.0, 0.0, 0.0, 0.030953, 0.0, 0.015476, 0.975017, 0.015476, 0.0]",mock_generator
1005140,MOCK-OFFSHO-029,offshore_fpso,United States,3967.1,238,13,"[0, 0, 3, 0, 0, 0, 0, 0, 0, 0, 9, 0, 0, 0, 0, 0, 6, 0, 0, 0, 0, 0, 0, 0, 0, 12, 0, 0, 0, 0, 0, 9, 0, 6, 0, 6, 0, 0, 14, 0, 1, 0, 0, 0, 0, 0, 7, 4, 4, 157, 0, 0]","[0.0, 0.0, 0.018842, 0.0, 0.0, 0.0, 0.0, 0.0, 0.0, 0.0, 0.056527, 0.0, 0.0, 0.0, 0.0, 0.0, 0.037684, 0.0, 0.0, 0.0, 0.0, 0.0, 0.0, 0.0, 0.0, 0.075369, 0.0, 0.0, 0.0, 0.0, 0.0, 0.056527, 0.0, 0.037684, 0.0, 0.037684, 0.0, 0.0, 0.08793, 0.0, 0.006281, 0.0, 0.0, 0.0, 0.0, 0.0, 0.043965, 0.025123, 0.025123, 0.986077, 0.0, 0.0]",mock_generator
1005154,MOCK-OFFSHO-030,offshore_fpso,United States,4749.7,120,13,"[0, 0, 1, 0, 0, 0, 0, 0, 0, 0, 4, 0, 0, 0, 0, 0, 8, 0, 0, 0, 0, 0, 0, 1, 0, 9, 0, 0, 0, 0, 0, 12, 0, 5, 0, 6, 0, 0, 9, 0, 0, 0, 0, 0, 0, 0, 5, 1, 0, 50, 9, 0]","[0.0, 0.0, 0.018089, 0.0, 0.0, 0.0, 0.0, 0.0, 0.0, 0.0, 0.072357, 0.0, 0.0, 0.0, 0.0, 0.0, 0.144715, 0.0, 0.0, 0.0, 0.0, 0.0, 0.0, 0.018089, 0.0, 0.162804, 0.0, 0.0, 0.0, 0.0, 0.0, 0.217072, 0.0, 0.090447, 0.0, 0.108536, 0.0, 0.0, 0.162804, 0.0, 0.0, 0.0, 0.0, 0.0, 0.0, 0.0, 0.090447, 0.018089, 0.0, 0.904468, 0.162804, 0.0]",mock_generator
1005157,MOCK-OFFSHO-031,offshore_fpso,Angola,7345.9,279,14,"[0, 0, 6, 0, 0, 0, 0, 0, 0, 0, 18, 0, 0, 0, 0, 0, 1, 0, 0, 0, 0, 0, 0, 1, 0, 23, 0, 0, 0, 0, 0, 11, 0, 16, 0, 6, 0, 0, 21, 0, 1, 0, 0, 0, 0, 0, 5, 0, 5, 160, 5, 0]","[0.0, 0.0, 0.036233, 0.0, 0.0, 0.0, 0.0, 0.0, 0.0, 0.0, 0.1087, 0.0, 0.0, 0.0, 0.0, 0.0, 0.006039, 0.0, 0.0, 0.0, 0.0, 0.0, 0.0, 0.006039, 0.0, 0.138895, 0.0, 0.0, 0.0, 0.0, 0.0, 0.066428, 0.0, 0.096623, 0.0, 0.036233, 0.0, 0.0, 0.126817, 0.0, 0.006039, 0.0, 0.0, 0.0, 0.0, 0.0, 0.030195, 0.0, 0.030195, 0.966225, 0.030195, 0.0]",mock_generator
1005168,MOCK-OFFSHO-032,offshore_fpso,United States,7787.9,237,15,"[0, 0, 5, 0, 0, 0, 0, 0, 0, 0, 20, 0, 0, 0, 0, 0, 5, 0, 0, 0, 0, 0, 0, 3, 0, 24, 0, 0, 0, 0, 0, 24, 0, 4, 0, 6, 0, 0, 12, 0, 1, 0, 0, 0, 0, 0, 6, 1, 9, 110, 7, 0]","[0.0, 0.0, 0.042145, 0.0, 0.0, 0.0, 0.0, 0.0, 0.0, 0.0, 0.16858, 0.0, 0.0, 0.0, 0.0, 0.0, 0.042145, 0.0, 0.0, 0.0, 0.0, 0.0, 0.0, 0.025287, 0.0, 0.202296, 0.0, 0.0, 0.0, 0.0, 0.0, 0.202296, 0.0, 0.033716, 0.0, 0.050574, 0.0, 0.0, 0.101148, 0.0, 0.008429, 0.0, 0.0, 0.0, 0.0, 0.0, 0.050574, 0.008429, 0.075861, 0.927189, 0.059003, 0.0]",mock_generator
1005176,MOCK-OFFSHO-033,offshore_fpso,Guyana,8757.2,192,14,"[0, 0, 7, 0, 0, 0, 0, 0, 0, 0, 19, 0, 0, 0, 0, 0, 7, 0, 0, 0, 0, 0, 0, 3, 0, 7, 0, 0, 0, 0, 0, 17, 0, 2, 0, 5, 0, 0, 23, 0, 1, 0, 0, 0, 0, 0, 3, 0, 4, 86, 8, 0]","[0.0, 0.0, 0.074409, 0.0, 0.0, 0.0, 0.0, 0.0, 0.0, 0.0, 0.201968, 0.0, 0.0, 0.0, 0.0, 0.0, 0.074409, 0.0, 0.0, 0.0, 0.0, 0.0, 0.0, 0.03189, 0.0, 0.074409, 0.0, 0.0, 0.0, 0.0, 0.0, 0.180708, 0.0, 0.02126, 0.0, 0.053149, 0.0, 0.0, 0.244487, 0.0, 0.01063, 0.0, 0.0, 0.0, 0.0, 0.0, 0.03189, 0.0, 0.04252, 0.91417, 0.085039, 0.0]",mock_generator
1005180,MOCK-OFFSHO-034,offshore_fpso,Norway,7271.6,251,15,"[0, 0, 3, 0, 0, 0, 0, 0, 0, 0, 16, 0, 0, 0, 0, 0, 4, 0, 0, 0, 0, 0, 0, 5, 0, 17, 0, 0, 0, 0, 0, 9, 0, 10, 0, 7, 0, 0, 11, 0, 1, 0, 0, 0, 0, 0, 11, 2, 4, 143, 8, 0]","[0.0, 0.0, 0.020412, 0.0, 0.0, 0.0, 0.0, 0.0, 0.0, 0.0, 0.108864, 0.0, 0.0, 0.0, 0.0, 0.0, 0.027216, 0.0, 0.0, 0.0, 0.0, 0.0, 0.0, 0.03402, 0.0, 0.115668, 0.0, 0.0, 0.0, 0.0, 0.0, 0.061236, 0.0, 0.06804, 0.0, 0.047628, 0.0, 0.0, 0.074844, 0.0, 0.006804, 0.0, 0.0, 0.0, 0.0, 0.0, 0.074844, 0.013608, 0.027216, 0.972969, 0.054432, 0.0]",mock_generator
1005208,MOCK-OFFSHO-035,offshore_fpso,Nigeria,2124.6,166,15,"[0, 0, 4, 0, 0, 0, 0, 0, 0, 0, 9, 0, 0, 0, 0, 0, 6, 0, 0, 0, 0, 0, 0, 3, 0, 7, 0, 0, 0, 0, 0, 5, 0, 4, 0, 4, 0, 0, 5, 0, 1, 0, 0, 0, 0, 0, 1, 1, 3, 106, 7, 0]","[0.0, 0.0, 0.037187, 0.0, 0.0, 0.0, 0.0, 0.0, 0.0, 0.0, 0.083671, 0.0, 0.0, 0.0, 0.0, 0.0, 0.055781, 0.0, 0.0, 0.0, 0.0, 0.0, 0.0, 0.02789, 0.0, 0.065078, 0.0, 0.0, 0.0, 0.0, 0.0, 0.046484, 0.0, 0.037187, 0.0, 0.037187, 0.0, 0.0, 0.046484, 0.0, 0.009297, 0.0, 0.0, 0.0, 0.0, 0.0, 0.009297, 0.009297, 0.02789, 0.98546, 0.065078, 0.0]",mock_generator
1005240,MOCK-OFFSHO-036,offshore_fpso,United States,5182.5,220,15,"[0, 0, 4, 0, 0, 0, 0, 0, 0, 0, 10, 0, 0, 0, 0, 0, 3, 0, 0, 0, 0, 0, 0, 3, 0, 14, 0, 0, 0, 0, 0, 9, 0, 6, 0, 4, 0, 0, 6, 0, 2, 0, 0, 0, 0, 0, 6, 1, 7, 144, 1, 0]","[0.0, 0.0, 0.027391, 0.0, 0.0, 0.0, 0.0, 0.0, 0.0, 0.0, 0.068477, 0.0, 0.0, 0.0, 0.0, 0.0, 0.020543, 0.0, 0.0, 0.0, 0.0, 0.0, 0.0, 0.020543, 0.0, 0.095868, 0.0, 0.0, 0.0, 0.0, 0.0, 0.061629, 0.0, 0.041086, 0.0, 0.027391, 0.0, 0.0, 0.041086, 0.0, 0.013695, 0.0, 0.0, 0.0, 0.0, 0.0, 0.041086, 0.006848, 0.047934, 0.98607, 0.006848, 0.0]",mock_generator
1005270,MOCK-OFFSHO-037,offshore_fpso,Brazil,7626.9,183,15,"[0, 0, 3, 0, 0, 0, 0, 0, 0, 0, 11, 0, 0, 0, 0, 0, 9, 0, 0, 0, 0, 0, 0, 4, 0, 30, 0, 0, 0, 0, 0, 17, 0, 8, 0, 2, 0, 0, 9, 0, 2, 0, 0, 0, 0, 0, 3, 1, 6, 75, 3, 0]","[0.0, 0.0, 0.035236, 0.0, 0.0, 0.0, 0.0, 0.0, 0.0, 0.0, 0.129197, 0.0, 0.0, 0.0, 0.0, 0.0, 0.105707, 0.0, 0.0, 0.0, 0.0, 0.0, 0.0, 0.046981, 0.0, 0.352356, 0.0, 0.0, 0.0, 0.0, 0.0, 0.199669, 0.0, 0.093962, 0.0, 0.02349, 0.0, 0.0, 0.105707, 0.0, 0.02349, 0.0, 0.0, 0.0, 0.0, 0.0, 0.035236, 0.011745, 0.070471, 0.880891, 0.035236, 0.0]",mock_generator
1005282,MOCK-OFFSHO-038,offshore_fpso,Angola,4652.2,205,13,"[0, 0, 1, 0, 0, 0, 0, 0, 0, 0, 12, 0, 0, 0, 0, 0, 5, 0, 0, 0, 0, 0, 0, 0, 0, 10, 0, 0, 0, 0, 0, 10, 0, 12, 0, 4, 0, 0, 10, 0, 1, 0, 0, 0, 0, 0, 2, 0, 2, 132, 4, 0]","[0.0, 0.0, 0.007437, 0.0, 0.0, 0.0, 0.0, 0.0, 0.0, 0.0, 0.089247, 0.0, 0.0, 0.0, 0.0, 0.0, 0.037186, 0.0, 0.0, 0.0, 0.0, 0.0, 0.0, 0.0, 0.0, 0.074373, 0.0, 0.0, 0.0, 0.0, 0.0, 0.074373, 0.0, 0.089247, 0.0, 0.029749, 0.0, 0.0, 0.074373, 0.0, 0.007437, 0.0, 0.0, 0.0, 0.0, 0.0, 0.014875, 0.0, 0.014875, 0.981718, 0.029749, 0.0]",mock_generator
1005306,MOCK-OFFSHO-039,offshore_fpso,Guyana,3212.0,155,14,"[0, 0, 6, 0, 0, 0, 0, 0, 0, 0, 7, 0, 0, 0, 0, 0, 5, 0, 0, 0, 0, 0, 0, 2, 0, 11, 0, 0, 0, 0, 0, 9, 0, 9, 0, 3, 0, 0, 14, 0, 0, 0, 0, 0, 0, 0, 2, 1, 1, 79, 6, 0]","[0.0, 0.0, 0.07231, 0.0, 0.0, 0.0, 0.0, 0.0, 0.0, 0.0, 0.084362, 0.0, 0.0, 0.0, 0.0, 0.0, 0.060258, 0.0, 0.0, 0.0, 0.0, 0.0, 0.0, 0.024103, 0.0, 0.132569, 0.0, 0.0, 0.0, 0.0, 0.0, 0.108465, 0.0, 0.108465, 0.0, 0.036155, 0.0, 0.0, 0.168724, 0.0, 0.0, 0.0, 0.0, 0.0, 0.0, 0.0, 0.024103, 0.012052, 0.012052, 0.952084, 0.07231, 0.0]",mock_generator
1005337,MOCK-OFFSHO-040,offshore_fpso,Brazil,4067.7,229,15,"[0, 0, 6, 0, 0, 0, 0, 0, 0, 0, 9, 0, 0, 0, 0, 0, 4, 0, 0, 0, 0, 0, 0, 2, 0, 19, 0, 0, 0, 0, 0, 12, 0, 8, 0, 4, 0, 0, 10, 0, 2, 0, 0, 0, 0, 0, 7, 2, 6, 131, 7, 0]","[0.0, 0.0, 0.044567, 0.0, 0.0, 0.0, 0.0, 0.0, 0.0, 0.0, 0.06685, 0.0, 0.0, 0.0, 0.0, 0.0, 0.029711, 0.0, 0.0, 0.0, 0.0, 0.0, 0.0, 0.014856, 0.0, 0.141128, 0.0, 0.0, 0.0, 0.0, 0.0, 0.089134, 0.0, 0.059423, 0.0, 0.029711, 0.0, 0.0, 0.074278, 0.0, 0.014856, 0.0, 0.0, 0.0, 0.0, 0.0, 0.051995, 0.014856, 0.044567, 0.973044, 0.051995, 0.0]",mock_generator
1005366,MOCK-OFFSHO-041,offshore_fpso,United States,3949.1,193,15,"[0, 0, 2, 0, 0, 0, 0, 0, 0, 0, 11, 0, 0, 0, 0, 0, 4, 0, 0, 0, 0, 0, 0, 3, 0, 12, 0, 0, 0, 0, 0, 16, 0, 4, 0, 4, 0, 0, 9, 0, 1, 0, 0, 0, 0, 0, 5, 1, 5, 110, 6, 0]","[0.0, 0.0, 0.017643, 0.0, 0.0, 0.0, 0.0, 0.0, 0.0, 0.0, 0.097034, 0.0, 0.0, 0.0, 0.0, 0.0, 0.035285, 0.0, 0.0, 0.0, 0.0, 0.0, 0.0, 0.026464, 0.0, 0.105855, 0.0, 0.0, 0.0, 0.0, 0.0, 0.14114, 0.0, 0.035285, 0.0, 0.035285, 0.0, 0.0, 0.079392, 0.0, 0.008821, 0.0, 0.0, 0.0, 0.0, 0.0, 0.044106, 0.008821, 0.044106, 0.970341, 0.052928, 0.0]",mock_generator
1005393,MOCK-OFFSHO-042,offshore_fpso,Nigeria,3716.5,152,14,"[0, 0, 4, 0, 0, 0, 0, 0, 0, 0, 4, 0, 0, 0, 0, 0, 4, 0, 0, 0, 0, 0, 0, 0, 0, 19, 0, 0, 0, 0, 0, 10, 0, 8, 0, 3, 0, 0, 6, 0, 1, 0, 0, 0, 0, 0, 4, 3, 2, 78, 6, 0]","[0.0, 0.0, 0.048622, 0.0, 0.0, 0.0, 0.0, 0.0, 0.0, 0.0, 0.048622, 0.0, 0.0, 0.0, 0.0, 0.0, 0.048622, 0.0, 0.0, 0.0, 0.0, 0.0, 0.0, 0.0, 0.0, 0.230953, 0.0, 0.0, 0.0, 0.0, 0.0, 0.121554, 0.0, 0.097243, 0.0, 0.036466, 0.0, 0.0, 0.072932, 0.0, 0.012155, 0.0, 0.0, 0.0, 0.0, 0.0, 0.048622, 0.036466, 0.024311, 0.948122, 0.072932, 0.0]",mock_generator
1005410,MOCK-OFFSHO-043,offshore_fpso,Brazil,1586.4,87,13,"[0, 0, 1, 0, 0, 0, 0, 0, 0, 0, 5, 0, 0, 0, 0, 0, 3, 0, 0, 0, 0, 0, 0, 1, 0, 10, 0, 0, 0, 0, 0, 6, 0, 3, 0, 0, 0, 0, 4, 0, 0, 0, 0, 0, 0, 0, 3, 2, 3, 44, 2, 0]","[0.0, 0.0, 0.021522, 0.0, 0.0, 0.0, 0.0, 0.0, 0.0, 0.0, 0.107608, 0.0, 0.0, 0.0, 0.0, 0.0, 0.064565, 0.0, 0.0, 0.0, 0.0, 0.0, 0.0, 0.021522, 0.0, 0.215216, 0.0, 0.0, 0.0, 0.0, 0.0, 0.129129, 0.0, 0.064565, 0.0, 0.0, 0.0, 0.0, 0.086086, 0.0, 0.0, 0.0, 0.0, 0.0, 0.0, 0.0, 0.064565, 0.043043, 0.064565, 0.946948, 0.043043, 0.0]",mock_generator
1005419,MOCK-OFFSHO-044,offshore_fpso,Angola,8050.2,226,15,"[0, 0, 4, 0, 0, 0, 0, 0, 0, 0, 3, 0, 0, 0, 0, 0, 10, 0, 0, 0, 0, 0, 0, 3, 0, 32, 0, 0, 0, 0, 0, 15, 0, 13, 0, 3, 0, 0, 19, 0, 2, 0, 0, 0, 0, 0, 13, 2, 6, 94, 7, 0]","[0.0, 0.0, 0.038104, 0.0, 0.0, 0.0, 0.0, 0.0, 0.0, 0.0, 0.028578, 0.0, 0.0, 0.0, 0.0, 0.0, 0.09526, 0.0, 0.0, 0.0, 0.0, 0.0, 0.0, 0.028578, 0.0, 0.304831, 0.0, 0.0, 0.0, 0.0, 0.0, 0.14289, 0.0, 0.123838, 0.0, 0.028578, 0.0, 0.0, 0.180993, 0.0, 0.019052, 0.0, 0.0, 0.0, 0.0, 0.0, 0.123838, 0.019052, 0.057156, 0.895441, 0.066682, 0.0]",mock_generator
1005432,MOCK-OFFSHO-045,offshore_fpso,Nigeria,2360.5,126,15,"[0, 0, 2, 0, 0, 0, 0, 0, 0, 0, 5, 0, 0, 0, 0, 0, 1, 0, 0, 0, 0, 0, 0, 2, 0, 2, 0, 0, 0, 0, 0, 9, 0, 2, 0, 3, 0, 0, 9, 0, 1, 0, 0, 0, 0, 0, 2, 1, 4, 80, 3, 0]","[0.0, 0.0, 0.024537, 0.0, 0.0, 0.0, 0.0, 0.0, 0.0, 0.0, 0.061342, 0.0, 0.0, 0.0, 0.0, 0.0, 0.012268, 0.0, 0.0, 0.0, 0.0, 0.0, 0.0, 0.024537, 0.0, 0.024537, 0.0, 0.0, 0.0, 0.0, 0.0, 0.110415, 0.0, 0.024537, 0.0, 0.036805, 0.0, 0.0, 0.110415, 0.0, 0.012268, 0.0, 0.0, 0.0, 0.0, 0.0, 0.024537, 0.012268, 0.049073, 0.981466, 0.036805, 0.0]",mock_generator
1005447,MOCK-PIPELI-001,pipeline_mainline,Australia,252.1,39,6,"[0, 0, 0, 0, 0, 1, 0, 0, 0, 0, 0, 0, 0, 0, 0, 0, 0, 0, 0, 0, 0, 2, 0, 0, 4, 0, 0, 0, 0, 2, 0, 4, 0, 0, 0, 0, 0, 0, 0, 0, 0, 0, 0, 0, 0, 0, 0, 0, 0, 26, 0, 0]","[0.0, 0.0, 0.0, 0.0, 0.0, 0.037346, 0.0, 0.0, 0.0, 0.0, 0.0, 0.0, 0.0, 0.0, 0.0, 0.0, 0.0, 0.0, 0.0, 0.0, 0.0, 0.074691, 0.0, 0.0, 0.149383, 0.0, 0.0, 0.0, 0.0, 0.074691, 0.0, 0.149383, 0.0, 0.0, 0.0, 0.0, 0.0, 0.0, 0.0, 0.0, 0.0, 0.0, 0.0, 0.0, 0.0, 0.0, 0.0, 0.0, 0.0, 0.970988, 0.0, 0.0]",mock_generator
1005448,MOCK-PIPELI-002,pipeline_mainline,Australia,784.6,25,6,"[0, 0, 0, 0, 0, 3, 0, 0, 0, 0, 0, 0, 0, 0, 0, 0, 0, 0, 0, 0, 0, 2, 0, 0, 8, 0, 0, 0, 0, 2, 0, 4, 0, 0, 0, 0, 0, 0, 0, 0, 0, 0, 0, 0, 0, 0, 0, 0, 0, 6, 0, 0]","[0.0, 0.0, 0.0, 0.0, 0.0, 0.260133, 0.0, 0.0, 0.0, 0.0, 0.0, 0.0, 0.0, 0.0, 0.0, 0.0, 0.0, 0.0, 0.0, 0.0, 0.0, 0.173422, 0.0, 0.0, 0.693688, 0.0, 0.0, 0.0, 0.0, 0.173422, 0.0, 0.346844, 0.0, 0.0, 0.0, 0.0, 0.0, 0.0, 0.0, 0.0, 0.0, 0.0, 0.0, 0.0, 0.0, 0.0, 0.0, 0.0, 0.0, 0.520266, 0.0, 0.0]",mock_generator
1005475,MOCK-PIPELI-003,pipeline_mainline,Australia,412.8,47,4,"[0, 0, 0, 0, 0, 1, 0, 0, 0, 0, 0, 0, 0, 0, 0, 0, 0, 0, 0, 0, 0, 0, 0, 0, 3, 0, 0, 0, 0, 0, 0, 2, 0, 0, 0, 0, 0, 0, 0, 0, 0, 0, 0, 0, 0, 0, 0, 0, 0, 41, 0, 0]","[0.0, 0.0, 0.0, 0.0, 0.0, 0.024289, 0.0, 0.0, 0.0, 0.0, 0.0, 0.0, 0.0, 0.0, 0.0, 0.0, 0.0, 0.0, 0.0, 0.0, 0.0, 0.0, 0.0, 0.0, 0.072868, 0.0, 0.0, 0.0, 0.0, 0.0, 0.0, 0.048579, 0.0, 0.0, 0.0, 0.0, 0.0, 0.0, 0.0, 0.0, 0.0, 0.0, 0.0, 0.0, 0.0, 0.0, 0.0, 0.0, 0.0, 0.995862, 0.0, 0.0]",mock_generator
1005513,MOCK-PIPELI-004,pipeline_mainline,Canada,583.7,53,5,"[0, 0, 0, 0, 0, 1, 0, 0, 0, 0, 0, 0, 0, 0, 0, 0, 0, 0, 0, 0, 0, 0, 0, 0, 3, 0, 0, 0, 0, 3, 0, 6, 0, 0, 0, 0, 0, 0, 0, 0, 0, 0, 0, 0, 0, 0, 0, 0, 0, 40, 0, 0]","[0.0, 0.0, 0.0, 0.0, 0.0, 0.024581, 0.0, 0.0, 0.0, 0.0, 0.0, 0.0, 0.0, 0.0, 0.0, 0.0, 0.0, 0.0, 0.0, 0.0, 0.0, 0.0, 0.0, 0.0, 0.073743, 0.0, 0.0, 0.0, 0.0, 0.073743, 0.0, 0.147486, 0.0, 0.0, 0.0, 0.0, 0.0, 0.0, 0.0, 0.0, 0.0, 0.0, 0.0, 0.0, 0.0, 0.0, 0.0, 0.0, 0.0, 0.983243, 0.0, 0.0]",mock_generator
1005540,MOCK-PIPELI-005,pipeline_mainline,Mexico,290.4,43,4,"[0, 0, 0, 0, 0, 0, 0, 0, 0, 0, 0, 0, 0, 0, 0, 0, 0, 0, 0, 0, 0, 1, 0, 0, 3, 0, 0, 0, 0, 0, 0, 2, 0, 0, 0, 0, 0, 0, 0, 0, 0, 0, 0, 0, 0, 0, 0, 0, 0, 37, 0, 0]","[0.0, 0.0, 0.0, 0.0, 0.0, 0.0, 0.0, 0.0, 0.0, 0.0, 0.0, 0.0, 0.0, 0.0, 0.0, 0.0, 0.0, 0.0, 0.0, 0.0, 0.0, 0.02689, 0.0, 0.0, 0.08067, 0.0, 0.0, 0.0, 0.0, 0.0, 0.0, 0.05378, 0.0, 0.0, 0.0, 0.0, 0.0, 0.0, 0.0, 0.0, 0.0, 0.0, 0.0, 0.0, 0.0, 0.0, 0.0, 0.0, 0.0, 0.994926, 0.0, 0.0]",mock_generator
1005543,MOCK-PIPELI-006,pipeline_mainline,United States,237.5,29,5,"[0, 0, 0, 0, 0, 1, 0, 0, 0, 0, 0, 0, 0, 0, 0, 0, 0, 0, 0, 0, 0, 0, 0, 0, 4, 0, 0, 0, 0, 1, 0, 3, 0, 0, 0, 0, 0, 0, 0, 0, 0, 0, 0, 0, 0, 0, 0, 0, 0, 20, 0, 0]","[0.0, 0.0, 0.0, 0.0, 0.0, 0.048393, 0.0, 0.0, 0.0, 0.0, 0.0, 0.0, 0.0, 0.0, 0.0, 0.0, 0.0, 0.0, 0.0, 0.0, 0.0, 0.0, 0.0, 0.0, 0.193574, 0.0, 0.0, 0.0, 0.0, 0.048393, 0.0, 0.14518, 0.0, 0.0, 0.0, 0.0, 0.0, 0.0, 0.0, 0.0, 0.0, 0.0, 0.0, 0.0, 0.0, 0.0, 0.0, 0.0, 0.0, 0.967868, 0.0, 0.0]",mock_generator
1005578,MOCK-PIPELI-007,pipeline_mainline,Canada,119.4,17,3,"[0, 0, 0, 0, 0, 0, 0, 0, 0, 0, 0, 0, 0, 0, 0, 0, 0, 0, 0, 0, 0, 0, 0, 0, 2, 0, 0, 0, 0, 1, 0, 0, 0, 0, 0, 0, 0, 0, 0, 0, 0, 0, 0, 0, 0, 0, 0, 0, 0, 14, 0, 0]","[0.0, 0.0, 0.0, 0.0, 0.0, 0.0, 0.0, 0.0, 0.0, 0.0, 0.0, 0.0, 0.0, 0.0, 0.0, 0.0, 0.0, 0.0, 0.0, 0.0, 0.0, 0.0, 0.0, 0.0, 0.141069, 0.0, 0.0, 0.0, 0.0, 0.070535, 0.0, 0.0, 0.0, 0.0, 0.0, 0.0, 0.0, 0.0, 0.0, 0.0, 0.0, 0.0, 0.0, 0.0, 0.0, 0.0, 0.0, 0.0, 0.0, 0.987484, 0.0, 0.0]",mock_generator
1005599,MOCK-PIPELI-008,pipeline_mainline,Mexico,416.9,43,5,"[0, 0, 0, 0, 0, 0, 0, 0, 0, 0, 0, 0, 0, 0, 0, 0, 0, 0, 0, 0, 0, 2, 0, 0, 3, 0, 0, 0, 0, 3, 0, 2, 0, 0, 0, 0, 0, 0, 0, 0, 0, 0, 0, 0, 0, 0, 0, 0, 0, 33, 0, 0]","[0.0, 0.0, 0.0, 0.0, 0.0, 0.0, 0.0, 0.0, 0.0, 0.0, 0.0, 0.0, 0.0, 0.0, 0.0, 0.0, 0.0, 0.0, 0.0, 0.0, 0.0, 0.059895, 0.0, 0.0, 0.089843, 0.0, 0.0, 0.0, 0.0, 0.089843, 0.0, 0.059895, 0.0, 0.0, 0.0, 0.0, 0.0, 0.0, 0.0, 0.0, 0.0, 0.0, 0.0, 0.0, 0.0, 0.0, 0.0, 0.0, 0.0, 0.988272, 0.0, 0.0]",mock_generator
1005621,MOCK-PIPELI-009,pipeline_mainline,United States,234.0,37,5,"[0, 0, 0, 0, 0, 1, 0, 0, 0, 0, 0, 0, 0, 0, 0, 0, 0, 0, 0, 0, 0, 0, 0, 0, 2, 0, 0, 0, 0, 3, 0, 1, 0, 0, 0, 0, 0, 0, 0, 0, 0, 0, 0, 0, 0, 0, 0, 0, 0, 30, 0, 0]","[0.0, 0.0, 0.0, 0.0, 0.0, 0.033059, 0.0, 0.0, 0.0, 0.0, 0.0, 0.0, 0.0, 0.0, 0.0, 0.0, 0.0, 0.0, 0.0, 0.0, 0.0, 0.0, 0.0, 0.0, 0.066118, 0.0, 0.0, 0.0, 0.0, 0.099177, 0.0, 0.033059, 0.0, 0.0, 0.0, 0.0, 0.0, 0.0, 0.0, 0.0, 0.0, 0.0, 0.0, 0.0, 0.0, 0.0, 0.0, 0.0, 0.0, 0.991769, 0.0, 0.0]",mock_generator
1005629,MOCK-PIPELI-010,pipeline_mainline,Mexico,195.7,10,3,"[0, 0, 0, 0, 0, 0, 0, 0, 0, 0, 0, 0, 0, 0, 0, 0, 0, 0, 0, 0, 0, 1, 0, 0, 0, 0, 0, 0, 0, 0, 0, 3, 0, 0, 0, 0, 0, 0, 0, 0, 0, 0, 0, 0, 0, 0, 0, 0, 0, 6, 0, 0]","[0.0, 0.0, 0.0, 0.0, 0.0, 0.0, 0.0, 0.0, 0.0, 0.0, 0.0, 0.0, 0.0, 0.0, 0.0, 0.0, 0.0, 0.0, 0.0, 0.0, 0.0, 0.147442, 0.0, 0.0, 0.0, 0.0, 0.0, 0.0, 0.0, 0.0, 0.0, 0.442326, 0.0, 0.0, 0.0, 0.0, 0.0, 0.0, 0.0, 0.0, 0.0, 0.0, 0.0, 0.0, 0.0, 0.0, 0.0, 0.0, 0.0, 0.884652, 0.0, 0.0]",mock_generator
1005658,MOCK-PIPELI-011,pipeline_mainline,United States,990.8,69,6,"[0, 0, 0, 0, 0, 2, 0, 0, 0, 0, 0, 0, 0, 0, 0, 0, 0, 0, 0, 0, 0, 2, 0, 0, 8, 0, 0, 0, 0, 3, 0, 5, 0, 0, 0, 0, 0, 0, 0, 0, 0, 0, 0, 0, 0, 0, 0, 0, 0, 49, 0, 0]","[0.0, 0.0, 0.0, 0.0, 0.0, 0.039944, 0.0, 0.0, 0.0, 0.0, 0.0, 0.0, 0.0, 0.0, 0.0, 0.0, 0.0, 0.0, 0.0, 0.0, 0.0, 0.039944, 0.0, 0.0, 0.159776, 0.0, 0.0, 0.0, 0.0, 0.059916, 0.0, 0.09986, 0.0, 0.0, 0.0, 0.0, 0.0, 0.0, 0.0, 0.0, 0.0, 0.0, 0.0, 0.0, 0.0, 0.0, 0.0, 0.0, 0.0, 0.978631, 0.0, 0.0]",mock_generator
1005683,MOCK-PIPELI-012,pipeline_mainline,Australia,394.8,43,5,"[0, 0, 0, 0, 0, 2, 0, 0, 0, 0, 0, 0, 0, 0, 0, 0, 0, 0, 0, 0, 0, 0, 0, 0, 5, 0, 0, 0, 0, 2, 0, 7, 0, 0, 0, 0, 0, 0, 0, 0, 0, 0, 0, 0, 0, 0, 0, 0, 0, 27, 0, 0]","[0.0, 0.0, 0.0, 0.0, 0.0, 0.070229, 0.0, 0.0, 0.0, 0.0, 0.0, 0.0, 0.0, 0.0, 0.0, 0.0, 0.0, 0.0, 0.0, 0.0, 0.0, 0.0, 0.0, 0.0, 0.175574, 0.0, 0.0, 0.0, 0.0, 0.070229, 0.0, 0.245803, 0.0, 0.0, 0.0, 0.0, 0.0, 0.0, 0.0, 0.0, 0.0, 0.0, 0.0, 0.0, 0.0, 0.0, 0.0, 0.0, 0.0, 0.948098, 0.0, 0.0]",mock_generator
1005690,MOCK-PIPELI-013,pipeline_mainline,United States,433.4,32,5,"[0, 0, 0, 0, 0, 2, 0, 0, 0, 0, 0, 0, 0, 0, 0, 0, 0, 0, 0, 0, 0, 0, 0, 0, 2, 0, 0, 0, 0, 2, 0, 3, 0, 0, 0, 0, 0, 0, 0, 0, 0, 0, 0, 0, 0, 0, 0, 0, 0, 23, 0, 0]","[0.0, 0.0, 0.0, 0.0, 0.0, 0.08528, 0.0, 0.0, 0.0, 0.0, 0.0, 0.0, 0.0, 0.0, 0.0, 0.0, 0.0, 0.0, 0.0, 0.0, 0.0, 0.0, 0.0, 0.0, 0.08528, 0.0, 0.0, 0.0, 0.0, 0.08528, 0.0, 0.12792, 0.0, 0.0, 0.0, 0.0, 0.0, 0.0, 0.0, 0.0, 0.0, 0.0, 0.0, 0.0, 0.0, 0.0, 0.0, 0.0, 0.0, 0.980723, 0.0, 0.0]",mock_generator
1005708,MOCK-PIPELI-014,pipeline_mainline,United States,42.2,13,5,"[0, 0, 0, 0, 0, 0, 0, 0, 0, 0, 0, 0, 0, 0, 0, 0, 0, 0, 0, 0, 0, 1, 0, 0, 2, 0, 0, 0, 0, 1, 0, 1, 0, 0, 0, 0, 0, 0, 0, 0, 0, 0, 0, 0, 0, 0, 0, 0, 0, 8, 0, 0]","[0.0, 0.0, 0.0, 0.0, 0.0, 0.0, 0.0, 0.0, 0.0, 0.0, 0.0, 0.0, 0.0, 0.0, 0.0, 0.0, 0.0, 0.0, 0.0, 0.0, 0.0, 0.118678, 0.0, 0.0, 0.237356, 0.0, 0.0, 0.0, 0.0, 0.118678, 0.0, 0.118678, 0.0, 0.0, 0.0, 0.0, 0.0, 0.0, 0.0, 0.0, 0.0, 0.0, 0.0, 0.0, 0.0, 0.0, 0.0, 0.0, 0.0, 0.949425, 0.0, 0.0]",mock_generator
1005736,MOCK-PIPELI-015,pipeline_mainline,Australia,909.9,49,4,"[0, 0, 0, 0, 0, 0, 0, 0, 0, 0, 0, 0, 0, 0, 0, 0, 0, 0, 0, 0, 0, 1, 0, 0, 0, 0, 0, 0, 0, 4, 0, 4, 0, 0, 0, 0, 0, 0, 0, 0, 0, 0, 0, 0, 0, 0, 0, 0, 0, 40, 0, 0]","[0.0, 0.0, 0.0, 0.0, 0.0, 0.0, 0.0, 0.0, 0.0, 0.0, 0.0, 0.0, 0.0, 0.0, 0.0, 0.0, 0.0, 0.0, 0.0, 0.0, 0.0, 0.024746, 0.0, 0.0, 0.0, 0.0, 0.0, 0.0, 0.0, 0.098984, 0.0, 0.098984, 0.0, 0.0, 0.0, 0.0, 0.0, 0.0, 0.0, 0.0, 0.0, 0.0, 0.0, 0.0, 0.0, 0.0, 0.0, 0.0, 0.0, 0.989844, 0.0, 0.0]",mock_generator
1005773,MOCK-PIPELI-016,pipeline_mainline,Mexico,631.8,51,6,"[0, 0, 0, 0, 0, 1, 0, 0, 0, 0, 0, 0, 0, 0, 0, 0, 0, 0, 0, 0, 0, 1, 0, 0, 5, 0, 0, 0, 0, 4, 0, 6, 0, 0, 0, 0, 0, 0, 0, 0, 0, 0, 0, 0, 0, 0, 0, 0, 0, 34, 0, 0]","[0.0, 0.0, 0.0, 0.0, 0.0, 0.028456, 0.0, 0.0, 0.0, 0.0, 0.0, 0.0, 0.0, 0.0, 0.0, 0.0, 0.0, 0.0, 0.0, 0.0, 0.0, 0.028456, 0.0, 0.0, 0.142278, 0.0, 0.0, 0.0, 0.0, 0.113822, 0.0, 0.170733, 0.0, 0.0, 0.0, 0.0, 0.0, 0.0, 0.0, 0.0, 0.0, 0.0, 0.0, 0.0, 0.0, 0.0, 0.0, 0.0, 0.0, 0.967488, 0.0, 0.0]",mock_generator
1005781,MOCK-PIPELI-017,pipeline_mainline,Australia,517.3,38,6,"[0, 0, 0, 0, 0, 1, 0, 0, 0, 0, 0, 0, 0, 0, 0, 0, 0, 0, 0, 0, 0, 2, 0, 0, 7, 0, 0, 0, 0, 2, 0, 2, 0, 0, 0, 0, 0, 0, 0, 0, 0, 0, 0, 0, 0, 0, 0, 0, 0, 24, 0, 0]","[0.0, 0.0, 0.0, 0.0, 0.0, 0.03959, 0.0, 0.0, 0.0, 0.0, 0.0, 0.0, 0.0, 0.0, 0.0, 0.0, 0.0, 0.0, 0.0, 0.0, 0.0, 0.079181, 0.0, 0.0, 0.277133, 0.0, 0.0, 0.0, 0.0, 0.079181, 0.0, 0.079181, 0.0, 0.0, 0.0, 0.0, 0.0, 0.0, 0.0, 0.0, 0.0, 0.0, 0.0, 0.0, 0.0, 0.0, 0.0, 0.0, 0.0, 0.950169, 0.0, 0.0]",mock_generator
1005819,MOCK-PIPELI-018,pipeline_mainline,United States,446.2,35,4,"[0, 0, 0, 0, 0, 0, 0, 0, 0, 0, 0, 0, 0, 0, 0, 0, 0, 0, 0, 0, 0, 0, 0, 0, 3, 0, 0, 0, 0, 2, 0, 3, 0, 0, 0, 0, 0, 0, 0, 0, 0, 0, 0, 0, 0, 0, 0, 0, 0, 27, 0, 0]","[0.0, 0.0, 0.0, 0.0, 0.0, 0.0, 0.0, 0.0, 0.0, 0.0, 0.0, 0.0, 0.0, 0.0, 0.0, 0.0, 0.0, 0.0, 0.0, 0.0, 0.0, 0.0, 0.0, 0.0, 0.109472, 0.0, 0.0, 0.0, 0.0, 0.072981, 0.0, 0.109472, 0.0, 0.0, 0.0, 0.0, 0.0, 0.0, 0.0, 0.0, 0.0, 0.0, 0.0, 0.0, 0.0, 0.0, 0.0, 0.0, 0.0, 0.985244, 0.0, 0.0]",mock_generator
1005845,MOCK-PIPELI-019,pipeline_mainline,Canada,86.8,14,3,"[0, 0, 0, 0, 0, 0, 0, 0, 0, 0, 0, 0, 0, 0, 0, 0, 0, 0, 0, 0, 0, 1, 0, 0, 2, 0, 0, 0, 0, 0, 0, 0, 0, 0, 0, 0, 0, 0, 0, 0, 0, 0, 0, 0, 0, 0, 0, 0, 0, 11, 0, 0]","[0.0, 0.0, 0.0, 0.0, 0.0, 0.0, 0.0, 0.0, 0.0, 0.0, 0.0, 0.0, 0.0, 0.0, 0.0, 0.0, 0.0, 0.0, 0.0, 0.0, 0.0, 0.089087, 0.0, 0.0, 0.178174, 0.0, 0.0, 0.0, 0.0, 0.0, 0.0, 0.0, 0.0, 0.0, 0.0, 0.0, 0.0, 0.0, 0.0, 0.0, 0.0, 0.0, 0.0, 0.0, 0.0, 0.0, 0.0, 0.0, 0.0, 0.979958, 0.0, 0.0]",mock_generator
1005871,MOCK-PIPELI-020,pipeline_mainline,Australia,133.0,25,4,"[0, 0, 0, 0, 0, 0, 0, 0, 0, 0, 0, 0, 0, 0, 0, 0, 0, 0, 0, 0, 0, 0, 0, 0, 3, 0, 0, 0, 0, 2, 0, 3, 0, 0, 0, 0, 0, 0, 0, 0, 0, 0, 0, 0, 0, 0, 0, 0, 0, 17, 0, 0]","[0.0, 0.0, 0.0, 0.0, 0.0, 0.0, 0.0, 0.0, 0.0, 0.0, 0.0, 0.0, 0.0, 0.0, 0.0, 0.0, 0.0, 0.0, 0.0, 0.0, 0.0, 0.0, 0.0, 0.0, 0.170114, 0.0, 0.0, 0.0, 0.0, 0.11341, 0.0, 0.170114, 0.0, 0.0, 0.0, 0.0, 0.0, 0.0, 0.0, 0.0, 0.0, 0.0, 0.0, 0.0, 0.0, 0.0, 0.0, 0.0, 0.0, 0.963982, 0.0, 0.0]",mock_generator
1005901,MOCK-PIPELI-021,pipeline_mainline,Australia,294.5,21,5,"[0, 0, 0, 0, 0, 1, 0, 0, 0, 0, 0, 0, 0, 0, 0, 0, 0, 0, 0, 0, 0, 0, 0, 0, 2, 0, 0, 0, 0, 1, 0, 3, 0, 0, 0, 0, 0, 0, 0, 0, 0, 0, 0, 0, 0, 0, 0, 0, 0, 14, 0, 0]","[0.0, 0.0, 0.0, 0.0, 0.0, 0.068843, 0.0, 0.0, 0.0, 0.0, 0.0, 0.0, 0.0, 0.0, 0.0, 0.0, 0.0, 0.0, 0.0, 0.0, 0.0, 0.0, 0.0, 0.0, 0.137686, 0.0, 0.0, 0.0, 0.0, 0.068843, 0.0, 0.206529, 0.0, 0.0, 0.0, 0.0, 0.0, 0.0, 0.0, 0.0, 0.0, 0.0, 0.0, 0.0, 0.0, 0.0, 0.0, 0.0, 0.0, 0.9638, 0.0, 0.0]",mock_generator
1005933,MOCK-PIPELI-022,pipeline_mainline,Australia,57.8,6,4,"[0, 0, 0, 0, 0, 0, 0, 0, 0, 0, 0, 0, 0, 0, 0, 0, 0, 0, 0, 0, 0, 0, 0, 0, 1, 0, 0, 0, 0, 1, 0, 1, 0, 0, 0, 0, 0, 0, 0, 0, 0, 0, 0, 0, 0, 0, 0, 0, 0, 3, 0, 0]","[0.0, 0.0, 0.0, 0.0, 0.0, 0.0, 0.0, 0.0, 0.0, 0.0, 0.0, 0.0, 0.0, 0.0, 0.0, 0.0, 0.0, 0.0, 0.0, 0.0, 0.0, 0.0, 0.0, 0.0, 0.288675, 0.0, 0.0, 0.0, 0.0, 0.288675, 0.0, 0.288675, 0.0, 0.0, 0.0, 0.0, 0.0, 0.0, 0.0, 0.0, 0.0, 0.0, 0.0, 0.0, 0.0, 0.0, 0.0, 0.0, 0.0, 0.866025, 0.0, 0.0]",mock_generator
1005941,MOCK-PIPELI-023,pipeline_mainline,Mexico,251.9,41,5,"[0, 0, 0, 0, 0, 0, 0, 0, 0, 0, 0, 0, 0, 0, 0, 0, 0, 0, 0, 0, 0, 1, 0, 0, 4, 0, 0, 0, 0, 1, 0, 3, 0, 0, 0, 0, 0, 0, 0, 0, 0, 0, 0, 0, 0, 0, 0, 0, 0, 32, 0, 0]","[0.0, 0.0, 0.0, 0.0, 0.0, 0.0, 0.0, 0.0, 0.0, 0.0, 0.0, 0.0, 0.0, 0.0, 0.0, 0.0, 0.0, 0.0, 0.0, 0.0, 0.0, 0.030846, 0.0, 0.0, 0.123384, 0.0, 0.0, 0.0, 0.0, 0.030846, 0.0, 0.092538, 0.0, 0.0, 0.0, 0.0, 0.0, 0.0, 0.0, 0.0, 0.0, 0.0, 0.0, 0.0, 0.0, 0.0, 0.0, 0.0, 0.0, 0.987072, 0.0, 0.0]",mock_generator
1005952,MOCK-PIPELI-024,pipeline_mainline,Canada,724.7,80,5,"[0, 0, 0, 0, 0, 1, 0, 0, 0, 0, 0, 0, 0, 0, 0, 0, 0, 0, 0, 0, 0, 3, 0, 0, 3, 0, 0, 0, 0, 0, 0, 5, 0, 0, 0, 0, 0, 0, 0, 0, 0, 0, 0, 0, 0, 0, 0, 0, 0, 68, 0, 0]","[0.0, 0.0, 0.0, 0.0, 0.0, 0.014636, 0.0, 0.0, 0.0, 0.0, 0.0, 0.0, 0.0, 0.0, 0.0, 0.0, 0.0, 0.0, 0.0, 0.0, 0.0, 0.043909, 0.0, 0.0, 0.043909, 0.0, 0.0, 0.0, 0.0, 0.0, 0.0, 0.073182, 0.0, 0.0, 0.0, 0.0, 0.0, 0.0, 0.0, 0.0, 0.0, 0.0, 0.0, 0.0, 0.0, 0.0, 0.0, 0.0, 0.0, 0.995276, 0.0, 0.0]",mock_generator
1005970,MOCK-PIPELI-025,pipeline_mainline,United States,356.2,42,6,"[0, 0, 0, 0, 0, 1, 0, 0, 0, 0, 0, 0, 0, 0, 0, 0, 0, 0, 0, 0, 0, 1, 0, 0, 3, 0, 0, 0, 0, 2, 0, 2, 0, 0, 0, 0, 0, 0, 0, 0, 0, 0, 0, 0, 0, 0, 0, 0, 0, 33, 0, 0]","[0.0, 0.0, 0.0, 0.0, 0.0, 0.030042, 0.0, 0.0, 0.0, 0.0, 0.0, 0.0, 0.0, 0.0, 0.0, 0.0, 0.0, 0.0, 0.0, 0.0, 0.0, 0.030042, 0.0, 0.0, 0.090126, 0.0, 0.0, 0.0, 0.0, 0.060084, 0.0, 0.060084, 0.0, 0.0, 0.0, 0.0, 0.0, 0.0, 0.0, 0.0, 0.0, 0.0, 0.0, 0.0, 0.0, 0.0, 0.0, 0.0, 0.0, 0.991389, 0.0, 0.0]",mock_generator
1005976,MOCK-PIPELI-026,pipeline_mainline,United States,303.9,18,4,"[0, 0, 0, 0, 0, 0, 0, 0, 0, 0, 0, 0, 0, 0, 0, 0, 0, 0, 0, 0, 0, 0, 0, 0, 3, 0, 0, 0, 0, 4, 0, 2, 0, 0, 0, 0, 0, 0, 0, 0, 0, 0, 0, 0, 0, 0, 0, 0, 0, 9, 0, 0]","[0.0, 0.0, 0.0, 0.0, 0.0, 0.0, 0.0, 0.0, 0.0, 0.0, 0.0, 0.0, 0.0, 0.0, 0.0, 0.0, 0.0, 0.0, 0.0, 0.0, 0.0, 0.0, 0.0, 0.0, 0.286039, 0.0, 0.0, 0.0, 0.0, 0.381385, 0.0, 0.190693, 0.0, 0.0, 0.0, 0.0, 0.0, 0.0, 0.0, 0.0, 0.0, 0.0, 0.0, 0.0, 0.0, 0.0, 0.0, 0.0, 0.0, 0.858116, 0.0, 0.0]",mock_generator
1005989,MOCK-PIPELI-027,pipeline_mainline,United States,467.1,55,6,"[0, 0, 0, 0, 0, 1, 0, 0, 0, 0, 0, 0, 0, 0, 0, 0, 0, 0, 0, 0, 0, 1, 0, 0, 1, 0, 0, 0, 0, 3, 0, 1, 0, 0, 0, 0, 0, 0, 0, 0, 0, 0, 0, 0, 0, 0, 0, 0, 0, 48, 0, 0]","[0.0, 0.0, 0.0, 0.0, 0.0, 0.020775, 0.0, 0.0, 0.0, 0.0, 0.0, 0.0, 0.0, 0.0, 0.0, 0.0, 0.0, 0.0, 0.0, 0.0, 0.0, 0.020775, 0.0, 0.0, 0.020775, 0.0, 0.0, 0.0, 0.0, 0.062324, 0.0, 0.020775, 0.0, 0.0, 0.0, 0.0, 0.0, 0.0, 0.0, 0.0, 0.0, 0.0, 0.0, 0.0, 0.0, 0.0, 0.0, 0.0, 0.0, 0.997191, 0.0, 0.0]",mock_generator
1006028,MOCK-PIPELI-028,pipeline_mainline,Australia,419.7,24,6,"[0, 0, 0, 0, 0, 2, 0, 0, 0, 0, 0, 0, 0, 0, 0, 0, 0, 0, 0, 0, 0, 1, 0, 0, 6, 0, 0, 0, 0, 3, 0, 2, 0, 0, 0, 0, 0, 0, 0, 0, 0, 0, 0, 0, 0, 0, 0, 0, 0, 10, 0, 0]","[0.0, 0.0, 0.0, 0.0, 0.0, 0.161165, 0.0, 0.0, 0.0, 0.0, 0.0, 0.0, 0.0, 0.0, 0.0, 0.0, 0.0, 0.0, 0.0, 0.0, 0.0, 0.080582, 0.0, 0.0, 0.483494, 0.0, 0.0, 0.0, 0.0, 0.241747, 0.0, 0.161165, 0.0, 0.0, 0.0, 0.0, 0.0, 0.0, 0.0, 0.0, 0.0, 0.0, 0.0, 0.0, 0.0, 0.0, 0.0, 0.0, 0.0, 0.805823, 0.0, 0.0]",mock_generator
1006036,MOCK-PIPELI-029,pipeline_mainline,United States,1512.6,77,6,"[0, 0, 0, 0, 0, 1, 0, 0, 0, 0, 0, 0, 0, 0, 0, 0, 0, 0, 0, 0, 0, 1, 0, 0, 5, 0, 0, 0, 0, 1, 0, 9, 0, 0, 0, 0, 0, 0, 0, 0, 0, 0, 0, 0, 0, 0, 0, 0, 0, 60, 0, 0]","[0.0, 0.0, 0.0, 0.0, 0.0, 0.01642, 0.0, 0.0, 0.0, 0.0, 0.0, 0.0, 0.0, 0.0, 0.0, 0.0, 0.0, 0.0, 0.0, 0.0, 0.0, 0.01642, 0.0, 0.0, 0.0821, 0.0, 0.0, 0.0, 0.0, 0.01642, 0.0, 0.147779, 0.0, 0.0, 0.0, 0.0, 0.0, 0.0, 0.0, 0.0, 0.0, 0.0, 0.0, 0.0, 0.0, 0.0, 0.0, 0.0, 0.0, 0.985196, 0.0, 0.0]",mock_generator
1006037,MOCK-PIPELI-030,pipeline_mainline,United States,2106.6,77,6,"[0, 0, 0, 0, 0, 4, 0, 0, 0, 0, 0, 0, 0, 0, 0, 0, 0, 0, 0, 0, 0, 2, 0, 0, 6, 0, 0, 0, 0, 3, 0, 11, 0, 0, 0, 0, 0, 0, 0, 0, 0, 0, 0, 0, 0, 0, 0, 0, 0, 51, 0, 0]","[0.0, 0.0, 0.0, 0.0, 0.0, 0.075769, 0.0, 0.0, 0.0, 0.0, 0.0, 0.0, 0.0, 0.0, 0.0, 0.0, 0.0, 0.0, 0.0, 0.0, 0.0, 0.037884, 0.0, 0.0, 0.113653, 0.0, 0.0, 0.0, 0.0, 0.056827, 0.0, 0.208365, 0.0, 0.0, 0.0, 0.0, 0.0, 0.0, 0.0, 0.0, 0.0, 0.0, 0.0, 0.0, 0.0, 0.0, 0.0, 0.0, 0.0, 0.966055, 0.0, 0.0]",mock_generator
1006038,MOCK-PIPELI-031,pipeline_mainline,Australia,2288.7,121,5,"[0, 0, 0, 0, 0, 2, 0, 0, 0, 0, 0, 0, 0, 0, 0, 0, 0, 0, 0, 0, 0, 0, 0, 0, 7, 0, 0, 0, 0, 2, 0, 9, 0, 0, 0, 0, 0, 0, 0, 0, 0, 0, 0, 0, 0, 0, 0, 0, 0, 101, 0, 0]","[0.0, 0.0, 0.0, 0.0, 0.0, 0.019669, 0.0, 0.0, 0.0, 0.0, 0.0, 0.0, 0.0, 0.0, 0.0, 0.0, 0.0, 0.0, 0.0, 0.0, 0.0, 0.0, 0.0, 0.0, 0.068843, 0.0, 0.0, 0.0, 0.0, 0.019669, 0.0, 0.088512, 0.0, 0.0, 0.0, 0.0, 0.0, 0.0, 0.0, 0.0, 0.0, 0.0, 0.0, 0.0, 0.0, 0.0, 0.0, 0.0, 0.0, 0.993304, 0.0, 0.0]",mock_generator
1006044,MOCK-PIPELI-032,pipeline_mainline,Canada,139.9,32,5,"[0, 0, 0, 0, 0, 0, 0, 0, 0, 0, 0, 0, 0, 0, 0, 0, 0, 0, 0, 0, 0, 1, 0, 0, 2, 0, 0, 0, 0, 2, 0, 2, 0, 0, 0, 0, 0, 0, 0, 0, 0, 0, 0, 0, 0, 0, 0, 0, 0, 25, 0, 0]","[0.0, 0.0, 0.0, 0.0, 0.0, 0.0, 0.0, 0.0, 0.0, 0.0, 0.0, 0.0, 0.0, 0.0, 0.0, 0.0, 0.0, 0.0, 0.0, 0.0, 0.0, 0.03959, 0.0, 0.0, 0.079181, 0.0, 0.0, 0.0, 0.0, 0.079181, 0.0, 0.079181, 0.0, 0.0, 0.0, 0.0, 0.0, 0.0, 0.0, 0.0, 0.0, 0.0, 0.0, 0.0, 0.0, 0.0, 0.0, 0.0, 0.0, 0.989759, 0.0, 0.0]",mock_generator
1006052,MOCK-PIPELI-033,pipeline_mainline,United States,190.7,16,4,"[0, 0, 0, 0, 0, 1, 0, 0, 0, 0, 0, 0, 0, 0, 0, 0, 0, 0, 0, 0, 0, 0, 0, 0, 0, 0, 0, 0, 0, 1, 0, 3, 0, 0, 0, 0, 0, 0, 0, 0, 0, 0, 0, 0, 0, 0, 0, 0, 0, 11, 0, 0]","[0.0, 0.0, 0.0, 0.0, 0.0, 0.087039, 0.0, 0.0, 0.0, 0.0, 0.0, 0.0, 0.0, 0.0, 0.0, 0.0, 0.0, 0.0, 0.0, 0.0, 0.0, 0.0, 0.0, 0.0, 0.0, 0.0, 0.0, 0.0, 0.0, 0.087039, 0.0, 0.261116, 0.0, 0.0, 0.0, 0.0, 0.0, 0.0, 0.0, 0.0, 0.0, 0.0, 0.0, 0.0, 0.0, 0.0, 0.0, 0.0, 0.0, 0.957427, 0.0, 0.0]",mock_generator
1006072,MOCK-PIPELI-034,pipeline_mainline,Canada,1008.0,74,5,"[0, 0, 0, 0, 0, 0, 0, 0, 0, 0, 0, 0, 0, 0, 0, 0, 0, 0, 0, 0, 0, 3, 0, 0, 7, 0, 0, 0, 0, 2, 0, 2, 0, 0, 0, 0, 0, 0, 0, 0, 0, 0, 0, 0, 0, 0, 0, 0, 0, 60, 0, 0]","[0.0, 0.0, 0.0, 0.0, 0.0, 0.0, 0.0, 0.0, 0.0, 0.0, 0.0, 0.0, 0.0, 0.0, 0.0, 0.0, 0.0, 0.0, 0.0, 0.0, 0.0, 0.049548, 0.0, 0.0, 0.115612, 0.0, 0.0, 0.0, 0.0, 0.033032, 0.0, 0.033032, 0.0, 0.0, 0.0, 0.0, 0.0, 0.0, 0.0, 0.0, 0.0, 0.0, 0.0, 0.0, 0.0, 0.0, 0.0, 0.0, 0.0, 0.990957, 0.0, 0.0]",mock_generator
1006083,MOCK-PIPELI-035,pipeline_mainline,United States,120.1,20,4,"[0, 0, 0, 0, 0, 0, 0, 0, 0, 0, 0, 0, 0, 0, 0, 0, 0, 0, 0, 0, 0, 1, 0, 0, 3, 0, 0, 0, 0, 3, 0, 0, 0, 0, 0, 0, 0, 0, 0, 0, 0, 0, 0, 0, 0, 0, 0, 0, 0, 13, 0, 0]","[0.0, 0.0, 0.0, 0.0, 0.0, 0.0, 0.0, 0.0, 0.0, 0.0, 0.0, 0.0, 0.0, 0.0, 0.0, 0.0, 0.0, 0.0, 0.0, 0.0, 0.0, 0.072932, 0.0, 0.0, 0.218797, 0.0, 0.0, 0.0, 0.0, 0.218797, 0.0, 0.0, 0.0, 0.0, 0.0, 0.0, 0.0, 0.0, 0.0, 0.0, 0.0, 0.0, 0.0, 0.0, 0.0, 0.0, 0.0, 0.0, 0.0, 0.948122, 0.0, 0.0]",mock_generator
1006110,MOCK-PIPELI-036,pipeline_mainline,Mexico,1348.1,53,6,"[0, 0, 0, 0, 0, 3, 0, 0, 0, 0, 0, 0, 0, 0, 0, 0, 0, 0, 0, 0, 0, 1, 0, 0, 12, 0, 0, 0, 0, 4, 0, 8, 0, 0, 0, 0, 0, 0, 0, 0, 0, 0, 0, 0, 0, 0, 0, 0, 0, 25, 0, 0]","[0.0, 0.0, 0.0, 0.0, 0.0, 0.102359, 0.0, 0.0, 0.0, 0.0, 0.0, 0.0, 0.0, 0.0, 0.0, 0.0, 0.0, 0.0, 0.0, 0.0, 0.0, 0.03412, 0.0, 0.0, 0.409435, 0.0, 0.0, 0.0, 0.0, 0.136478, 0.0, 0.272956, 0.0, 0.0, 0.0, 0.0, 0.0, 0.0, 0.0, 0.0, 0.0, 0.0, 0.0, 0.0, 0.0, 0.0, 0.0, 0.0, 0.0, 0.852989, 0.0, 0.0]",mock_generator
1006137,MOCK-PIPELI-037,pipeline_mainline,Australia,169.0,18,4,"[0, 0, 0, 0, 0, 2, 0, 0, 0, 0, 0, 0, 0, 0, 0, 0, 0, 0, 0, 0, 0, 0, 0, 0, 1, 0, 0, 0, 0, 0, 0, 4, 0, 0, 0, 0, 0, 0, 0, 0, 0, 0, 0, 0, 0, 0, 0, 0, 0, 11, 0, 0]","[0.0, 0.0, 0.0, 0.0, 0.0, 0.167836, 0.0, 0.0, 0.0, 0.0, 0.0, 0.0, 0.0, 0.0, 0.0, 0.0, 0.0, 0.0, 0.0, 0.0, 0.0, 0.0, 0.0, 0.0, 0.083918, 0.0, 0.0, 0.0, 0.0, 0.0, 0.0, 0.335673, 0.0, 0.0, 0.0, 0.0, 0.0, 0.0, 0.0, 0.0, 0.0, 0.0, 0.0, 0.0, 0.0, 0.0, 0.0, 0.0, 0.0, 0.923099, 0.0, 0.0]",mock_generator
1006151,MOCK-PIPELI-038,pipeline_mainline,United States,93.4,21,5,"[0, 0, 0, 0, 0, 0, 0, 0, 0, 0, 0, 0, 0, 0, 0, 0, 0, 0, 0, 0, 0, 1, 0, 0, 2, 0, 0, 0, 0, 1, 0, 2, 0, 0, 0, 0, 0, 0, 0, 0, 0, 0, 0, 0, 0, 0, 0, 0, 0, 15, 0, 0]","[0.0, 0.0, 0.0, 0.0, 0.0, 0.0, 0.0, 0.0, 0.0, 0.0, 0.0, 0.0, 0.0, 0.0, 0.0, 0.0, 0.0, 0.0, 0.0, 0.0, 0.0, 0.065233, 0.0, 0.0, 0.130466, 0.0, 0.0, 0.0, 0.0, 0.065233, 0.0, 0.130466, 0.0, 0.0, 0.0, 0.0, 0.0, 0.0, 0.0, 0.0, 0.0, 0.0, 0.0, 0.0, 0.0, 0.0, 0.0, 0.0, 0.0, 0.978492, 0.0, 0.0]",mock_generator
1006184,MOCK-PIPELI-039,pipeline_mainline,United States,186.3,24,5,"[0, 0, 0, 0, 0, 1, 0, 0, 0, 0, 0, 0, 0, 0, 0, 0, 0, 0, 0, 0, 0, 1, 0, 0, 2, 0, 0, 0, 0, 0, 0, 3, 0, 0, 0, 0, 0, 0, 0, 0, 0, 0, 0, 0, 0, 0, 0, 0, 0, 17, 0, 0]","[0.0, 0.0, 0.0, 0.0, 0.0, 0.057354, 0.0, 0.0, 0.0, 0.0, 0.0, 0.0, 0.0, 0.0, 0.0, 0.0, 0.0, 0.0, 0.0, 0.0, 0.0, 0.057354, 0.0, 0.0, 0.114708, 0.0, 0.0, 0.0, 0.0, 0.0, 0.0, 0.172062, 0.0, 0.0, 0.0, 0.0, 0.0, 0.0, 0.0, 0.0, 0.0, 0.0, 0.0, 0.0, 0.0, 0.0, 0.0, 0.0, 0.0, 0.975017, 0.0, 0.0]",mock_generator
1006197,MOCK-PIPELI-040,pipeline_mainline,United States,191.8,22,4,"[0, 0, 0, 0, 0, 0, 0, 0, 0, 0, 0, 0, 0, 0, 0, 0, 0, 0, 0, 0, 0, 0, 0, 0, 4, 0, 0, 0, 0, 3, 0, 5, 0, 0, 0, 0, 0, 0, 0, 0, 0, 0, 0, 0, 0, 0, 0, 0, 0, 10, 0, 0]","[0.0, 0.0, 0.0, 0.0, 0.0, 0.0, 0.0, 0.0, 0.0, 0.0, 0.0, 0.0, 0.0, 0.0, 0.0, 0.0, 0.0, 0.0, 0.0, 0.0, 0.0, 0.0, 0.0, 0.0, 0.326599, 0.0, 0.0, 0.0, 0.0, 0.244949, 0.0, 0.408248, 0.0, 0.0, 0.0, 0.0, 0.0, 0.0, 0.0, 0.0, 0.0, 0.0, 0.0, 0.0, 0.0, 0.0, 0.0, 0.0, 0.0, 0.816497, 0.0, 0.0]",mock_generator
1006229,MOCK-PIPELI-041,pipeline_mainline,Mexico,1212.0,92,6,"[0, 0, 0, 0, 0, 2, 0, 0, 0, 0, 0, 0, 0, 0, 0, 0, 0, 0, 0, 0, 0, 1, 0, 0, 11, 0, 0, 0, 0, 3, 0, 5, 0, 0, 0, 0, 0, 0, 0, 0, 0, 0, 0, 0, 0, 0, 0, 0, 0, 70, 0, 0]","[0.0, 0.0, 0.0, 0.0, 0.0, 0.028116, 0.0, 0.0, 0.0, 0.0, 0.0, 0.0, 0.0, 0.0, 0.0, 0.0, 0.0, 0.0, 0.0, 0.0, 0.0, 0.014058, 0.0, 0.0, 0.154638, 0.0, 0.0, 0.0, 0.0, 0.042174, 0.0, 0.07029, 0.0, 0.0, 0.0, 0.0, 0.0, 0.0, 0.0, 0.0, 0.0, 0.0, 0.0, 0.0, 0.0, 0.0, 0.0, 0.0, 0.0, 0.984063, 0.0, 0.0]",mock_generator
1006234,MOCK-PIPELI-042,pipeline_mainline,Australia,107.6,15,5,"[0, 0, 0, 0, 0, 0, 0, 0, 0, 0, 0, 0, 0, 0, 0, 0, 0, 0, 0, 0, 0, 2, 0, 0, 2, 0, 0, 0, 0, 1, 0, 4, 0, 0, 0, 0, 0, 0, 0, 0, 0, 0, 0, 0, 0, 0, 0, 0, 0, 6, 0, 0]","[0.0, 0.0, 0.0, 0.0, 0.0, 0.0, 0.0, 0.0, 0.0, 0.0, 0.0, 0.0, 0.0, 0.0, 0.0, 0.0, 0.0, 0.0, 0.0, 0.0, 0.0, 0.256074, 0.0, 0.0, 0.256074, 0.0, 0.0, 0.0, 0.0, 0.128037, 0.0, 0.512148, 0.0, 0.0, 0.0, 0.0, 0.0, 0.0, 0.0, 0.0, 0.0, 0.0, 0.0, 0.0, 0.0, 0.0, 0.0, 0.0, 0.0, 0.768221, 0.0, 0.0]",mock_generator
1006236,MOCK-PIPELI-043,pipeline_mainline,United States,44.4,15,3,"[0, 0, 0, 0, 0, 1, 0, 0, 0, 0, 0, 0, 0, 0, 0, 0, 0, 0, 0, 0, 0, 0, 0, 0, 0, 0, 0, 0, 0, 0, 0, 1, 0, 0, 0, 0, 0, 0, 0, 0, 0, 0, 0, 0, 0, 0, 0, 0, 0, 13, 0, 0]","[0.0, 0.0, 0.0, 0.0, 0.0, 0.076472, 0.0, 0.0, 0.0, 0.0, 0.0, 0.0, 0.0, 0.0, 0.0, 0.0, 0.0, 0.0, 0.0, 0.0, 0.0, 0.0, 0.0, 0.0, 0.0, 0.0, 0.0, 0.0, 0.0, 0.0, 0.0, 0.076472, 0.0, 0.0, 0.0, 0.0, 0.0, 0.0, 0.0, 0.0, 0.0, 0.0, 0.0, 0.0, 0.0, 0.0, 0.0, 0.0, 0.0, 0.994135, 0.0, 0.0]",mock_generator
1006250,MOCK-PIPELI-044,pipeline_mainline,United States,380.1,37,4,"[0, 0, 0, 0, 0, 0, 0, 0, 0, 0, 0, 0, 0, 0, 0, 0, 0, 0, 0, 0, 0, 2, 0, 0, 3, 0, 0, 0, 0, 0, 0, 6, 0, 0, 0, 0, 0, 0, 0, 0, 0, 0, 0, 0, 0, 0, 0, 0, 0, 26, 0, 0]","[0.0, 0.0, 0.0, 0.0, 0.0, 0.0, 0.0, 0.0, 0.0, 0.0, 0.0, 0.0, 0.0, 0.0, 0.0, 0.0, 0.0, 0.0, 0.0, 0.0, 0.0, 0.074278, 0.0, 0.0, 0.111417, 0.0, 0.0, 0.0, 0.0, 0.0, 0.0, 0.222834, 0.0, 0.0, 0.0, 0.0, 0.0, 0.0, 0.0, 0.0, 0.0, 0.0, 0.0, 0.0, 0.0, 0.0, 0.0, 0.0, 0.0, 0.965616, 0.0, 0.0]",mock_generator
1006284,MOCK-PIPELI-045,pipeline_mainline,Canada,95.2,14,3,"[0, 0, 0, 0, 0, 0, 0, 0, 0, 0, 0, 0, 0, 0, 0, 0, 0, 0, 0, 0, 0, 0, 0, 0, 3, 0, 0, 0, 0, 0, 0, 1, 0, 0, 0, 0, 0, 0, 0, 0, 0, 0, 0, 0, 0, 0, 0, 0, 0, 10, 0, 0]","[0.0, 0.0, 0.0, 0.0, 0.0, 0.0, 0.0, 0.0, 0.0, 0.0, 0.0, 0.0, 0.0, 0.0, 0.0, 0.0, 0.0, 0.0, 0.0, 0.0, 0.0, 0.0, 0.0, 0.0, 0.286039, 0.0, 0.0, 0.0, 0.0, 0.0, 0.0, 0.095346, 0.0, 0.0, 0.0, 0.0, 0.0, 0.0, 0.0, 0.0, 0.0, 0.0, 0.0, 0.0, 0.0, 0.0, 0.0, 0.0, 0.0, 0.953463, 0.0, 0.0]",mock_generator
1006287,MOCK-PIPELI-046,pipeline_mainline,Canada,505.5,37,6,"[0, 0, 0, 0, 0, 1, 0, 0, 0, 0, 0, 0, 0, 0, 0, 0, 0, 0, 0, 0, 0, 1, 0, 0, 3, 0, 0, 0, 0, 2, 0, 8, 0, 0, 0, 0, 0, 0, 0, 0, 0, 0, 0, 0, 0, 0, 0, 0, 0, 22, 0, 0]","[0.0, 0.0, 0.0, 0.0, 0.0, 0.042145, 0.0, 0.0, 0.0, 0.0, 0.0, 0.0, 0.0, 0.0, 0.0, 0.0, 0.0, 0.0, 0.0, 0.0, 0.0, 0.042145, 0.0, 0.0, 0.126435, 0.0, 0.0, 0.0, 0.0, 0.08429, 0.0, 0.33716, 0.0, 0.0, 0.0, 0.0, 0.0, 0.0, 0.0, 0.0, 0.0, 0.0, 0.0, 0.0, 0.0, 0.0, 0.0, 0.0, 0.0, 0.927189, 0.0, 0.0]",mock_generator
1006306,MOCK-PIPELI-047,pipeline_mainline,Australia,2278.7,125,5,"[0, 0, 0, 0, 0, 3, 0, 0, 0, 0, 0, 0, 0, 0, 0, 0, 0, 0, 0, 0, 0, 0, 0, 0, 8, 0, 0, 0, 0, 3, 0, 12, 0, 0, 0, 0, 0, 0, 0, 0, 0, 0, 0, 0, 0, 0, 0, 0, 0, 99, 0, 0]","[0.0, 0.0, 0.0, 0.0, 0.0, 0.02996, 0.0, 0.0, 0.0, 0.0, 0.0, 0.0, 0.0, 0.0, 0.0, 0.0, 0.0, 0.0, 0.0, 0.0, 0.0, 0.0, 0.0, 0.0, 0.079892, 0.0, 0.0, 0.0, 0.0, 0.02996, 0.0, 0.119838, 0.0, 0.0, 0.0, 0.0, 0.0, 0.0, 0.0, 0.0, 0.0, 0.0, 0.0, 0.0, 0.0, 0.0, 0.0, 0.0, 0.0, 0.988666, 0.0, 0.0]",mock_generator
1006343,MOCK-PIPELI-048,pipeline_mainline,Mexico,1398.0,64,6,"[0, 0, 0, 0, 0, 1, 0, 0, 0, 0, 0, 0, 0, 0, 0, 0, 0, 0, 0, 0, 0, 2, 0, 0, 9, 0, 0, 0, 0, 5, 0, 5, 0, 0, 0, 0, 0, 0, 0, 0, 0, 0, 0, 0, 0, 0, 0, 0, 0, 42, 0, 0]","[0.0, 0.0, 0.0, 0.0, 0.0, 0.022942, 0.0, 0.0, 0.0, 0.0, 0.0, 0.0, 0.0, 0.0, 0.0, 0.0, 0.0, 0.0, 0.0, 0.0, 0.0, 0.045883, 0.0, 0.0, 0.206474, 0.0, 0.0, 0.0, 0.0, 0.114708, 0.0, 0.114708, 0.0, 0.0, 0.0, 0.0, 0.0, 0.0, 0.0, 0.0, 0.0, 0.0, 0.0, 0.0, 0.0, 0.0, 0.0, 0.0, 0.0, 0.963546, 0.0, 0.0]",mock_generator
1006357,MOCK-PIPELI-049,pipeline_mainline,Mexico,48.1,11,4,"[0, 0, 0, 0, 0, 0, 0, 0, 0, 0, 0, 0, 0, 0, 0, 0, 0, 0, 0, 0, 0, 1, 0, 0, 1, 0, 0, 0, 0, 1, 0, 0, 0, 0, 0, 0, 0, 0, 0, 0, 0, 0, 0, 0, 0, 0, 0, 0, 0, 8, 0, 0]","[0.0, 0.0, 0.0, 0.0, 0.0, 0.0, 0.0, 0.0, 0.0, 0.0, 0.0, 0.0, 0.0, 0.0, 0.0, 0.0, 0.0, 0.0, 0.0, 0.0, 0.0, 0.122169, 0.0, 0.0, 0.122169, 0.0, 0.0, 0.0, 0.0, 0.122169, 0.0, 0.0, 0.0, 0.0, 0.0, 0.0, 0.0, 0.0, 0.0, 0.0, 0.0, 0.0, 0.0, 0.0, 0.0, 0.0, 0.0, 0.0, 0.0, 0.977356, 0.0, 0.0]",mock_generator
1006369,MOCK-PIPELI-050,pipeline_mainline,Canada,58.4,13,4,"[0, 0, 0, 0, 0, 0, 0, 0, 0, 0, 0, 0, 0, 0, 0, 0, 0, 0, 0, 0, 0, 0, 0, 0, 1, 0, 0, 0, 0, 1, 0, 1, 0, 0, 0, 0, 0, 0, 0, 0, 0, 0, 0, 0, 0, 0, 0, 0, 0, 10, 0, 0]","[0.0, 0.0, 0.0, 0.0, 0.0, 0.0, 0.0, 0.0, 0.0, 0.0, 0.0, 0.0, 0.0, 0.0, 0.0, 0.0, 0.0, 0.0, 0.0, 0.0, 0.0, 0.0, 0.0, 0.0, 0.098533, 0.0, 0.0, 0.0, 0.0, 0.098533, 0.0, 0.098533, 0.0, 0.0, 0.0, 0.0, 0.0, 0.0, 0.0, 0.0, 0.0, 0.0, 0.0, 0.0, 0.0, 0.0, 0.0, 0.0, 0.0, 0.985329, 0.0, 0.0]",mock_generator
1006374,MOCK-ONSHOR-001,onshore_unconventional,United States,75.1,101,7,"[0, 0, 4, 0, 0, 0, 0, 0, 0, 0, 2, 0, 0, 0, 0, 0, 0, 0, 0, 50, 0, 0, 0, 0, 0, 0, 0, 0, 0, 0, 0, 8, 0, 0, 0, 11, 0, 0, 0, 0, 0, 8, 0, 0, 0, 0, 0, 0, 0, 18, 0, 0]","[0.0, 0.0, 0.071923, 0.0, 0.0, 0.0, 0.0, 0.0, 0.0, 0.0, 0.035962, 0.0, 0.0, 0.0, 0.0, 0.0, 0.0, 0.0, 0.0, 0.899042, 0.0, 0.0, 0.0, 0.0, 0.0, 0.0, 0.0, 0.0, 0.0, 0.0, 0.0, 0.143847, 0.0, 0.0, 0.0, 0.197789, 0.0, 0.0, 0.0, 0.0, 0.0, 0.143847, 0.0, 0.0, 0.0, 0.0, 0.0, 0.0, 0.0, 0.323655, 0.0, 0.0]",mock_generator
1006387,MOCK-ONSHOR-002,onshore_unconventional,Canada,315.5,295,9,"[0, 0, 8, 0, 0, 0, 0, 0, 0, 0, 4, 0, 0, 0, 0, 0, 0, 0, 4, 109, 0, 0, 0, 0, 0, 0, 0, 0, 0, 0, 0, 8, 0, 0, 0, 12, 0, 0, 0, 0, 0, 13, 0, 0, 0, 0, 0, 0, 0, 112, 0, 25]","[0.0, 0.0, 0.050075, 0.0, 0.0, 0.0, 0.0, 0.0, 0.0, 0.0, 0.025038, 0.0, 0.0, 0.0, 0.0, 0.0, 0.0, 0.0, 0.025038, 0.682277, 0.0, 0.0, 0.0, 0.0, 0.0, 0.0, 0.0, 0.0, 0.0, 0.0, 0.0, 0.050075, 0.0, 0.0, 0.0, 0.075113, 0.0, 0.0, 0.0, 0.0, 0.0, 0.081372, 0.0, 0.0, 0.0, 0.0, 0.0, 0.0, 0.0, 0.701055, 0.0, 0.156486]",mock_generator
1006401,MOCK-ONSHOR-003,onshore_unconventional,United States,77.3,45,8,"[0, 0, 2, 0, 0, 0, 0, 0, 0, 0, 2, 0, 0, 0, 0, 0, 0, 0, 1, 0, 0, 0, 0, 0, 0, 0, 0, 0, 0, 0, 0, 10, 0, 0, 0, 10, 0, 0, 0, 0, 0, 5, 0, 0, 0, 0, 0, 0, 0, 1, 0, 14]","[0.0, 0.0, 0.096337, 0.0, 0.0, 0.0, 0.0, 0.0, 0.0, 0.0, 0.096337, 0.0, 0.0, 0.0, 0.0, 0.0, 0.0, 0.0, 0.048168, 0.0, 0.0, 0.0, 0.0, 0.0, 0.0, 0.0, 0.0, 0.0, 0.0, 0.0, 0.0, 0.481683, 0.0, 0.0, 0.0, 0.481683, 0.0, 0.0, 0.0, 0.0, 0.0, 0.240842, 0.0, 0.0, 0.0, 0.0, 0.0, 0.0, 0.0, 0.048168, 0.0, 0.674356]",mock_generator
1006420,MOCK-ONSHOR-004,onshore_unconventional,Canada,22.4,86,8,"[0, 0, 3, 0, 0, 0, 0, 0, 0, 0, 2, 0, 0, 0, 0, 0, 0, 0, 0, 48, 0, 0, 0, 0, 0, 0, 0, 0, 0, 0, 0, 8, 0, 0, 0, 5, 0, 0, 0, 0, 0, 3, 0, 0, 0, 0, 0, 0, 0, 12, 0, 5]","[0.0, 0.0, 0.059017, 0.0, 0.0, 0.0, 0.0, 0.0, 0.0, 0.0, 0.039344, 0.0, 0.0, 0.0, 0.0, 0.0, 0.0, 0.0, 0.0, 0.944267, 0.0, 0.0, 0.0, 0.0, 0.0, 0.0, 0.0, 0.0, 0.0, 0.0, 0.0, 0.157378, 0.0, 0.0, 0.0, 0.098361, 0.0, 0.0, 0.0, 0.0, 0.0, 0.059017, 0.0, 0.0, 0.0, 0.0, 0.0, 0.0, 0.0, 0.236067, 0.0, 0.098361]",mock_generator
1006452,MOCK-ONSHOR-005,onshore_unconventional,Canada,274.9,243,9,"[0, 0, 6, 0, 0, 0, 0, 0, 0, 0, 5, 0, 0, 0, 0, 0, 0, 0, 6, 83, 0, 0, 0, 0, 0, 0, 0, 0, 0, 0, 0, 14, 0, 0, 0, 20, 0, 0, 0, 0, 0, 5, 0, 0, 0, 0, 0, 0, 0, 82, 0, 22]","[0.0, 0.0, 0.049295, 0.0, 0.0, 0.0, 0.0, 0.0, 0.0, 0.0, 0.041079, 0.0, 0.0, 0.0, 0.0, 0.0, 0.0, 0.0, 0.049295, 0.68191, 0.0, 0.0, 0.0, 0.0, 0.0, 0.0, 0.0, 0.0, 0.0, 0.0, 0.0, 0.115021, 0.0, 0.0, 0.0, 0.164316, 0.0, 0.0, 0.0, 0.0, 0.0, 0.041079, 0.0, 0.0, 0.0, 0.0, 0.0, 0.0, 0.0, 0.673695, 0.0, 0.180747]",mock_generator
1006471,MOCK-ONSHOR-006,onshore_unconventional,United States,60.2,115,8,"[0, 0, 0, 0, 0, 0, 0, 0, 0, 0, 2, 0, 0, 0, 0, 0, 0, 0, 3, 63, 0, 0, 0, 0, 0, 0, 0, 0, 0, 0, 0, 10, 0, 0, 0, 5, 0, 0, 0, 0, 0, 5, 0, 0, 0, 0, 0, 0, 0, 18, 0, 9]","[0.0, 0.0, 0.0, 0.0, 0.0, 0.0, 0.0, 0.0, 0.0, 0.0, 0.029692, 0.0, 0.0, 0.0, 0.0, 0.0, 0.0, 0.0, 0.044539, 0.935311, 0.0, 0.0, 0.0, 0.0, 0.0, 0.0, 0.0, 0.0, 0.0, 0.0, 0.0, 0.148462, 0.0, 0.0, 0.0, 0.074231, 0.0, 0.0, 0.0, 0.0, 0.0, 0.074231, 0.0, 0.0, 0.0, 0.0, 0.0, 0.0, 0.0, 0.267232, 0.0, 0.133616]",mock_generator
1006483,MOCK-ONSHOR-007,onshore_unconventional,United States,56.1,99,8,"[0, 0, 2, 0, 0, 0, 0, 0, 0, 0, 3, 0, 0, 0, 0, 0, 0, 0, 0, 44, 0, 0, 0, 0, 0, 0, 0, 0, 0, 0, 0, 6, 0, 0, 0, 3, 0, 0, 0, 0, 0, 5, 0, 0, 0, 0, 0, 0, 0, 27, 0, 9]","[0.0, 0.0, 0.037602, 0.0, 0.0, 0.0, 0.0, 0.0, 0.0, 0.0, 0.056403, 0.0, 0.0, 0.0, 0.0, 0.0, 0.0, 0.0, 0.0, 0.827249, 0.0, 0.0, 0.0, 0.0, 0.0, 0.0, 0.0, 0.0, 0.0, 0.0, 0.0, 0.112807, 0.0, 0.0, 0.0, 0.056403, 0.0, 0.0, 0.0, 0.0, 0.0, 0.094006, 0.0, 0.0, 0.0, 0.0, 0.0, 0.0, 0.0, 0.50763, 0.0, 0.16921]",mock_generator
1006494,MOCK-ONSHOR-008,onshore_unconventional,Canada,303.9,245,9,"[0, 0, 5, 0, 0, 0, 0, 0, 0, 0, 5, 0, 0, 0, 0, 0, 0, 0, 5, 148, 0, 0, 0, 0, 0, 0, 0, 0, 0, 0, 0, 9, 0, 0, 0, 12, 0, 0, 0, 0, 0, 11, 0, 0, 0, 0, 0, 0, 0, 37, 0, 13]","[0.0, 0.0, 0.032367, 0.0, 0.0, 0.0, 0.0, 0.0, 0.0, 0.0, 0.032367, 0.0, 0.0, 0.0, 0.0, 0.0, 0.0, 0.0, 0.032367, 0.958074, 0.0, 0.0, 0.0, 0.0, 0.0, 0.0, 0.0, 0.0, 0.0, 0.0, 0.0, 0.058261, 0.0, 0.0, 0.0, 0.077682, 0.0, 0.0, 0.0, 0.0, 0.0, 0.071208, 0.0, 0.0, 0.0, 0.0, 0.0, 0.0, 0.0, 0.239519, 0.0, 0.084155]",mock_generator
1006516,MOCK-ONSHOR-009,onshore_unconventional,Canada,26.3,69,7,"[0, 0, 1, 0, 0, 0, 0, 0, 0, 0, 0, 0, 0, 0, 0, 0, 0, 0, 0, 24, 0, 0, 0, 0, 0, 0, 0, 0, 0, 0, 0, 5, 0, 0, 0, 3, 0, 0, 0, 0, 0, 1, 0, 0, 0, 0, 0, 0, 0, 33, 0, 2]","[0.0, 0.0, 0.024218, 0.0, 0.0, 0.0, 0.0, 0.0, 0.0, 0.0, 0.0, 0.0, 0.0, 0.0, 0.0, 0.0, 0.0, 0.0, 0.0, 0.581231, 0.0, 0.0, 0.0, 0.0, 0.0, 0.0, 0.0, 0.0, 0.0, 0.0, 0.0, 0.12109, 0.0, 0.0, 0.0, 0.072654, 0.0, 0.0, 0.0, 0.0, 0.0, 0.024218, 0.0, 0.0, 0.0, 0.0, 0.0, 0.0, 0.0, 0.799193, 0.0, 0.048436]",mock_generator
1006520,MOCK-ONSHOR-010,onshore_unconventional,Canada,52.2,107,9,"[0, 0, 1, 0, 0, 0, 0, 0, 0, 0, 5, 0, 0, 0, 0, 0, 0, 0, 2, 36, 0, 0, 0, 0, 0, 0, 0, 0, 0, 0, 0, 8, 0, 0, 0, 6, 0, 0, 0, 0, 0, 2, 0, 0, 0, 0, 0, 0, 0, 38, 0, 9]","[0.0, 0.0, 0.018396, 0.0, 0.0, 0.0, 0.0, 0.0, 0.0, 0.0, 0.09198, 0.0, 0.0, 0.0, 0.0, 0.0, 0.0, 0.0, 0.036792, 0.662253, 0.0, 0.0, 0.0, 0.0, 0.0, 0.0, 0.0, 0.0, 0.0, 0.0, 0.0, 0.147167, 0.0, 0.0, 0.0, 0.110375, 0.0, 0.0, 0.0, 0.0, 0.0, 0.036792, 0.0, 0.0, 0.0, 0.0, 0.0, 0.0, 0.0, 0.699045, 0.0, 0.165563]",mock_generator
1006522,MOCK-ONSHOR-011,onshore_unconventional,United States,38.1,94,9,"[0, 0, 4, 0, 0, 0, 0, 0, 0, 0, 2, 0, 0, 0, 0, 0, 0, 0, 1, 59, 0, 0, 0, 0, 0, 0, 0, 0, 0, 0, 0, 1, 0, 0, 0, 5, 0, 0, 0, 0, 0, 2, 0, 0, 0, 0, 0, 0, 0, 14, 0, 6]","[0.0, 0.0, 0.065198, 0.0, 0.0, 0.0, 0.0, 0.0, 0.0, 0.0, 0.032599, 0.0, 0.0, 0.0, 0.0, 0.0, 0.0, 0.0, 0.0163, 0.961673, 0.0, 0.0, 0.0, 0.0, 0.0, 0.0, 0.0, 0.0, 0.0, 0.0, 0.0, 0.0163, 0.0, 0.0, 0.0, 0.081498, 0.0, 0.0, 0.0, 0.0, 0.0, 0.032599, 0.0, 0.0, 0.0, 0.0, 0.0, 0.0, 0.0, 0.228193, 0.0, 0.097797]",mock_generator
1006557,MOCK-ONSHOR-012,onshore_unconventional,United States,36.8,80,8,"[0, 0, 2, 0, 0, 0, 0, 0, 0, 0, 2, 0, 0, 0, 0, 0, 0, 0, 0, 41, 0, 0, 0, 0, 0, 0, 0, 0, 0, 0, 0, 8, 0, 0, 0, 1, 0, 0, 0, 0, 0, 4, 0, 0, 0, 0, 0, 0, 0, 19, 0, 3]","[0.0, 0.0, 0.043234, 0.0, 0.0, 0.0, 0.0, 0.0, 0.0, 0.0, 0.043234, 0.0, 0.0, 0.0, 0.0, 0.0, 0.0, 0.0, 0.0, 0.886292, 0.0, 0.0, 0.0, 0.0, 0.0, 0.0, 0.0, 0.0, 0.0, 0.0, 0.0, 0.172935, 0.0, 0.0, 0.0, 0.021617, 0.0, 0.0, 0.0, 0.0, 0.0, 0.086468, 0.0, 0.0, 0.0, 0.0, 0.0, 0.0, 0.0, 0.410721, 0.0, 0.064851]",mock_generator
1006568,MOCK-ONSHOR-013,onshore_unconventional,United States,66.2,109,9,"[0, 0, 4, 0, 0, 0, 0, 0, 0, 0, 2, 0, 0, 0, 0, 0, 0, 0, 3, 48, 0, 0, 0, 0, 0, 0, 0, 0, 0, 0, 0, 7, 0, 0, 0, 2, 0, 0, 0, 0, 0, 6, 0, 0, 0, 0, 0, 0, 0, 28, 0, 9]","[0.0, 0.0, 0.069769, 0.0, 0.0, 0.0, 0.0, 0.0, 0.0, 0.0, 0.034884, 0.0, 0.0, 0.0, 0.0, 0.0, 0.0, 0.0, 0.052326, 0.837223, 0.0, 0.0, 0.0, 0.0, 0.0, 0.0, 0.0, 0.0, 0.0, 0.0, 0.0, 0.122095, 0.0, 0.0, 0.0, 0.034884, 0.0, 0.0, 0.0, 0.0, 0.0, 0.104653, 0.0, 0.0, 0.0, 0.0, 0.0, 0.0, 0.0, 0.48838, 0.0, 0.156979]",mock_generator
1006571,MOCK-ONSHOR-014,onshore_unconventional,Canada,20.2,86,8,"[0, 0, 1, 0, 0, 0, 0, 0, 0, 0, 3, 0, 0, 0, 0, 0, 0, 0, 1, 37, 0, 0, 0, 0, 0, 0, 0, 0, 0, 0, 0, 0, 0, 0, 0, 3, 0, 0, 0, 0, 0, 2, 0, 0, 0, 0, 0, 0, 0, 33, 0, 6]","[0.0, 0.0, 0.019928, 0.0, 0.0, 0.0, 0.0, 0.0, 0.0, 0.0, 0.059785, 0.0, 0.0, 0.0, 0.0, 0.0, 0.0, 0.0, 0.019928, 0.73735, 0.0, 0.0, 0.0, 0.0, 0.0, 0.0, 0.0, 0.0, 0.0, 0.0, 0.0, 0.0, 0.0, 0.0, 0.0, 0.059785, 0.0, 0.0, 0.0, 0.0, 0.0, 0.039857, 0.0, 0.0, 0.0, 0.0, 0.0, 0.0, 0.0, 0.657637, 0.0, 0.11957]",mock_generator
1006581,MOCK-ONSHOR-015,onshore_unconventional,United States,52.7,119,9,"[0, 0, 3, 0, 0, 0, 0, 0, 0, 0, 2, 0, 0, 0, 0, 0, 0, 0, 3, 41, 0, 0, 0, 0, 0, 0, 0, 0, 0, 0, 0, 11, 0, 0, 0, 8, 0, 0, 0, 0, 0, 9, 0, 0, 0, 0, 0, 0, 0, 30, 0, 12]","[0.0, 0.0, 0.054654, 0.0, 0.0, 0.0, 0.0, 0.0, 0.0, 0.0, 0.036436, 0.0, 0.0, 0.0, 0.0, 0.0, 0.0, 0.0, 0.054654, 0.746938, 0.0, 0.0, 0.0, 0.0, 0.0, 0.0, 0.0, 0.0, 0.0, 0.0, 0.0, 0.200398, 0.0, 0.0, 0.0, 0.145744, 0.0, 0.0, 0.0, 0.0, 0.0, 0.163962, 0.0, 0.0, 0.0, 0.0, 0.0, 0.0, 0.0, 0.54654, 0.0, 0.218616]",mock_generator
1006606,MOCK-ONSHOR-016,onshore_unconventional,Canada,63.1,138,8,"[0, 0, 2, 0, 0, 0, 0, 0, 0, 0, 3, 0, 0, 0, 0, 0, 0, 0, 4, 56, 0, 0, 0, 0, 0, 0, 0, 0, 0, 0, 0, 6, 0, 0, 0, 6, 0, 0, 0, 0, 0, 0, 0, 0, 0, 0, 0, 0, 0, 52, 0, 9]","[0.0, 0.0, 0.025773, 0.0, 0.0, 0.0, 0.0, 0.0, 0.0, 0.0, 0.038659, 0.0, 0.0, 0.0, 0.0, 0.0, 0.0, 0.0, 0.051545, 0.721635, 0.0, 0.0, 0.0, 0.0, 0.0, 0.0, 0.0, 0.0, 0.0, 0.0, 0.0, 0.077318, 0.0, 0.0, 0.0, 0.077318, 0.0, 0.0, 0.0, 0.0, 0.0, 0.0, 0.0, 0.0, 0.0, 0.0, 0.0, 0.0, 0.0, 0.67009, 0.0, 0.115977]",mock_generator
1006610,MOCK-ONSHOR-017,onshore_unconventional,Canada,312.6,344,9,"[0, 0, 3, 0, 0, 0, 0, 0, 0, 0, 3, 0, 0, 0, 0, 0, 0, 0, 4, 170, 0, 0, 0, 0, 0, 0, 0, 0, 0, 0, 0, 29, 0, 0, 0, 18, 0, 0, 0, 0, 0, 16, 0, 0, 0, 0, 0, 0, 0, 67, 0, 34]","[0.0, 0.0, 0.015811, 0.0, 0.0, 0.0, 0.0, 0.0, 0.0, 0.0, 0.015811, 0.0, 0.0, 0.0, 0.0, 0.0, 0.0, 0.0, 0.021082, 0.895979, 0.0, 0.0, 0.0, 0.0, 0.0, 0.0, 0.0, 0.0, 0.0, 0.0, 0.0, 0.152843, 0.0, 0.0, 0.0, 0.094868, 0.0, 0.0, 0.0, 0.0, 0.0, 0.084327, 0.0, 0.0, 0.0, 0.0, 0.0, 0.0, 0.0, 0.353121, 0.0, 0.179196]",mock_generator
1006622,MOCK-ONSHOR-018,onshore_unconventional,United States,14.8,47,7,"[0, 0, 2, 0, 0, 0, 0, 0, 0, 0, 1, 0, 0, 0, 0, 0, 0, 0, 0, 13, 0, 0, 0, 0, 0, 0, 0, 0, 0, 0, 0, 4, 0, 0, 0, 0, 0, 0, 0, 0, 0, 5, 0, 0, 0, 0, 0, 0, 0, 14, 0, 8]","[0.0, 0.0, 0.091766, 0.0, 0.0, 0.0, 0.0, 0.0, 0.0, 0.0, 0.045883, 0.0, 0.0, 0.0, 0.0, 0.0, 0.0, 0.0, 0.0, 0.596481, 0.0, 0.0, 0.0, 0.0, 0.0, 0.0, 0.0, 0.0, 0.0, 0.0, 0.0, 0.183533, 0.0, 0.0, 0.0, 0.0, 0.0, 0.0, 0.0, 0.0, 0.0, 0.229416, 0.0, 0.0, 0.0, 0.0, 0.0, 0.0, 0.0, 0.642364, 0.0, 0.367065]",mock_generator
1006629,MOCK-ONSHOR-019,onshore_unconventional,United States,12.0,46,8,"[0, 0, 1, 0, 0, 0, 0, 0, 0, 0, 1, 0, 0, 0, 0, 0, 0, 0, 0, 20, 0, 0, 0, 0, 0, 0, 0, 0, 0, 0, 0, 1, 0, 0, 0, 1, 0, 0, 0, 0, 0, 3, 0, 0, 0, 0, 0, 0, 0, 17, 0, 2]","[0.0, 0.0, 0.037635, 0.0, 0.0, 0.0, 0.0, 0.0, 0.0, 0.0, 0.037635, 0.0, 0.0, 0.0, 0.0, 0.0, 0.0, 0.0, 0.0, 0.75271, 0.0, 0.0, 0.0, 0.0, 0.0, 0.0, 0.0, 0.0, 0.0, 0.0, 0.0, 0.037635, 0.0, 0.0, 0.0, 0.037635, 0.0, 0.0, 0.0, 0.0, 0.0, 0.112906, 0.0, 0.0, 0.0, 0.0, 0.0, 0.0, 0.0, 0.639803, 0.0, 0.075271]",mock_generator
1006651,MOCK-ONSHOR-020,onshore_unconventional,United States,33.2,63,8,"[0, 0, 3, 0, 0, 0, 0, 0, 0, 0, 2, 0, 0, 0, 0, 0, 0, 0, 0, 25, 0, 0, 0, 0, 0, 0, 0, 0, 0, 0, 0, 7, 0, 0, 0, 4, 0, 0, 0, 0, 0, 3, 0, 0, 0, 0, 0, 0, 0, 11, 0, 8]","[0.0, 0.0, 0.100167, 0.0, 0.0, 0.0, 0.0, 0.0, 0.0, 0.0, 0.066778, 0.0, 0.0, 0.0, 0.0, 0.0, 0.0, 0.0, 0.0, 0.834726, 0.0, 0.0, 0.0, 0.0, 0.0, 0.0, 0.0, 0.0, 0.0, 0.0, 0.0, 0.233723, 0.0, 0.0, 0.0, 0.133556, 0.0, 0.0, 0.0, 0.0, 0.0, 0.100167, 0.0, 0.0, 0.0, 0.0, 0.0, 0.0, 0.0, 0.367279, 0.0, 0.267112]",mock_generator
1006652,MOCK-ONSHOR-021,onshore_unconventional,United States,96.9,98,8,"[0, 0, 3, 0, 0, 0, 0, 0, 0, 0, 3, 0, 0, 0, 0, 0, 0, 0, 0, 30, 0, 0, 0, 0, 0, 0, 0, 0, 0, 0, 0, 6, 0, 0, 0, 4, 0, 0, 0, 0, 0, 8, 0, 0, 0, 0, 0, 0, 0, 39, 0, 5]","[0.0, 0.0, 0.059062, 0.0, 0.0, 0.0, 0.0, 0.0, 0.0, 0.0, 0.059062, 0.0, 0.0, 0.0, 0.0, 0.0, 0.0, 0.0, 0.0, 0.590624, 0.0, 0.0, 0.0, 0.0, 0.0, 0.0, 0.0, 0.0, 0.0, 0.0, 0.0, 0.118125, 0.0, 0.0, 0.0, 0.07875, 0.0, 0.0, 0.0, 0.0, 0.0, 0.1575, 0.0, 0.0, 0.0, 0.0, 0.0, 0.0, 0.0, 0.767812, 0.0, 0.098437]",mock_generator
1006681,MOCK-ONSHOR-022,onshore_unconventional,United States,71.5,120,9,"[0, 0, 2, 0, 0, 0, 0, 0, 0, 0, 3, 0, 0, 0, 0, 0, 0, 0, 1, 56, 0, 0, 0, 0, 0, 0, 0, 0, 0, 0, 0, 6, 0, 0, 0, 4, 0, 0, 0, 0, 0, 6, 0, 0, 0, 0, 0, 0, 0, 25, 0, 17]","[0.0, 0.0, 0.031039, 0.0, 0.0, 0.0, 0.0, 0.0, 0.0, 0.0, 0.046558, 0.0, 0.0, 0.0, 0.0, 0.0, 0.0, 0.0, 0.015519, 0.869079, 0.0, 0.0, 0.0, 0.0, 0.0, 0.0, 0.0, 0.0, 0.0, 0.0, 0.0, 0.093116, 0.0, 0.0, 0.0, 0.062077, 0.0, 0.0, 0.0, 0.0, 0.0, 0.093116, 0.0, 0.0, 0.0, 0.0, 0.0, 0.0, 0.0, 0.387982, 0.0, 0.263828]",mock_generator
1006697,MOCK-ONSHOR-023,onshore_unconventional,United States,9.3,50,9,"[0, 0, 2, 0, 0, 0, 0, 0, 0, 0, 2, 0, 0, 0, 0, 0, 0, 0, 1, 17, 0, 0, 0, 0, 0, 0, 0, 0, 0, 0, 0, 2, 0, 0, 0, 2, 0, 0, 0, 0, 0, 3, 0, 0, 0, 0, 0, 0, 0, 14, 0, 7]","[0.0, 0.0, 0.084515, 0.0, 0.0, 0.0, 0.0, 0.0, 0.0, 0.0, 0.084515, 0.0, 0.0, 0.0, 0.0, 0.0, 0.0, 0.0, 0.042258, 0.718381, 0.0, 0.0, 0.0, 0.0, 0.0, 0.0, 0.0, 0.0, 0.0, 0.0, 0.0, 0.084515, 0.0, 0.0, 0.0, 0.084515, 0.0, 0.0, 0.0, 0.0, 0.0, 0.126773, 0.0, 0.0, 0.0, 0.0, 0.0, 0.0, 0.0, 0.591608, 0.0, 0.295804]",mock_generator
1006727,MOCK-ONSHOR-024,onshore_unconventional,United States,59.8,108,9,"[0, 0, 2, 0, 0, 0, 0, 0, 0, 0, 1, 0, 0, 0, 0, 0, 0, 0, 1, 35, 0, 0, 0, 0, 0, 0, 0, 0, 0, 0, 0, 11, 0, 0, 0, 6, 0, 0, 0, 0, 0, 5, 0, 0, 0, 0, 0, 0, 0, 39, 0, 8]","[0.0, 0.0, 0.036527, 0.0, 0.0, 0.0, 0.0, 0.0, 0.0, 0.0, 0.018264, 0.0, 0.0, 0.0, 0.0, 0.0, 0.0, 0.0, 0.018264, 0.639223, 0.0, 0.0, 0.0, 0.0, 0.0, 0.0, 0.0, 0.0, 0.0, 0.0, 0.0, 0.200899, 0.0, 0.0, 0.0, 0.109581, 0.0, 0.0, 0.0, 0.0, 0.0, 0.091318, 0.0, 0.0, 0.0, 0.0, 0.0, 0.0, 0.0, 0.712277, 0.0, 0.146108]",mock_generator
1006757,MOCK-ONSHOR-025,onshore_unconventional,United States,31.3,98,7,"[0, 0, 0, 0, 0, 0, 0, 0, 0, 0, 1, 0, 0, 0, 0, 0, 0, 0, 0, 43, 0, 0, 0, 0, 0, 0, 0, 0, 0, 0, 0, 5, 0, 0, 0, 5, 0, 0, 0, 0, 0, 6, 0, 0, 0, 0, 0, 0, 0, 25, 0, 13]","[0.0, 0.0, 0.0, 0.0, 0.0, 0.0, 0.0, 0.0, 0.0, 0.0, 0.019139, 0.0, 0.0, 0.0, 0.0, 0.0, 0.0, 0.0, 0.0, 0.822976, 0.0, 0.0, 0.0, 0.0, 0.0, 0.0, 0.0, 0.0, 0.0, 0.0, 0.0, 0.095695, 0.0, 0.0, 0.0, 0.095695, 0.0, 0.0, 0.0, 0.0, 0.0, 0.114834, 0.0, 0.0, 0.0, 0.0, 0.0, 0.0, 0.0, 0.478474, 0.0, 0.248807]",mock_generator
1006795,MOCK-ONSHOR-026,onshore_unconventional,Canada,31.3,78,9,"[0, 0, 2, 0, 0, 0, 0, 0, 0, 0, 4, 0, 0, 0, 0, 0, 0, 0, 3, 12, 0, 0, 0, 0, 0, 0, 0, 0, 0, 0, 0, 7, 0, 0, 0, 5, 0, 0, 0, 0, 0, 4, 0, 0, 0, 0, 0, 0, 0, 32, 0, 9]","[0.0, 0.0, 0.054074, 0.0, 0.0, 0.0, 0.0, 0.0, 0.0, 0.0, 0.108148, 0.0, 0.0, 0.0, 0.0, 0.0, 0.0, 0.0, 0.081111, 0.324443, 0.0, 0.0, 0.0, 0.0, 0.0, 0.0, 0.0, 0.0, 0.0, 0.0, 0.0, 0.189258, 0.0, 0.0, 0.0, 0.135185, 0.0, 0.0, 0.0, 0.0, 0.0, 0.108148, 0.0, 0.0, 0.0, 0.0, 0.0, 0.0, 0.0, 0.865181, 0.0, 0.243332]",mock_generator
1006806,MOCK-ONSHOR-027,onshore_unconventional,United States,24.7,95,9,"[0, 0, 1, 0, 0, 0, 0, 0, 0, 0, 2, 0, 0, 0, 0, 0, 0, 0, 2, 50, 0, 0, 0, 0, 0, 0, 0, 0, 0, 0, 0, 7, 0, 0, 0, 7, 0, 0, 0, 0, 0, 3, 0, 0, 0, 0, 0, 0, 0, 19, 0, 4]","[0.0, 0.0, 0.018279, 0.0, 0.0, 0.0, 0.0, 0.0, 0.0, 0.0, 0.036558, 0.0, 0.0, 0.0, 0.0, 0.0, 0.0, 0.0, 0.036558, 0.913938, 0.0, 0.0, 0.0, 0.0, 0.0, 0.0, 0.0, 0.0, 0.0, 0.0, 0.0, 0.127951, 0.0, 0.0, 0.0, 0.127951, 0.0, 0.0, 0.0, 0.0, 0.0, 0.054836, 0.0, 0.0, 0.0, 0.0, 0.0, 0.0, 0.0, 0.347296, 0.0, 0.073115]",mock_generator
1006818,MOCK-ONSHOR-028,onshore_unconventional,United States,17.2,59,8,"[0, 0, 2, 0, 0, 0, 0, 0, 0, 0, 2, 0, 0, 0, 0, 0, 0, 0, 1, 27, 0, 0, 0, 0, 0, 0, 0, 0, 0, 0, 0, 0, 0, 0, 0, 3, 0, 0, 0, 0, 0, 3, 0, 0, 0, 0, 0, 0, 0, 15, 0, 6]","[0.0, 0.0, 0.062715, 0.0, 0.0, 0.0, 0.0, 0.0, 0.0, 0.0, 0.062715, 0.0, 0.0, 0.0, 0.0, 0.0, 0.0, 0.0, 0.031357, 0.846649, 0.0, 0.0, 0.0, 0.0, 0.0, 0.0, 0.0, 0.0, 0.0, 0.0, 0.0, 0.0, 0.0, 0.0, 0.0, 0.094072, 0.0, 0.0, 0.0, 0.0, 0.0, 0.094072, 0.0, 0.0, 0.0, 0.0, 0.0, 0.0, 0.0, 0.47036, 0.0, 0.188144]",mock_generator
1006827,MOCK-ONSHOR-029,onshore_unconventional,Canada,288.6,279,8,"[0, 0, 0, 0, 0, 0, 0, 0, 0, 0, 8, 0, 0, 0, 0, 0, 0, 0, 2, 103, 0, 0, 0, 0, 0, 0, 0, 0, 0, 0, 0, 18, 0, 0, 0, 16, 0, 0, 0, 0, 0, 9, 0, 0, 0, 0, 0, 0, 0, 99, 0, 24]","[0.0, 0.0, 0.0, 0.0, 0.0, 0.0, 0.0, 0.0, 0.0, 0.0, 0.054289, 0.0, 0.0, 0.0, 0.0, 0.0, 0.0, 0.0, 0.013572, 0.698968, 0.0, 0.0, 0.0, 0.0, 0.0, 0.0, 0.0, 0.0, 0.0, 0.0, 0.0, 0.12215, 0.0, 0.0, 0.0, 0.108578, 0.0, 0.0, 0.0, 0.0, 0.0, 0.061075, 0.0, 0.0, 0.0, 0.0, 0.0, 0.0, 0.0, 0.671824, 0.0, 0.162866]",mock_generator
1006862,MOCK-ONSHOR-030,onshore_unconventional,United States,61.2,76,9,"[0, 0, 4, 0, 0, 0, 0, 0, 0, 0, 2, 0, 0, 0, 0, 0, 0, 0, 1, 20, 0, 0, 0, 0, 0, 0, 0, 0, 0, 0, 0, 6, 0, 0, 0, 7, 0, 0, 0, 0, 0, 3, 0, 0, 0, 0, 0, 0, 0, 20, 0, 13]","[0.0, 0.0, 0.121491, 0.0, 0.0, 0.0, 0.0, 0.0, 0.0, 0.0, 0.060746, 0.0, 0.0, 0.0, 0.0, 0.0, 0.0, 0.0, 0.030373, 0.607457, 0.0, 0.0, 0.0, 0.0, 0.0, 0.0, 0.0, 0.0, 0.0, 0.0, 0.0, 0.182237, 0.0, 0.0, 0.0, 0.21261, 0.0, 0.0, 0.0, 0.0, 0.0, 0.091119, 0.0, 0.0, 0.0, 0.0, 0.0, 0.0, 0.0, 0.607457, 0.0, 0.394847]",mock_generator
1006876,MOCK-GAS_PR-001,gas_processing,United States,429.7,220,10,"[0, 0, 6, 0, 0, 0, 0, 0, 6, 0, 12, 1, 0, 0, 0, 0, 0, 0, 1, 83, 0, 0, 0, 0, 0, 0, 0, 0, 0, 0, 0, 8, 0, 0, 0, 8, 0, 0, 0, 0, 0, 0, 0, 5, 0, 0, 0, 0, 0, 90, 0, 0]","[0.0, 0.0, 0.048412, 0.0, 0.0, 0.0, 0.0, 0.0, 0.048412, 0.0, 0.096825, 0.008069, 0.0, 0.0, 0.0, 0.0, 0.0, 0.0, 0.008069, 0.669703, 0.0, 0.0, 0.0, 0.0, 0.0, 0.0, 0.0, 0.0, 0.0, 0.0, 0.0, 0.06455, 0.0, 0.0, 0.0, 0.06455, 0.0, 0.0, 0.0, 0.0, 0.0, 0.0, 0.0, 0.040344, 0.0, 0.0, 0.0, 0.0, 0.0, 0.726184, 0.0, 0.0]",mock_generator
1006906,MOCK-GAS_PR-002,gas_processing,Canada,1203.2,525,10,"[0, 0, 9, 0, 0, 0, 0, 0, 12, 0, 36, 2, 0, 0, 0, 0, 0, 0, 2, 352, 0, 0, 0, 0, 0, 0, 0, 0, 0, 0, 0, 30, 0, 0, 0, 8, 0, 0, 0, 0, 0, 0, 0, 6, 0, 0, 0, 0, 0, 68, 0, 0]","[0.0, 0.0, 0.024861, 0.0, 0.0, 0.0, 0.0, 0.0, 0.033148, 0.0, 0.099443, 0.005525, 0.0, 0.0, 0.0, 0.0, 0.0, 0.0, 0.005525, 0.972327, 0.0, 0.0, 0.0, 0.0, 0.0, 0.0, 0.0, 0.0, 0.0, 0.0, 0.0, 0.082869, 0.0, 0.0, 0.0, 0.022098, 0.0, 0.0, 0.0, 0.0, 0.0, 0.0, 0.0, 0.016574, 0.0, 0.0, 0.0, 0.0, 0.0, 0.187836, 0.0, 0.0]",mock_generator
1006917,MOCK-GAS_PR-003,gas_processing,Canada,727.8,379,9,"[0, 0, 8, 0, 0, 0, 0, 0, 4, 0, 22, 1, 0, 0, 0, 0, 0, 0, 0, 215, 0, 0, 0, 0, 0, 0, 0, 0, 0, 0, 0, 22, 0, 0, 0, 6, 0, 0, 0, 0, 0, 0, 0, 2, 0, 0, 0, 0, 0, 99, 0, 0]","[0.0, 0.0, 0.033475, 0.0, 0.0, 0.0, 0.0, 0.0, 0.016737, 0.0, 0.092055, 0.004184, 0.0, 0.0, 0.0, 0.0, 0.0, 0.0, 0.0, 0.899629, 0.0, 0.0, 0.0, 0.0, 0.0, 0.0, 0.0, 0.0, 0.0, 0.0, 0.0, 0.092055, 0.0, 0.0, 0.0, 0.025106, 0.0, 0.0, 0.0, 0.0, 0.0, 0.0, 0.0, 0.008369, 0.0, 0.0, 0.0, 0.0, 0.0, 0.414248, 0.0, 0.0]",mock_generator
1006920,MOCK-GAS_PR-004,gas_processing,Australia,334.6,243,8,"[0, 0, 1, 0, 0, 0, 0, 0, 4, 0, 16, 0, 0, 0, 0, 0, 0, 0, 0, 145, 0, 0, 0, 0, 0, 0, 0, 0, 0, 0, 0, 12, 0, 0, 0, 6, 0, 0, 0, 0, 0, 0, 0, 4, 0, 0, 0, 0, 0, 55, 0, 0]","[0.0, 0.0, 0.006386, 0.0, 0.0, 0.0, 0.0, 0.0, 0.025545, 0.0, 0.102181, 0.0, 0.0, 0.0, 0.0, 0.0, 0.0, 0.0, 0.0, 0.926012, 0.0, 0.0, 0.0, 0.0, 0.0, 0.0, 0.0, 0.0, 0.0, 0.0, 0.0, 0.076635, 0.0, 0.0, 0.0, 0.038318, 0.0, 0.0, 0.0, 0.0, 0.0, 0.0, 0.0, 0.025545, 0.0, 0.0, 0.0, 0.0, 0.0, 0.351246, 0.0, 0.0]",mock_generator
1006947,MOCK-GAS_PR-005,gas_processing,Australia,485.2,305,10,"[0, 0, 4, 0, 0, 0, 0, 0, 5, 0, 14, 4, 0, 0, 0, 0, 0, 0, 1, 215, 0, 0, 0, 0, 0, 0, 0, 0, 0, 0, 0, 12, 0, 0, 0, 12, 0, 0, 0, 0, 0, 0, 0, 4, 0, 0, 0, 0, 0, 34, 0, 0]","[0.0, 0.0, 0.018269, 0.0, 0.0, 0.0, 0.0, 0.0, 0.022836, 0.0, 0.063942, 0.018269, 0.0, 0.0, 0.0, 0.0, 0.0, 0.0, 0.004567, 0.98196, 0.0, 0.0, 0.0, 0.0, 0.0, 0.0, 0.0, 0.0, 0.0, 0.0, 0.0, 0.054807, 0.0, 0.0, 0.0, 0.054807, 0.0, 0.0, 0.0, 0.0, 0.0, 0.0, 0.0, 0.018269, 0.0, 0.0, 0.0, 0.0, 0.0, 0.155287, 0.0, 0.0]",mock_generator
1006961,MOCK-GAS_PR-006,gas_processing,Canada,588.6,361,10,"[0, 0, 3, 0, 0, 0, 0, 0, 9, 0, 24, 2, 0, 0, 0, 0, 0, 0, 2, 222, 0, 0, 0, 0, 0, 0, 0, 0, 0, 0, 0, 29, 0, 0, 0, 5, 0, 0, 0, 0, 0, 0, 0, 4, 0, 0, 0, 0, 0, 61, 0, 0]","[0.0, 0.0, 0.012843, 0.0, 0.0, 0.0, 0.0, 0.0, 0.03853, 0.0, 0.102747, 0.008562, 0.0, 0.0, 0.0, 0.0, 0.0, 0.0, 0.008562, 0.950412, 0.0, 0.0, 0.0, 0.0, 0.0, 0.0, 0.0, 0.0, 0.0, 0.0, 0.0, 0.124153, 0.0, 0.0, 0.0, 0.021406, 0.0, 0.0, 0.0, 0.0, 0.0, 0.0, 0.0, 0.017125, 0.0, 0.0, 0.0, 0.0, 0.0, 0.261149, 0.0, 0.0]",mock_generator
1006992,MOCK-GAS_PR-007,gas_processing,United States,429.4,291,9,"[0, 0, 7, 0, 0, 0, 0, 0, 7, 0, 16, 1, 0, 0, 0, 0, 0, 0, 0, 168, 0, 0, 0, 0, 0, 0, 0, 0, 0, 0, 0, 17, 0, 0, 0, 7, 0, 0, 0, 0, 0, 0, 0, 8, 0, 0, 0, 0, 0, 60, 0, 0]","[0.0, 0.0, 0.038781, 0.0, 0.0, 0.0, 0.0, 0.0, 0.038781, 0.0, 0.088642, 0.00554, 0.0, 0.0, 0.0, 0.0, 0.0, 0.0, 0.0, 0.930737, 0.0, 0.0, 0.0, 0.0, 0.0, 0.0, 0.0, 0.0, 0.0, 0.0, 0.0, 0.094182, 0.0, 0.0, 0.0, 0.038781, 0.0, 0.0, 0.0, 0.0, 0.0, 0.0, 0.0, 0.044321, 0.0, 0.0, 0.0, 0.0, 0.0, 0.332406, 0.0, 0.0]",mock_generator
1007000,MOCK-GAS_PR-008,gas_processing,Qatar,983.9,409,9,"[0, 0, 5, 0, 0, 0, 0, 0, 10, 0, 27, 0, 0, 0, 0, 0, 0, 0, 3, 229, 0, 0, 0, 0, 0, 0, 0, 0, 0, 0, 0, 29, 0, 0, 0, 10, 0, 0, 0, 0, 0, 0, 0, 6, 0, 0, 0, 0, 0, 90, 0, 0]","[0.0, 0.0, 0.020019, 0.0, 0.0, 0.0, 0.0, 0.0, 0.040038, 0.0, 0.108103, 0.0, 0.0, 0.0, 0.0, 0.0, 0.0, 0.0, 0.012011, 0.916873, 0.0, 0.0, 0.0, 0.0, 0.0, 0.0, 0.0, 0.0, 0.0, 0.0, 0.0, 0.116111, 0.0, 0.0, 0.0, 0.040038, 0.0, 0.0, 0.0, 0.0, 0.0, 0.0, 0.0, 0.024023, 0.0, 0.0, 0.0, 0.0, 0.0, 0.360343, 0.0, 0.0]",mock_generator
1007033,MOCK-GAS_PR-009,gas_processing,Kazakhstan,420.4,288,10,"[0, 0, 3, 0, 0, 0, 0, 0, 6, 0, 13, 2, 0, 0, 0, 0, 0, 0, 1, 173, 0, 0, 0, 0, 0, 0, 0, 0, 0, 0, 0, 18, 0, 0, 0, 8, 0, 0, 0, 0, 0, 0, 0, 7, 0, 0, 0, 0, 0, 57, 0, 0]","[0.0, 0.0, 0.01631, 0.0, 0.0, 0.0, 0.0, 0.0, 0.032619, 0.0, 0.070675, 0.010873, 0.0, 0.0, 0.0, 0.0, 0.0, 0.0, 0.005437, 0.940523, 0.0, 0.0, 0.0, 0.0, 0.0, 0.0, 0.0, 0.0, 0.0, 0.0, 0.0, 0.097858, 0.0, 0.0, 0.0, 0.043492, 0.0, 0.0, 0.0, 0.0, 0.0, 0.0, 0.0, 0.038056, 0.0, 0.0, 0.0, 0.0, 0.0, 0.309883, 0.0, 0.0]",mock_generator
1007040,MOCK-GAS_PR-010,gas_processing,Qatar,160.8,122,8,"[0, 0, 2, 0, 0, 0, 0, 0, 5, 0, 11, 0, 0, 0, 0, 0, 0, 0, 0, 59, 0, 0, 0, 0, 0, 0, 0, 0, 0, 0, 0, 7, 0, 0, 0, 4, 0, 0, 0, 0, 0, 0, 0, 3, 0, 0, 0, 0, 0, 31, 0, 0]","[0.0, 0.0, 0.029279, 0.0, 0.0, 0.0, 0.0, 0.0, 0.073198, 0.0, 0.161035, 0.0, 0.0, 0.0, 0.0, 0.0, 0.0, 0.0, 0.0, 0.863733, 0.0, 0.0, 0.0, 0.0, 0.0, 0.0, 0.0, 0.0, 0.0, 0.0, 0.0, 0.102477, 0.0, 0.0, 0.0, 0.058558, 0.0, 0.0, 0.0, 0.0, 0.0, 0.0, 0.0, 0.043919, 0.0, 0.0, 0.0, 0.0, 0.0, 0.453826, 0.0, 0.0]",mock_generator
1007074,MOCK-GAS_PR-011,gas_processing,Qatar,918.9,474,9,"[0, 0, 9, 0, 0, 0, 0, 0, 8, 0, 15, 0, 0, 0, 0, 0, 0, 0, 2, 287, 0, 0, 0, 0, 0, 0, 0, 0, 0, 0, 0, 18, 0, 0, 0, 12, 0, 0, 0, 0, 0, 0, 0, 4, 0, 0, 0, 0, 0, 119, 0, 0]","[0.0, 0.0, 0.02884, 0.0, 0.0, 0.0, 0.0, 0.0, 0.025635, 0.0, 0.048066, 0.0, 0.0, 0.0, 0.0, 0.0, 0.0, 0.0, 0.006409, 0.919664, 0.0, 0.0, 0.0, 0.0, 0.0, 0.0, 0.0, 0.0, 0.0, 0.0, 0.0, 0.057679, 0.0, 0.0, 0.0, 0.038453, 0.0, 0.0, 0.0, 0.0, 0.0, 0.0, 0.0, 0.012818, 0.0, 0.0, 0.0, 0.0, 0.0, 0.381324, 0.0, 0.0]",mock_generator
1007082,MOCK-GAS_PR-012,gas_processing,United States,457.5,216,9,"[0, 0, 5, 0, 0, 0, 0, 0, 9, 0, 17, 0, 0, 0, 0, 0, 0, 0, 1, 97, 0, 0, 0, 0, 0, 0, 0, 0, 0, 0, 0, 24, 0, 0, 0, 3, 0, 0, 0, 0, 0, 0, 0, 3, 0, 0, 0, 0, 0, 57, 0, 0]","[0.0, 0.0, 0.042799, 0.0, 0.0, 0.0, 0.0, 0.0, 0.077039, 0.0, 0.145517, 0.0, 0.0, 0.0, 0.0, 0.0, 0.0, 0.0, 0.00856, 0.830304, 0.0, 0.0, 0.0, 0.0, 0.0, 0.0, 0.0, 0.0, 0.0, 0.0, 0.0, 0.205436, 0.0, 0.0, 0.0, 0.02568, 0.0, 0.0, 0.0, 0.0, 0.0, 0.0, 0.0, 0.02568, 0.0, 0.0, 0.0, 0.0, 0.0, 0.487911, 0.0, 0.0]",mock_generator
1007109,MOCK-GAS_PR-013,gas_processing,Australia,660.1,327,9,"[0, 0, 6, 0, 0, 0, 0, 0, 7, 0, 16, 1, 0, 0, 0, 0, 0, 0, 0, 189, 0, 0, 0, 0, 0, 0, 0, 0, 0, 0, 0, 8, 0, 0, 0, 2, 0, 0, 0, 0, 0, 0, 0, 3, 0, 0, 0, 0, 0, 95, 0, 0]","[0.0, 0.0, 0.028233, 0.0, 0.0, 0.0, 0.0, 0.0, 0.032938, 0.0, 0.075287, 0.004705, 0.0, 0.0, 0.0, 0.0, 0.0, 0.0, 0.0, 0.889326, 0.0, 0.0, 0.0, 0.0, 0.0, 0.0, 0.0, 0.0, 0.0, 0.0, 0.0, 0.037643, 0.0, 0.0, 0.0, 0.009411, 0.0, 0.0, 0.0, 0.0, 0.0, 0.0, 0.0, 0.014116, 0.0, 0.0, 0.0, 0.0, 0.0, 0.447016, 0.0, 0.0]",mock_generator
1007133,MOCK-GAS_PR-014,gas_processing,Kazakhstan,173.3,199,9,"[0, 0, 3, 0, 0, 0, 0, 0, 5, 0, 9, 0, 0, 0, 0, 0, 0, 0, 1, 136, 0, 0, 0, 0, 0, 0, 0, 0, 0, 0, 0, 5, 0, 0, 0, 3, 0, 0, 0, 0, 0, 0, 0, 2, 0, 0, 0, 0, 0, 35, 0, 0]","[0.0, 0.0, 0.02128, 0.0, 0.0, 0.0, 0.0, 0.0, 0.035466, 0.0, 0.063839, 0.0, 0.0, 0.0, 0.0, 0.0, 0.0, 0.0, 0.007093, 0.964685, 0.0, 0.0, 0.0, 0.0, 0.0, 0.0, 0.0, 0.0, 0.0, 0.0, 0.0, 0.035466, 0.0, 0.0, 0.0, 0.02128, 0.0, 0.0, 0.0, 0.0, 0.0, 0.0, 0.0, 0.014187, 0.0, 0.0, 0.0, 0.0, 0.0, 0.248264, 0.0, 0.0]",mock_generator
1007143,MOCK-GAS_PR-015,gas_processing,United States,1009.2,387,10,"[0, 0, 3, 0, 0, 0, 0, 0, 10, 0, 18, 4, 0, 0, 0, 0, 0, 0, 1, 160, 0, 0, 0, 0, 0, 0, 0, 0, 0, 0, 0, 39, 0, 0, 0, 12, 0, 0, 0, 0, 0, 0, 0, 7, 0, 0, 0, 0, 0, 133, 0, 0]","[0.0, 0.0, 0.014071, 0.0, 0.0, 0.0, 0.0, 0.0, 0.046905, 0.0, 0.084429, 0.018762, 0.0, 0.0, 0.0, 0.0, 0.0, 0.0, 0.00469, 0.750479, 0.0, 0.0, 0.0, 0.0, 0.0, 0.0, 0.0, 0.0, 0.0, 0.0, 0.0, 0.182929, 0.0, 0.0, 0.0, 0.056286, 0.0, 0.0, 0.0, 0.0, 0.0, 0.0, 0.0, 0.032833, 0.0, 0.0, 0.0, 0.0, 0.0, 0.623836, 0.0, 0.0]",mock_generator
1007157,MOCK-GAS_PR-016,gas_processing,United States,276.5,162,9,"[0, 0, 4, 0, 0, 0, 0, 0, 6, 0, 1, 2, 0, 0, 0, 0, 0, 0, 0, 104, 0, 0, 0, 0, 0, 0, 0, 0, 0, 0, 0, 6, 0, 0, 0, 5, 0, 0, 0, 0, 0, 0, 0, 1, 0, 0, 0, 0, 0, 33, 0, 0]","[0.0, 0.0, 0.036478, 0.0, 0.0, 0.0, 0.0, 0.0, 0.054718, 0.0, 0.00912, 0.018239, 0.0, 0.0, 0.0, 0.0, 0.0, 0.0, 0.0, 0.948438, 0.0, 0.0, 0.0, 0.0, 0.0, 0.0, 0.0, 0.0, 0.0, 0.0, 0.0, 0.054718, 0.0, 0.0, 0.0, 0.045598, 0.0, 0.0, 0.0, 0.0, 0.0, 0.0, 0.0, 0.00912, 0.0, 0.0, 0.0, 0.0, 0.0, 0.300947, 0.0, 0.0]",mock_generator
1007159,MOCK-GAS_PR-017,gas_processing,Kazakhstan,572.2,395,9,"[0, 0, 3, 0, 0, 0, 0, 0, 5, 0, 17, 2, 0, 0, 0, 0, 0, 0, 0, 255, 0, 0, 0, 0, 0, 0, 0, 0, 0, 0, 0, 29, 0, 0, 0, 5, 0, 0, 0, 0, 0, 0, 0, 5, 0, 0, 0, 0, 0, 74, 0, 0]","[0.0, 0.0, 0.011202, 0.0, 0.0, 0.0, 0.0, 0.0, 0.01867, 0.0, 0.063479, 0.007468, 0.0, 0.0, 0.0, 0.0, 0.0, 0.0, 0.0, 0.952189, 0.0, 0.0, 0.0, 0.0, 0.0, 0.0, 0.0, 0.0, 0.0, 0.0, 0.0, 0.108288, 0.0, 0.0, 0.0, 0.01867, 0.0, 0.0, 0.0, 0.0, 0.0, 0.0, 0.0, 0.01867, 0.0, 0.0, 0.0, 0.0, 0.0, 0.276321, 0.0, 0.0]",mock_generator
1007161,MOCK-GAS_PR-018,gas_processing,Kazakhstan,866.5,458,10,"[0, 0, 9, 0, 0, 0, 0, 0, 11, 0, 19, 3, 0, 0, 0, 0, 0, 0, 2, 274, 0, 0, 0, 0, 0, 0, 0, 0, 0, 0, 0, 18, 0, 0, 0, 9, 0, 0, 0, 0, 0, 0, 0, 7, 0, 0, 0, 0, 0, 106, 0, 0]","[0.0, 0.0, 0.030453, 0.0, 0.0, 0.0, 0.0, 0.0, 0.03722, 0.0, 0.06429, 0.010151, 0.0, 0.0, 0.0, 0.0, 0.0, 0.0, 0.006767, 0.927127, 0.0, 0.0, 0.0, 0.0, 0.0, 0.0, 0.0, 0.0, 0.0, 0.0, 0.0, 0.060906, 0.0, 0.0, 0.0, 0.030453, 0.0, 0.0, 0.0, 0.0, 0.0, 0.0, 0.0, 0.023686, 0.0, 0.0, 0.0, 0.0, 0.0, 0.358669, 0.0, 0.0]",mock_generator
1007162,MOCK-GAS_PR-019,gas_processing,Australia,199.4,161,9,"[0, 0, 1, 0, 0, 0, 0, 0, 4, 0, 13, 0, 0, 0, 0, 0, 0, 0, 2, 89, 0, 0, 0, 0, 0, 0, 0, 0, 0, 0, 0, 20, 0, 0, 0, 3, 0, 0, 0, 0, 0, 0, 0, 1, 0, 0, 0, 0, 0, 28, 0, 0]","[0.0, 0.0, 0.010367, 0.0, 0.0, 0.0, 0.0, 0.0, 0.041467, 0.0, 0.134767, 0.0, 0.0, 0.0, 0.0, 0.0, 0.0, 0.0, 0.020733, 0.922639, 0.0, 0.0, 0.0, 0.0, 0.0, 0.0, 0.0, 0.0, 0.0, 0.0, 0.0, 0.207335, 0.0, 0.0, 0.0, 0.0311, 0.0, 0.0, 0.0, 0.0, 0.0, 0.0, 0.0, 0.010367, 0.0, 0.0, 0.0, 0.0, 0.0, 0.290268, 0.0, 0.0]",mock_generator
1007187,MOCK-GAS_PR-020,gas_processing,Qatar,448.7,274,10,"[0, 0, 7, 0, 0, 0, 0, 0, 11, 0, 16, 1, 0, 0, 0, 0, 0, 0, 2, 111, 0, 0, 0, 0, 0, 0, 0, 0, 0, 0, 0, 14, 0, 0, 0, 7, 0, 0, 0, 0, 0, 0, 0, 1, 0, 0, 0, 0, 0, 104, 0, 0]","[0.0, 0.0, 0.045361, 0.0, 0.0, 0.0, 0.0, 0.0, 0.071281, 0.0, 0.103682, 0.00648, 0.0, 0.0, 0.0, 0.0, 0.0, 0.0, 0.01296, 0.719295, 0.0, 0.0, 0.0, 0.0, 0.0, 0.0, 0.0, 0.0, 0.0, 0.0, 0.0, 0.090722, 0.0, 0.0, 0.0, 0.045361, 0.0, 0.0, 0.0, 0.0, 0.0, 0.0, 0.0, 0.00648, 0.0, 0.0, 0.0, 0.0, 0.0, 0.673934, 0.0, 0.0]",mock_generator
1007209,MOCK-GAS_PR-021,gas_processing,Canada,206.5,168,10,"[0, 0, 3, 0, 0, 0, 0, 0, 4, 0, 12, 1, 0, 0, 0, 0, 0, 0, 1, 85, 0, 0, 0, 0, 0, 0, 0, 0, 0, 0, 0, 10, 0, 0, 0, 4, 0, 0, 0, 0, 0, 0, 0, 2, 0, 0, 0, 0, 0, 46, 0, 0]","[0.0, 0.0, 0.030568, 0.0, 0.0, 0.0, 0.0, 0.0, 0.040757, 0.0, 0.122271, 0.010189, 0.0, 0.0, 0.0, 0.0, 0.0, 0.0, 0.010189, 0.866085, 0.0, 0.0, 0.0, 0.0, 0.0, 0.0, 0.0, 0.0, 0.0, 0.0, 0.0, 0.101892, 0.0, 0.0, 0.0, 0.040757, 0.0, 0.0, 0.0, 0.0, 0.0, 0.0, 0.0, 0.020378, 0.0, 0.0, 0.0, 0.0, 0.0, 0.468705, 0.0, 0.0]",mock_generator
1007214,MOCK-GAS_PR-022,gas_processing,Canada,530.6,373,9,"[0, 0, 3, 0, 0, 0, 0, 0, 2, 0, 17, 0, 0, 0, 0, 0, 0, 0, 1, 273, 0, 0, 0, 0, 0, 0, 0, 0, 0, 0, 0, 19, 0, 0, 0, 5, 0, 0, 0, 0, 0, 0, 0, 5, 0, 0, 0, 0, 0, 48, 0, 0]","[0.0, 0.0, 0.010773, 0.0, 0.0, 0.0, 0.0, 0.0, 0.007182, 0.0, 0.061047, 0.0, 0.0, 0.0, 0.0, 0.0, 0.0, 0.0, 0.003591, 0.980348, 0.0, 0.0, 0.0, 0.0, 0.0, 0.0, 0.0, 0.0, 0.0, 0.0, 0.0, 0.068229, 0.0, 0.0, 0.0, 0.017955, 0.0, 0.0, 0.0, 0.0, 0.0, 0.0, 0.0, 0.017955, 0.0, 0.0, 0.0, 0.0, 0.0, 0.172369, 0.0, 0.0]",mock_generator
1007218,MOCK-GAS_PR-023,gas_processing,Kazakhstan,466.8,148,9,"[0, 0, 4, 0, 0, 0, 0, 0, 6, 0, 17, 0, 0, 0, 0, 0, 0, 0, 1, 98, 0, 0, 0, 0, 0, 0, 0, 0, 0, 0, 0, 9, 0, 0, 0, 5, 0, 0, 0, 0, 0, 0, 0, 3, 0, 0, 0, 0, 0, 5, 0, 0]","[0.0, 0.0, 0.039829, 0.0, 0.0, 0.0, 0.0, 0.0, 0.059744, 0.0, 0.169274, 0.0, 0.0, 0.0, 0.0, 0.0, 0.0, 0.0, 0.009957, 0.975813, 0.0, 0.0, 0.0, 0.0, 0.0, 0.0, 0.0, 0.0, 0.0, 0.0, 0.0, 0.089615, 0.0, 0.0, 0.0, 0.049786, 0.0, 0.0, 0.0, 0.0, 0.0, 0.0, 0.0, 0.029872, 0.0, 0.0, 0.0, 0.0, 0.0, 0.049786, 0.0, 0.0]",mock_generator
1007229,MOCK-GAS_PR-024,gas_processing,Canada,55.8,156,9,"[0, 0, 3, 0, 0, 0, 0, 0, 2, 0, 8, 0, 0, 0, 0, 0, 0, 0, 1, 106, 0, 0, 0, 0, 0, 0, 0, 0, 0, 0, 0, 7, 0, 0, 0, 3, 0, 0, 0, 0, 0, 0, 0, 3, 0, 0, 0, 0, 0, 23, 0, 0]","[0.0, 0.0, 0.027489, 0.0, 0.0, 0.0, 0.0, 0.0, 0.018326, 0.0, 0.073305, 0.0, 0.0, 0.0, 0.0, 0.0, 0.0, 0.0, 0.009163, 0.971292, 0.0, 0.0, 0.0, 0.0, 0.0, 0.0, 0.0, 0.0, 0.0, 0.0, 0.0, 0.064142, 0.0, 0.0, 0.0, 0.027489, 0.0, 0.0, 0.0, 0.0, 0.0, 0.0, 0.0, 0.027489, 0.0, 0.0, 0.0, 0.0, 0.0, 0.210752, 0.0, 0.0]",mock_generator
1007258,MOCK-GAS_PR-025,gas_processing,United States,342.2,267,9,"[0, 0, 3, 0, 0, 0, 0, 0, 3, 0, 24, 1, 0, 0, 0, 0, 0, 0, 0, 172, 0, 0, 0, 0, 0, 0, 0, 0, 0, 0, 0, 23, 0, 0, 0, 7, 0, 0, 0, 0, 0, 0, 0, 3, 0, 0, 0, 0, 0, 31, 0, 0]","[0.0, 0.0, 0.016843, 0.0, 0.0, 0.0, 0.0, 0.0, 0.016843, 0.0, 0.13474, 0.005614, 0.0, 0.0, 0.0, 0.0, 0.0, 0.0, 0.0, 0.965637, 0.0, 0.0, 0.0, 0.0, 0.0, 0.0, 0.0, 0.0, 0.0, 0.0, 0.0, 0.129126, 0.0, 0.0, 0.0, 0.039299, 0.0, 0.0, 0.0, 0.0, 0.0, 0.0, 0.0, 0.016843, 0.0, 0.0, 0.0, 0.0, 0.0, 0.174039, 0.0, 0.0]",mock_generator
1007292,MOCK-GAS_PR-026,gas_processing,Canada,241.6,226,9,"[0, 0, 3, 0, 0, 0, 0, 0, 4, 0, 12, 1, 0, 0, 0, 0, 0, 0, 1, 113, 0, 0, 0, 0, 0, 0, 0, 0, 0, 0, 0, 18, 0, 0, 0, 0, 0, 0, 0, 0, 0, 0, 0, 4, 0, 0, 0, 0, 0, 70, 0, 0]","[0.0, 0.0, 0.02225, 0.0, 0.0, 0.0, 0.0, 0.0, 0.029666, 0.0, 0.088999, 0.007417, 0.0, 0.0, 0.0, 0.0, 0.0, 0.0, 0.007417, 0.838072, 0.0, 0.0, 0.0, 0.0, 0.0, 0.0, 0.0, 0.0, 0.0, 0.0, 0.0, 0.133498, 0.0, 0.0, 0.0, 0.0, 0.0, 0.0, 0.0, 0.0, 0.0, 0.0, 0.0, 0.029666, 0.0, 0.0, 0.0, 0.0, 0.0, 0.51916, 0.0, 0.0]",mock_generator
1007307,MOCK-GAS_PR-027,gas_processing,Australia,550.6,260,8,"[0, 0, 0, 0, 0, 0, 0, 0, 6, 0, 18, 0, 0, 0, 0, 0, 0, 0, 2, 151, 0, 0, 0, 0, 0, 0, 0, 0, 0, 0, 0, 19, 0, 0, 0, 3, 0, 0, 0, 0, 0, 0, 0, 5, 0, 0, 0, 0, 0, 56, 0, 0]","[0.0, 0.0, 0.0, 0.0, 0.0, 0.0, 0.0, 0.0, 0.036722, 0.0, 0.110166, 0.0, 0.0, 0.0, 0.0, 0.0, 0.0, 0.0, 0.012241, 0.924174, 0.0, 0.0, 0.0, 0.0, 0.0, 0.0, 0.0, 0.0, 0.0, 0.0, 0.0, 0.116287, 0.0, 0.0, 0.0, 0.018361, 0.0, 0.0, 0.0, 0.0, 0.0, 0.0, 0.0, 0.030602, 0.0, 0.0, 0.0, 0.0, 0.0, 0.34274, 0.0, 0.0]",mock_generator
1007327,MOCK-GAS_PR-028,gas_processing,United States,545.8,368,10,"[0, 0, 4, 0, 0, 0, 0, 0, 8, 0, 26, 2, 0, 0, 0, 0, 0, 0, 2, 213, 0, 0, 0, 0, 0, 0, 0, 0, 0, 0, 0, 15, 0, 0, 0, 6, 0, 0, 0, 0, 0, 0, 0, 5, 0, 0, 0, 0, 0, 87, 0, 0]","[0.0, 0.0, 0.017215, 0.0, 0.0, 0.0, 0.0, 0.0, 0.03443, 0.0, 0.111899, 0.008608, 0.0, 0.0, 0.0, 0.0, 0.0, 0.0, 0.008608, 0.916708, 0.0, 0.0, 0.0, 0.0, 0.0, 0.0, 0.0, 0.0, 0.0, 0.0, 0.0, 0.064557, 0.0, 0.0, 0.0, 0.025823, 0.0, 0.0, 0.0, 0.0, 0.0, 0.0, 0.0, 0.021519, 0.0, 0.0, 0.0, 0.0, 0.0, 0.37443, 0.0, 0.0]",mock_generator
1007363,MOCK-GAS_PR-029,gas_processing,Kazakhstan,846.2,286,9,"[0, 0, 2, 0, 0, 0, 0, 0, 2, 0, 15, 0, 0, 0, 0, 0, 0, 0, 1, 158, 0, 0, 0, 0, 0, 0, 0, 0, 0, 0, 0, 13, 0, 0, 0, 5, 0, 0, 0, 0, 0, 0, 0, 5, 0, 0, 0, 0, 0, 85, 0, 0]","[0.0, 0.0, 0.01107, 0.0, 0.0, 0.0, 0.0, 0.0, 0.01107, 0.0, 0.083024, 0.0, 0.0, 0.0, 0.0, 0.0, 0.0, 0.0, 0.005535, 0.874518, 0.0, 0.0, 0.0, 0.0, 0.0, 0.0, 0.0, 0.0, 0.0, 0.0, 0.0, 0.071954, 0.0, 0.0, 0.0, 0.027675, 0.0, 0.0, 0.0, 0.0, 0.0, 0.0, 0.0, 0.027675, 0.0, 0.0, 0.0, 0.0, 0.0, 0.470468, 0.0, 0.0]",mock_generator
1007385,MOCK-GAS_PR-030,gas_processing,Kazakhstan,449.8,245,9,"[0, 0, 4, 0, 0, 0, 0, 0, 7, 0, 13, 0, 0, 0, 0, 0, 0, 0, 1, 153, 0, 0, 0, 0, 0, 0, 0, 0, 0, 0, 0, 20, 0, 0, 0, 5, 0, 0, 0, 0, 0, 0, 0, 6, 0, 0, 0, 0, 0, 36, 0, 0]","[0.0, 0.0, 0.025098, 0.0, 0.0, 0.0, 0.0, 0.0, 0.043921, 0.0, 0.081568, 0.0, 0.0, 0.0, 0.0, 0.0, 0.0, 0.0, 0.006274, 0.959988, 0.0, 0.0, 0.0, 0.0, 0.0, 0.0, 0.0, 0.0, 0.0, 0.0, 0.0, 0.125489, 0.0, 0.0, 0.0, 0.031372, 0.0, 0.0, 0.0, 0.0, 0.0, 0.0, 0.0, 0.037647, 0.0, 0.0, 0.0, 0.0, 0.0, 0.22588, 0.0, 0.0]",mock_generator
1007391,MOCK-GAS_PR-031,gas_processing,Australia,257.7,282,9,"[0, 0, 2, 0, 0, 0, 0, 0, 7, 0, 14, 0, 0, 0, 0, 0, 0, 0, 1, 187, 0, 0, 0, 0, 0, 0, 0, 0, 0, 0, 0, 15, 0, 0, 0, 4, 0, 0, 0, 0, 0, 0, 0, 1, 0, 0, 0, 0, 0, 51, 0, 0]","[0.0, 0.0, 0.010251, 0.0, 0.0, 0.0, 0.0, 0.0, 0.03588, 0.0, 0.07176, 0.0, 0.0, 0.0, 0.0, 0.0, 0.0, 0.0, 0.005126, 0.958508, 0.0, 0.0, 0.0, 0.0, 0.0, 0.0, 0.0, 0.0, 0.0, 0.0, 0.0, 0.076886, 0.0, 0.0, 0.0, 0.020503, 0.0, 0.0, 0.0, 0.0, 0.0, 0.0, 0.0, 0.005126, 0.0, 0.0, 0.0, 0.0, 0.0, 0.261411, 0.0, 0.0]",mock_generator
1007424,MOCK-GAS_PR-032,gas_processing,Kazakhstan,421.9,221,9,"[0, 0, 1, 0, 0, 0, 0, 0, 5, 0, 10, 0, 0, 0, 0, 0, 0, 0, 1, 105, 0, 0, 0, 0, 0, 0, 0, 0, 0, 0, 0, 4, 0, 0, 0, 5, 0, 0, 0, 0, 0, 0, 0, 10, 0, 0, 0, 0, 0, 80, 0, 0]","[0.0, 0.0, 0.007518, 0.0, 0.0, 0.0, 0.0, 0.0, 0.03759, 0.0, 0.075179, 0.0, 0.0, 0.0, 0.0, 0.0, 0.0, 0.0, 0.007518, 0.789384, 0.0, 0.0, 0.0, 0.0, 0.0, 0.0, 0.0, 0.0, 0.0, 0.0, 0.0, 0.030072, 0.0, 0.0, 0.0, 0.03759, 0.0, 0.0, 0.0, 0.0, 0.0, 0.0, 0.0, 0.075179, 0.0, 0.0, 0.0, 0.0, 0.0, 0.601436, 0.0, 0.0]",mock_generator
1007439,MOCK-GAS_PR-033,gas_processing,United States,816.5,361,9,"[0, 0, 5, 0, 0, 0, 0, 0, 6, 0, 29, 1, 0, 0, 0, 0, 0, 0, 0, 204, 0, 0, 0, 0, 0, 0, 0, 0, 0, 0, 0, 20, 0, 0, 0, 3, 0, 0, 0, 0, 0, 0, 0, 1, 0, 0, 0, 0, 0, 92, 0, 0]","[0.0, 0.0, 0.022056, 0.0, 0.0, 0.0, 0.0, 0.0, 0.026467, 0.0, 0.127922, 0.004411, 0.0, 0.0, 0.0, 0.0, 0.0, 0.0, 0.0, 0.899867, 0.0, 0.0, 0.0, 0.0, 0.0, 0.0, 0.0, 0.0, 0.0, 0.0, 0.0, 0.088222, 0.0, 0.0, 0.0, 0.013233, 0.0, 0.0, 0.0, 0.0, 0.0, 0.0, 0.0, 0.004411, 0.0, 0.0, 0.0, 0.0, 0.0, 0.405822, 0.0, 0.0]",mock_generator
1007453,MOCK-GAS_PR-034,gas_processing,Canada,627.3,398,10,"[0, 0, 6, 0, 0, 0, 0, 0, 6, 0, 20, 1, 0, 0, 0, 0, 0, 0, 2, 278, 0, 0, 0, 0, 0, 0, 0, 0, 0, 0, 0, 22, 0, 0, 0, 2, 0, 0, 0, 0, 0, 0, 0, 5, 0, 0, 0, 0, 0, 56, 0, 0]","[0.0, 0.0, 0.021029, 0.0, 0.0, 0.0, 0.0, 0.0, 0.021029, 0.0, 0.070096, 0.003505, 0.0, 0.0, 0.0, 0.0, 0.0, 0.0, 0.00701, 0.97433, 0.0, 0.0, 0.0, 0.0, 0.0, 0.0, 0.0, 0.0, 0.0, 0.0, 0.0, 0.077105, 0.0, 0.0, 0.0, 0.00701, 0.0, 0.0, 0.0, 0.0, 0.0, 0.0, 0.0, 0.017524, 0.0, 0.0, 0.0, 0.0, 0.0, 0.196268, 0.0, 0.0]",mock_generator
1007469,MOCK-GAS_PR-035,gas_processing,Canada,1295.2,410,10,"[0, 0, 12, 0, 0, 0, 0, 0, 11, 0, 35, 1, 0, 0, 0, 0, 0, 0, 3, 230, 0, 0, 0, 0, 0, 0, 0, 0, 0, 0, 0, 38, 0, 0, 0, 1, 0, 0, 0, 0, 0, 0, 0, 4, 0, 0, 0, 0, 0, 75, 0, 0]","[0.0, 0.0, 0.048394, 0.0, 0.0, 0.0, 0.0, 0.0, 0.044361, 0.0, 0.14115, 0.004033, 0.0, 0.0, 0.0, 0.0, 0.0, 0.0, 0.012099, 0.927555, 0.0, 0.0, 0.0, 0.0, 0.0, 0.0, 0.0, 0.0, 0.0, 0.0, 0.0, 0.153248, 0.0, 0.0, 0.0, 0.004033, 0.0, 0.0, 0.0, 0.0, 0.0, 0.0, 0.0, 0.016131, 0.0, 0.0, 0.0, 0.0, 0.0, 0.302464, 0.0, 0.0]",mock_generator
1007482,MOCK-GAS_PR-036,gas_processing,Kazakhstan,297.1,133,10,"[0, 0, 4, 0, 0, 0, 0, 0, 8, 0, 7, 2, 0, 0, 0, 0, 0, 0, 1, 79, 0, 0, 0, 0, 0, 0, 0, 0, 0, 0, 0, 14, 0, 0, 0, 7, 0, 0, 0, 0, 0, 0, 0, 3, 0, 0, 0, 0, 0, 8, 0, 0]","[0.0, 0.0, 0.048893, 0.0, 0.0, 0.0, 0.0, 0.0, 0.097787, 0.0, 0.085563, 0.024447, 0.0, 0.0, 0.0, 0.0, 0.0, 0.0, 0.012223, 0.965643, 0.0, 0.0, 0.0, 0.0, 0.0, 0.0, 0.0, 0.0, 0.0, 0.0, 0.0, 0.171127, 0.0, 0.0, 0.0, 0.085563, 0.0, 0.0, 0.0, 0.0, 0.0, 0.0, 0.0, 0.03667, 0.0, 0.0, 0.0, 0.0, 0.0, 0.097787, 0.0, 0.0]",mock_generator
1007506,MOCK-GAS_PR-037,gas_processing,United States,363.7,248,9,"[0, 0, 5, 0, 0, 0, 0, 0, 4, 0, 6, 0, 0, 0, 0, 0, 0, 0, 1, 136, 0, 0, 0, 0, 0, 0, 0, 0, 0, 0, 0, 22, 0, 0, 0, 6, 0, 0, 0, 0, 0, 0, 0, 3, 0, 0, 0, 0, 0, 65, 0, 0]","[0.0, 0.0, 0.032736, 0.0, 0.0, 0.0, 0.0, 0.0, 0.026189, 0.0, 0.039284, 0.0, 0.0, 0.0, 0.0, 0.0, 0.0, 0.0, 0.006547, 0.890431, 0.0, 0.0, 0.0, 0.0, 0.0, 0.0, 0.0, 0.0, 0.0, 0.0, 0.0, 0.14404, 0.0, 0.0, 0.0, 0.039284, 0.0, 0.0, 0.0, 0.0, 0.0, 0.0, 0.0, 0.019642, 0.0, 0.0, 0.0, 0.0, 0.0, 0.425574, 0.0, 0.0]",mock_generator
1007519,MOCK-GAS_PR-038,gas_processing,Australia,368.6,275,10,"[0, 0, 6, 0, 0, 0, 0, 0, 8, 0, 10, 1, 0, 0, 0, 0, 0, 0, 2, 164, 0, 0, 0, 0, 0, 0, 0, 0, 0, 0, 0, 12, 0, 0, 0, 6, 0, 0, 0, 0, 0, 0, 0, 4, 0, 0, 0, 0, 0, 62, 0, 0]","[0.0, 0.0, 0.034, 0.0, 0.0, 0.0, 0.0, 0.0, 0.045334, 0.0, 0.056667, 0.005667, 0.0, 0.0, 0.0, 0.0, 0.0, 0.0, 0.011333, 0.929346, 0.0, 0.0, 0.0, 0.0, 0.0, 0.0, 0.0, 0.0, 0.0, 0.0, 0.0, 0.068001, 0.0, 0.0, 0.0, 0.034, 0.0, 0.0, 0.0, 0.0, 0.0, 0.0, 0.0, 0.022667, 0.0, 0.0, 0.0, 0.0, 0.0, 0.351338, 0.0, 0.0]",mock_generator
1007542,MOCK-GAS_PR-039,gas_processing,Kazakhstan,500.3,299,9,"[0, 0, 3, 0, 0, 0, 0, 0, 7, 0, 13, 0, 0, 0, 0, 0, 0, 0, 1, 161, 0, 0, 0, 0, 0, 0, 0, 0, 0, 0, 0, 10, 0, 0, 0, 7, 0, 0, 0, 0, 0, 0, 0, 7, 0, 0, 0, 0, 0, 90, 0, 0]","[0.0, 0.0, 0.016164, 0.0, 0.0, 0.0, 0.0, 0.0, 0.037716, 0.0, 0.070043, 0.0, 0.0, 0.0, 0.0, 0.0, 0.0, 0.0, 0.005388, 0.867461, 0.0, 0.0, 0.0, 0.0, 0.0, 0.0, 0.0, 0.0, 0.0, 0.0, 0.0, 0.05388, 0.0, 0.0, 0.0, 0.037716, 0.0, 0.0, 0.0, 0.0, 0.0, 0.0, 0.0, 0.037716, 0.0, 0.0, 0.0, 0.0, 0.0, 0.484916, 0.0, 0.0]",mock_generator
1007549,MOCK-GAS_PR-040,gas_processing,Qatar,1375.2,395,9,"[0, 0, 8, 0, 0, 0, 0, 0, 15, 0, 0, 2, 0, 0, 0, 0, 0, 0, 2, 259, 0, 0, 0, 0, 0, 0, 0, 0, 0, 0, 0, 33, 0, 0, 0, 11, 0, 0, 0, 0, 0, 0, 0, 6, 0, 0, 0, 0, 0, 59, 0, 0]","[0.0, 0.0, 0.029793, 0.0, 0.0, 0.0, 0.0, 0.0, 0.055861, 0.0, 0.0, 0.007448, 0.0, 0.0, 0.0, 0.0, 0.0, 0.0, 0.007448, 0.964533, 0.0, 0.0, 0.0, 0.0, 0.0, 0.0, 0.0, 0.0, 0.0, 0.0, 0.0, 0.122894, 0.0, 0.0, 0.0, 0.040965, 0.0, 0.0, 0.0, 0.0, 0.0, 0.0, 0.0, 0.022344, 0.0, 0.0, 0.0, 0.0, 0.0, 0.21972, 0.0, 0.0]",mock_generator
1007556,MOCK-LNG_ON-001,lng_onshore,Australia,3355.2,515,11,"[0, 0, 2, 0, 0, 0, 0, 0, 2, 0, 6, 0, 0, 0, 0, 0, 0, 0, 0, 419, 0, 0, 2, 0, 0, 0, 0, 0, 0, 0, 0, 21, 0, 0, 0, 0, 0, 0, 0, 0, 0, 4, 0, 4, 0, 0, 2, 0, 0, 46, 7, 0]","[0.0, 0.0, 0.004737, 0.0, 0.0, 0.0, 0.0, 0.0, 0.004737, 0.0, 0.014211, 0.0, 0.0, 0.0, 0.0, 0.0, 0.0, 0.0, 0.0, 0.992426, 0.0, 0.0, 0.004737, 0.0, 0.0, 0.0, 0.0, 0.0, 0.0, 0.0, 0.0, 0.04974, 0.0, 0.0, 0.0, 0.0, 0.0, 0.0, 0.0, 0.0, 0.0, 0.009474, 0.0, 0.009474, 0.0, 0.0, 0.004737, 0.0, 0.0, 0.108954, 0.01658, 0.0]",mock_generator
1007557,MOCK-LNG_ON-002,lng_onshore,Papua New Guinea,11685.5,1544,10,"[0, 0, 9, 0, 0, 0, 0, 0, 17, 0, 39, 0, 0, 0, 0, 0, 0, 0, 0, 1024, 0, 0, 3, 0, 0, 0, 0, 0, 0, 0, 0, 35, 0, 0, 0, 0, 0, 0, 0, 0, 0, 0, 0, 5, 0, 0, 5, 0, 0, 402, 5, 0]","[0.0, 0.0, 0.00817, 0.0, 0.0, 0.0, 0.0, 0.0, 0.015433, 0.0, 0.035405, 0.0, 0.0, 0.0, 0.0, 0.0, 0.0, 0.0, 0.0, 0.929612, 0.0, 0.0, 0.002723, 0.0, 0.0, 0.0, 0.0, 0.0, 0.0, 0.0, 0.0, 0.031774, 0.0, 0.0, 0.0, 0.0, 0.0, 0.0, 0.0, 0.0, 0.0, 0.0, 0.0, 0.004539, 0.0, 0.0, 0.004539, 0.0, 0.0, 0.364945, 0.004539, 0.0]",mock_generator
1007579,MOCK-LNG_ON-003,lng_onshore,Qatar,4986.6,858,11,"[0, 0, 9, 0, 0, 0, 0, 0, 9, 0, 23, 0, 0, 0, 0, 0, 0, 0, 0, 517, 0, 0, 4, 0, 0, 0, 0, 0, 0, 0, 0, 1, 0, 0, 0, 0, 0, 0, 0, 0, 0, 2, 0, 2, 0, 0, 6, 0, 0, 277, 8, 0]","[0.0, 0.0, 0.015326, 0.0, 0.0, 0.0, 0.0, 0.0, 0.015326, 0.0, 0.039167, 0.0, 0.0, 0.0, 0.0, 0.0, 0.0, 0.0, 0.0, 0.880411, 0.0, 0.0, 0.006812, 0.0, 0.0, 0.0, 0.0, 0.0, 0.0, 0.0, 0.0, 0.001703, 0.0, 0.0, 0.0, 0.0, 0.0, 0.0, 0.0, 0.0, 0.0, 0.003406, 0.0, 0.003406, 0.0, 0.0, 0.010218, 0.0, 0.0, 0.47171, 0.013623, 0.0]",mock_generator
1007592,MOCK-LNG_ON-004,lng_onshore,Mozambique,3233.8,883,11,"[0, 0, 9, 0, 0, 0, 0, 0, 2, 0, 16, 0, 0, 0, 0, 0, 0, 0, 0, 592, 0, 0, 5, 0, 0, 0, 0, 0, 0, 0, 0, 19, 0, 0, 0, 0, 0, 0, 0, 0, 0, 3, 0, 3, 0, 0, 5, 0, 0, 220, 9, 0]","[0.0, 0.0, 0.014235, 0.0, 0.0, 0.0, 0.0, 0.0, 0.003163, 0.0, 0.025307, 0.0, 0.0, 0.0, 0.0, 0.0, 0.0, 0.0, 0.0, 0.936368, 0.0, 0.0, 0.007909, 0.0, 0.0, 0.0, 0.0, 0.0, 0.0, 0.0, 0.0, 0.030052, 0.0, 0.0, 0.0, 0.0, 0.0, 0.0, 0.0, 0.0, 0.0, 0.004745, 0.0, 0.004745, 0.0, 0.0, 0.007909, 0.0, 0.0, 0.347975, 0.014235, 0.0]",mock_generator
1007619,MOCK-LNG_ON-005,lng_onshore,Mozambique,12378.0,1823,11,"[0, 0, 22, 0, 0, 0, 0, 0, 10, 0, 42, 0, 0, 0, 0, 0, 0, 0, 0, 1103, 0, 0, 3, 0, 0, 0, 0, 0, 0, 0, 0, 43, 0, 0, 0, 0, 0, 0, 0, 0, 0, 3, 0, 6, 0, 0, 3, 0, 0, 584, 4, 0]","[0.0, 0.0, 0.017603, 0.0, 0.0, 0.0, 0.0, 0.0, 0.008001, 0.0, 0.033606, 0.0, 0.0, 0.0, 0.0, 0.0, 0.0, 0.0, 0.0, 0.882558, 0.0, 0.0, 0.0024, 0.0, 0.0, 0.0, 0.0, 0.0, 0.0, 0.0, 0.0, 0.034406, 0.0, 0.0, 0.0, 0.0, 0.0, 0.0, 0.0, 0.0, 0.0, 0.0024, 0.0, 0.004801, 0.0, 0.0, 0.0024, 0.0, 0.0, 0.467284, 0.003201, 0.0]",mock_generator
1007655,MOCK-LNG_ON-006,lng_onshore,Australia,8790.9,1732,11,"[0, 0, 8, 0, 0, 0, 0, 0, 14, 0, 40, 0, 0, 0, 0, 0, 0, 0, 0, 1293, 0, 0, 6, 0, 0, 0, 0, 0, 0, 0, 0, 52, 0, 0, 0, 0, 0, 0, 0, 0, 0, 4, 0, 7, 0, 0, 8, 0, 0, 291, 9, 0]","[0.0, 0.0, 0.006028, 0.0, 0.0, 0.0, 0.0, 0.0, 0.010549, 0.0, 0.03014, 0.0, 0.0, 0.0, 0.0, 0.0, 0.0, 0.0, 0.0, 0.974265, 0.0, 0.0, 0.004521, 0.0, 0.0, 0.0, 0.0, 0.0, 0.0, 0.0, 0.0, 0.039182, 0.0, 0.0, 0.0, 0.0, 0.0, 0.0, 0.0, 0.0, 0.0, 0.003014, 0.0, 0.005274, 0.0, 0.0, 0.006028, 0.0, 0.0, 0.219266, 0.006781, 0.0]",mock_generator
1007658,MOCK-LNG_ON-007,lng_onshore,Mozambique,9125.1,1698,11,"[0, 0, 7, 0, 0, 0, 0, 0, 5, 0, 37, 0, 0, 0, 0, 0, 0, 0, 0, 1238, 0, 0, 3, 0, 0, 0, 0, 0, 0, 0, 0, 35, 0, 0, 0, 0, 0, 0, 0, 0, 0, 2, 0, 5, 0, 0, 8, 0, 0, 352, 6, 0]","[0.0, 0.0, 0.005434, 0.0, 0.0, 0.0, 0.0, 0.0, 0.003882, 0.0, 0.028723, 0.0, 0.0, 0.0, 0.0, 0.0, 0.0, 0.0, 0.0, 0.961061, 0.0, 0.0, 0.002329, 0.0, 0.0, 0.0, 0.0, 0.0, 0.0, 0.0, 0.0, 0.027171, 0.0, 0.0, 0.0, 0.0, 0.0, 0.0, 0.0, 0.0, 0.0, 0.001553, 0.0, 0.003882, 0.0, 0.0, 0.00621, 0.0, 0.0, 0.273258, 0.004658, 0.0]",mock_generator
1007692,MOCK-LNG_ON-008,lng_onshore,Papua New Guinea,4624.0,1010,11,"[0, 0, 8, 0, 0, 0, 0, 0, 7, 0, 1, 0, 0, 0, 0, 0, 0, 0, 0, 606, 0, 0, 4, 0, 0, 0, 0, 0, 0, 0, 0, 28, 0, 0, 0, 0, 0, 0, 0, 0, 0, 2, 0, 5, 0, 0, 6, 0, 0, 337, 6, 0]","[0.0, 0.0, 0.011525, 0.0, 0.0, 0.0, 0.0, 0.0, 0.010085, 0.0, 0.001441, 0.0, 0.0, 0.0, 0.0, 0.0, 0.0, 0.0, 0.0, 0.873032, 0.0, 0.0, 0.005763, 0.0, 0.0, 0.0, 0.0, 0.0, 0.0, 0.0, 0.0, 0.040338, 0.0, 0.0, 0.0, 0.0, 0.0, 0.0, 0.0, 0.0, 0.0, 0.002881, 0.0, 0.007203, 0.0, 0.0, 0.008644, 0.0, 0.0, 0.485498, 0.008644, 0.0]",mock_generator
1007694,MOCK-LNG_ON-009,lng_onshore,Qatar,3669.7,796,10,"[0, 0, 8, 0, 0, 0, 0, 0, 4, 0, 28, 0, 0, 0, 0, 0, 0, 0, 0, 361, 0, 0, 4, 0, 0, 0, 0, 0, 0, 0, 0, 34, 0, 0, 0, 0, 0, 0, 0, 0, 0, 0, 0, 3, 0, 0, 5, 0, 0, 346, 3, 0]","[0.0, 0.0, 0.015933, 0.0, 0.0, 0.0, 0.0, 0.0, 0.007966, 0.0, 0.055765, 0.0, 0.0, 0.0, 0.0, 0.0, 0.0, 0.0, 0.0, 0.718964, 0.0, 0.0, 0.007966, 0.0, 0.0, 0.0, 0.0, 0.0, 0.0, 0.0, 0.0, 0.067714, 0.0, 0.0, 0.0, 0.0, 0.0, 0.0, 0.0, 0.0, 0.0, 0.0, 0.0, 0.005975, 0.0, 0.0, 0.009958, 0.0, 0.0, 0.68909, 0.005975, 0.0]",mock_generator
1007715,MOCK-LNG_ON-010,lng_onshore,Qatar,10525.2,936,11,"[0, 0, 13, 0, 0, 0, 0, 0, 10, 0, 36, 0, 0, 0, 0, 0, 0, 0, 0, 442, 0, 0, 2, 0, 0, 0, 0, 0, 0, 0, 0, 28, 0, 0, 0, 0, 0, 0, 0, 0, 0, 3, 0, 7, 0, 0, 6, 0, 0, 376, 13, 0]","[0.0, 0.0, 0.022316, 0.0, 0.0, 0.0, 0.0, 0.0, 0.017166, 0.0, 0.061798, 0.0, 0.0, 0.0, 0.0, 0.0, 0.0, 0.0, 0.0, 0.758743, 0.0, 0.0, 0.003433, 0.0, 0.0, 0.0, 0.0, 0.0, 0.0, 0.0, 0.0, 0.048065, 0.0, 0.0, 0.0, 0.0, 0.0, 0.0, 0.0, 0.0, 0.0, 0.00515, 0.0, 0.012016, 0.0, 0.0, 0.0103, 0.0, 0.0, 0.645446, 0.022316, 0.0]",mock_generator
1007739,MOCK-LNG_ON-011,lng_onshore,United States,10971.7,1796,11,"[0, 0, 13, 0, 0, 0, 0, 0, 12, 0, 35, 0, 0, 0, 0, 0, 0, 0, 0, 1329, 0, 0, 4, 0, 0, 0, 0, 0, 0, 0, 0, 78, 0, 0, 0, 0, 0, 0, 0, 0, 0, 5, 0, 4, 0, 0, 5, 0, 0, 302, 9, 0]","[0.0, 0.0, 0.009519, 0.0, 0.0, 0.0, 0.0, 0.0, 0.008786, 0.0, 0.025627, 0.0, 0.0, 0.0, 0.0, 0.0, 0.0, 0.0, 0.0, 0.973103, 0.0, 0.0, 0.002929, 0.0, 0.0, 0.0, 0.0, 0.0, 0.0, 0.0, 0.0, 0.057112, 0.0, 0.0, 0.0, 0.0, 0.0, 0.0, 0.0, 0.0, 0.0, 0.003661, 0.0, 0.002929, 0.0, 0.0, 0.003661, 0.0, 0.0, 0.221126, 0.00659, 0.0]",mock_generator
1007748,MOCK-LNG_ON-012,lng_onshore,United States,12684.5,1636,11,"[0, 0, 8, 0, 0, 0, 0, 0, 16, 0, 17, 0, 0, 0, 0, 0, 0, 0, 0, 1128, 0, 0, 7, 0, 0, 0, 0, 0, 0, 0, 0, 76, 0, 0, 0, 0, 0, 0, 0, 0, 0, 6, 0, 7, 0, 0, 5, 0, 0, 357, 9, 0]","[0.0, 0.0, 0.006746, 0.0, 0.0, 0.0, 0.0, 0.0, 0.013491, 0.0, 0.014335, 0.0, 0.0, 0.0, 0.0, 0.0, 0.0, 0.0, 0.0, 0.951143, 0.0, 0.0, 0.005902, 0.0, 0.0, 0.0, 0.0, 0.0, 0.0, 0.0, 0.0, 0.064084, 0.0, 0.0, 0.0, 0.0, 0.0, 0.0, 0.0, 0.0, 0.0, 0.005059, 0.0, 0.005902, 0.0, 0.0, 0.004216, 0.0, 0.0, 0.301027, 0.007589, 0.0]",mock_generator
1007769,MOCK-LNG_ON-013,lng_onshore,Australia,3825.2,996,10,"[0, 0, 4, 0, 0, 0, 0, 0, 2, 0, 21, 0, 0, 0, 0, 0, 0, 0, 0, 742, 0, 0, 2, 0, 0, 0, 0, 0, 0, 0, 0, 38, 0, 0, 0, 0, 0, 0, 0, 0, 0, 0, 0, 4, 0, 0, 5, 0, 0, 173, 5, 0]","[0.0, 0.0, 0.005241, 0.0, 0.0, 0.0, 0.0, 0.0, 0.002621, 0.0, 0.027516, 0.0, 0.0, 0.0, 0.0, 0.0, 0.0, 0.0, 0.0, 0.972227, 0.0, 0.0, 0.002621, 0.0, 0.0, 0.0, 0.0, 0.0, 0.0, 0.0, 0.0, 0.049791, 0.0, 0.0, 0.0, 0.0, 0.0, 0.0, 0.0, 0.0, 0.0, 0.0, 0.0, 0.005241, 0.0, 0.0, 0.006551, 0.0, 0.0, 0.226678, 0.006551, 0.0]",mock_generator
1007779,MOCK-LNG_ON-014,lng_onshore,Qatar,17699.7,2435,11,"[0, 0, 12, 0, 0, 0, 0, 0, 7, 0, 74, 0, 0, 0, 0, 0, 0, 0, 0, 1707, 0, 0, 7, 0, 0, 0, 0, 0, 0, 0, 0, 78, 0, 0, 0, 0, 0, 0, 0, 0, 0, 4, 0, 8, 0, 0, 11, 0, 0, 519, 8, 0]","[0.0, 0.0, 0.006713, 0.0, 0.0, 0.0, 0.0, 0.0, 0.003916, 0.0, 0.041398, 0.0, 0.0, 0.0, 0.0, 0.0, 0.0, 0.0, 0.0, 0.954947, 0.0, 0.0, 0.003916, 0.0, 0.0, 0.0, 0.0, 0.0, 0.0, 0.0, 0.0, 0.043636, 0.0, 0.0, 0.0, 0.0, 0.0, 0.0, 0.0, 0.0, 0.0, 0.002238, 0.0, 0.004475, 0.0, 0.0, 0.006154, 0.0, 0.0, 0.290344, 0.004475, 0.0]",mock_generator
1007788,MOCK-LNG_ON-015,lng_onshore,United States,9198.8,908,9,"[0, 0, 1, 0, 0, 0, 0, 0, 10, 0, 49, 0, 0, 0, 0, 0, 0, 0, 0, 526, 0, 0, 0, 0, 0, 0, 0, 0, 0, 0, 0, 43, 0, 0, 0, 0, 0, 0, 0, 0, 0, 0, 0, 2, 0, 0, 6, 0, 0, 260, 11, 0]","[0.0, 0.0, 0.001693, 0.0, 0.0, 0.0, 0.0, 0.0, 0.016932, 0.0, 0.082969, 0.0, 0.0, 0.0, 0.0, 0.0, 0.0, 0.0, 0.0, 0.890646, 0.0, 0.0, 0.0, 0.0, 0.0, 0.0, 0.0, 0.0, 0.0, 0.0, 0.0, 0.072809, 0.0, 0.0, 0.0, 0.0, 0.0, 0.0, 0.0, 0.0, 0.0, 0.0, 0.0, 0.003386, 0.0, 0.0, 0.010159, 0.0, 0.0, 0.440243, 0.018626, 0.0]",mock_generator
1007802,MOCK-LNG_ON-016,lng_onshore,United States,3540.3,662,11,"[0, 0, 4, 0, 0, 0, 0, 0, 5, 0, 20, 0, 0, 0, 0, 0, 0, 0, 0, 404, 0, 0, 4, 0, 0, 0, 0, 0, 0, 0, 0, 18, 0, 0, 0, 0, 0, 0, 0, 0, 0, 1, 0, 3, 0, 0, 4, 0, 0, 191, 8, 0]","[0.0, 0.0, 0.008932, 0.0, 0.0, 0.0, 0.0, 0.0, 0.011164, 0.0, 0.044658, 0.0, 0.0, 0.0, 0.0, 0.0, 0.0, 0.0, 0.0, 0.902091, 0.0, 0.0, 0.008932, 0.0, 0.0, 0.0, 0.0, 0.0, 0.0, 0.0, 0.0, 0.040192, 0.0, 0.0, 0.0, 0.0, 0.0, 0.0, 0.0, 0.0, 0.0, 0.002233, 0.0, 0.006699, 0.0, 0.0, 0.008932, 0.0, 0.0, 0.426484, 0.017863, 0.0]",mock_generator
1007825,MOCK-LNG_ON-017,lng_onshore,Qatar,4291.4,780,11,"[0, 0, 8, 0, 0, 0, 0, 0, 3, 0, 40, 0, 0, 0, 0, 0, 0, 0, 0, 505, 0, 0, 5, 0, 0, 0, 0, 0, 0, 0, 0, 30, 0, 0, 0, 0, 0, 0, 0, 0, 0, 4, 0, 3, 0, 0, 5, 0, 0, 172, 5, 0]","[0.0, 0.0, 0.014926, 0.0, 0.0, 0.0, 0.0, 0.0, 0.005597, 0.0, 0.074629, 0.0, 0.0, 0.0, 0.0, 0.0, 0.0, 0.0, 0.0, 0.942187, 0.0, 0.0, 0.009329, 0.0, 0.0, 0.0, 0.0, 0.0, 0.0, 0.0, 0.0, 0.055972, 0.0, 0.0, 0.0, 0.0, 0.0, 0.0, 0.0, 0.0, 0.0, 0.007463, 0.0, 0.005597, 0.0, 0.0, 0.009329, 0.0, 0.0, 0.320903, 0.009329, 0.0]",mock_generator
1007843,MOCK-LNG_ON-018,lng_onshore,Australia,5321.4,811,10,"[0, 0, 4, 0, 0, 0, 0, 0, 9, 0, 22, 0, 0, 0, 0, 0, 0, 0, 0, 474, 0, 0, 0, 0, 0, 0, 0, 0, 0, 0, 0, 15, 0, 0, 0, 0, 0, 0, 0, 0, 0, 2, 0, 3, 0, 0, 6, 0, 0, 268, 8, 0]","[0.0, 0.0, 0.007335, 0.0, 0.0, 0.0, 0.0, 0.0, 0.016503, 0.0, 0.04034, 0.0, 0.0, 0.0, 0.0, 0.0, 0.0, 0.0, 0.0, 0.869149, 0.0, 0.0, 0.0, 0.0, 0.0, 0.0, 0.0, 0.0, 0.0, 0.0, 0.0, 0.027505, 0.0, 0.0, 0.0, 0.0, 0.0, 0.0, 0.0, 0.0, 0.0, 0.003667, 0.0, 0.005501, 0.0, 0.0, 0.011002, 0.0, 0.0, 0.491417, 0.014669, 0.0]",mock_generator
1007870,MOCK-LNG_ON-019,lng_onshore,Qatar,18394.5,1723,11,"[0, 0, 13, 0, 0, 0, 0, 0, 22, 0, 38, 0, 0, 0, 0, 0, 0, 0, 0, 999, 0, 0, 8, 0, 0, 0, 0, 0, 0, 0, 0, 48, 0, 0, 0, 0, 0, 0, 0, 0, 0, 6, 0, 13, 0, 0, 5, 0, 0, 561, 10, 0]","[0.0, 0.0, 0.011326, 0.0, 0.0, 0.0, 0.0, 0.0, 0.019167, 0.0, 0.033106, 0.0, 0.0, 0.0, 0.0, 0.0, 0.0, 0.0, 0.0, 0.870337, 0.0, 0.0, 0.00697, 0.0, 0.0, 0.0, 0.0, 0.0, 0.0, 0.0, 0.0, 0.041818, 0.0, 0.0, 0.0, 0.0, 0.0, 0.0, 0.0, 0.0, 0.0, 0.005227, 0.0, 0.011326, 0.0, 0.0, 0.004356, 0.0, 0.0, 0.488748, 0.008712, 0.0]",mock_generator
1007903,MOCK-LNG_ON-020,lng_onshore,United States,4759.5,1081,11,"[0, 0, 6, 0, 0, 0, 0, 0, 6, 0, 2, 0, 0, 0, 0, 0, 0, 0, 0, 843, 0, 0, 2, 0, 0, 0, 0, 0, 0, 0, 0, 18, 0, 0, 0, 0, 0, 0, 0, 0, 0, 2, 0, 8, 0, 0, 4, 0, 0, 186, 4, 0]","[0.0, 0.0, 0.006948, 0.0, 0.0, 0.0, 0.0, 0.0, 0.006948, 0.0, 0.002316, 0.0, 0.0, 0.0, 0.0, 0.0, 0.0, 0.0, 0.0, 0.976183, 0.0, 0.0, 0.002316, 0.0, 0.0, 0.0, 0.0, 0.0, 0.0, 0.0, 0.0, 0.020844, 0.0, 0.0, 0.0, 0.0, 0.0, 0.0, 0.0, 0.0, 0.0, 0.002316, 0.0, 0.009264, 0.0, 0.0, 0.004632, 0.0, 0.0, 0.215386, 0.004632, 0.0]",mock_generator
1007917,MOCK-LNG_ON-021,lng_onshore,Qatar,5204.5,1111,11,"[0, 0, 11, 0, 0, 0, 0, 0, 3, 0, 18, 0, 0, 0, 0, 0, 0, 0, 0, 772, 0, 0, 5, 0, 0, 0, 0, 0, 0, 0, 0, 31, 0, 0, 0, 0, 0, 0, 0, 0, 0, 1, 0, 7, 0, 0, 3, 0, 0, 257, 3, 0]","[0.0, 0.0, 0.013504, 0.0, 0.0, 0.0, 0.0, 0.0, 0.003683, 0.0, 0.022097, 0.0, 0.0, 0.0, 0.0, 0.0, 0.0, 0.0, 0.0, 0.947727, 0.0, 0.0, 0.006138, 0.0, 0.0, 0.0, 0.0, 0.0, 0.0, 0.0, 0.0, 0.038056, 0.0, 0.0, 0.0, 0.0, 0.0, 0.0, 0.0, 0.0, 0.0, 0.001228, 0.0, 0.008593, 0.0, 0.0, 0.003683, 0.0, 0.0, 0.3155, 0.003683, 0.0]",mock_generator
1007939,MOCK-LNG_ON-022,lng_onshore,Mozambique,4651.0,630,11,"[0, 0, 1, 0, 0, 0, 0, 0, 7, 0, 20, 0, 0, 0, 0, 0, 0, 0, 0, 404, 0, 0, 5, 0, 0, 0, 0, 0, 0, 0, 0, 18, 0, 0, 0, 0, 0, 0, 0, 0, 0, 2, 0, 6, 0, 0, 8, 0, 0, 153, 6, 0]","[0.0, 0.0, 0.002309, 0.0, 0.0, 0.0, 0.0, 0.0, 0.016163, 0.0, 0.04618, 0.0, 0.0, 0.0, 0.0, 0.0, 0.0, 0.0, 0.0, 0.932839, 0.0, 0.0, 0.011545, 0.0, 0.0, 0.0, 0.0, 0.0, 0.0, 0.0, 0.0, 0.041562, 0.0, 0.0, 0.0, 0.0, 0.0, 0.0, 0.0, 0.0, 0.0, 0.004618, 0.0, 0.013854, 0.0, 0.0, 0.018472, 0.0, 0.0, 0.353278, 0.013854, 0.0]",mock_generator
1007968,MOCK-LNG_ON-023,lng_onshore,Papua New Guinea,6999.3,519,11,"[0, 0, 12, 0, 0, 0, 0, 0, 12, 0, 18, 0, 0, 0, 0, 0, 0, 0, 0, 101, 0, 0, 4, 0, 0, 0, 0, 0, 0, 0, 0, 29, 0, 0, 0, 0, 0, 0, 0, 0, 0, 2, 0, 7, 0, 0, 8, 0, 0, 325, 1, 0]","[0.0, 0.0, 0.035021, 0.0, 0.0, 0.0, 0.0, 0.0, 0.035021, 0.0, 0.052531, 0.0, 0.0, 0.0, 0.0, 0.0, 0.0, 0.0, 0.0, 0.294756, 0.0, 0.0, 0.011674, 0.0, 0.0, 0.0, 0.0, 0.0, 0.0, 0.0, 0.0, 0.084633, 0.0, 0.0, 0.0, 0.0, 0.0, 0.0, 0.0, 0.0, 0.0, 0.005837, 0.0, 0.020429, 0.0, 0.0, 0.023347, 0.0, 0.0, 0.948474, 0.002918, 0.0]",mock_generator
1007987,MOCK-LNG_ON-024,lng_onshore,Qatar,12538.1,1465,11,"[0, 0, 9, 0, 0, 0, 0, 0, 3, 0, 49, 0, 0, 0, 0, 0, 0, 0, 0, 905, 0, 0, 2, 0, 0, 0, 0, 0, 0, 0, 0, 54, 0, 0, 0, 0, 0, 0, 0, 0, 0, 1, 0, 5, 0, 0, 9, 0, 0, 418, 10, 0]","[0.0, 0.0, 0.009003, 0.0, 0.0, 0.0, 0.0, 0.0, 0.003001, 0.0, 0.049016, 0.0, 0.0, 0.0, 0.0, 0.0, 0.0, 0.0, 0.0, 0.905287, 0.0, 0.0, 0.002001, 0.0, 0.0, 0.0, 0.0, 0.0, 0.0, 0.0, 0.0, 0.054017, 0.0, 0.0, 0.0, 0.0, 0.0, 0.0, 0.0, 0.0, 0.0, 0.001, 0.0, 0.005002, 0.0, 0.0, 0.009003, 0.0, 0.0, 0.418132, 0.010003, 0.0]",mock_generator
1008008,MOCK-LNG_ON-025,lng_onshore,Australia,3972.7,962,10,"[0, 0, 7, 0, 0, 0, 0, 0, 8, 0, 23, 0, 0, 0, 0, 0, 0, 0, 0, 676, 0, 0, 3, 0, 0, 0, 0, 0, 0, 0, 0, 22, 0, 0, 0, 0, 0, 0, 0, 0, 0, 0, 0, 2, 0, 0, 3, 0, 0, 209, 9, 0]","[0.0, 0.0, 0.009881, 0.0, 0.0, 0.0, 0.0, 0.0, 0.011292, 0.0, 0.032466, 0.0, 0.0, 0.0, 0.0, 0.0, 0.0, 0.0, 0.0, 0.95421, 0.0, 0.0, 0.004235, 0.0, 0.0, 0.0, 0.0, 0.0, 0.0, 0.0, 0.0, 0.031054, 0.0, 0.0, 0.0, 0.0, 0.0, 0.0, 0.0, 0.0, 0.0, 0.0, 0.0, 0.002823, 0.0, 0.0, 0.004235, 0.0, 0.0, 0.295015, 0.012704, 0.0]",mock_generator
1008038,MOCK-OIL_SA-001,oil_sands,Canada,525.1,57,9,"[0, 0, 0, 6, 0, 0, 0, 1, 0, 0, 8, 0, 0, 0, 0, 0, 0, 5, 0, 0, 0, 0, 0, 0, 0, 0, 0, 0, 0, 0, 0, 21, 0, 0, 0, 0, 3, 0, 0, 0, 0, 4, 1, 0, 0, 0, 0, 0, 0, 0, 8, 0]","[0.0, 0.0, 0.0, 0.234082, 0.0, 0.0, 0.0, 0.039014, 0.0, 0.0, 0.31211, 0.0, 0.0, 0.0, 0.0, 0.0, 0.0, 0.195069, 0.0, 0.0, 0.0, 0.0, 0.0, 0.0, 0.0, 0.0, 0.0, 0.0, 0.0, 0.0, 0.0, 0.819288, 0.0, 0.0, 0.0, 0.0, 0.117041, 0.0, 0.0, 0.0, 0.0, 0.156055, 0.039014, 0.0, 0.0, 0.0, 0.0, 0.0, 0.0, 0.0, 0.31211, 0.0]",mock_generator
1008049,MOCK-OIL_SA-002,oil_sands,Canada,1694.5,90,10,"[5, 0, 0, 7, 0, 0, 0, 2, 0, 0, 9, 0, 0, 0, 0, 0, 0, 12, 0, 0, 0, 0, 0, 0, 0, 0, 0, 0, 0, 0, 0, 39, 0, 0, 0, 0, 4, 0, 0, 0, 0, 4, 2, 0, 0, 0, 0, 0, 0, 0, 6, 0]","[0.114829, 0.0, 0.0, 0.16076, 0.0, 0.0, 0.0, 0.045932, 0.0, 0.0, 0.206692, 0.0, 0.0, 0.0, 0.0, 0.0, 0.0, 0.275589, 0.0, 0.0, 0.0, 0.0, 0.0, 0.0, 0.0, 0.0, 0.0, 0.0, 0.0, 0.0, 0.0, 0.895665, 0.0, 0.0, 0.0, 0.0, 0.091863, 0.0, 0.0, 0.0, 0.0, 0.091863, 0.045932, 0.0, 0.0, 0.0, 0.0, 0.0, 0.0, 0.0, 0.137795, 0.0]",mock_generator
1008062,MOCK-OIL_SA-003,oil_sands,Canada,835.3,69,8,"[0, 0, 0, 3, 0, 0, 0, 1, 0, 0, 6, 0, 0, 0, 0, 0, 0, 18, 0, 0, 0, 0, 0, 0, 0, 0, 0, 0, 0, 0, 0, 27, 0, 0, 0, 0, 2, 0, 0, 0, 0, 9, 0, 0, 0, 0, 0, 0, 0, 0, 3, 0]","[0.0, 0.0, 0.0, 0.086856, 0.0, 0.0, 0.0, 0.028952, 0.0, 0.0, 0.173712, 0.0, 0.0, 0.0, 0.0, 0.0, 0.0, 0.521137, 0.0, 0.0, 0.0, 0.0, 0.0, 0.0, 0.0, 0.0, 0.0, 0.0, 0.0, 0.0, 0.0, 0.781706, 0.0, 0.0, 0.0, 0.0, 0.057904, 0.0, 0.0, 0.0, 0.0, 0.260569, 0.0, 0.0, 0.0, 0.0, 0.0, 0.0, 0.0, 0.0, 0.086856, 0.0]",mock_generator
1008067,MOCK-OIL_SA-004,oil_sands,Canada,4800.4,145,10,"[5, 0, 0, 13, 0, 0, 0, 2, 0, 0, 8, 0, 0, 0, 0, 0, 0, 23, 0, 0, 0, 0, 0, 0, 0, 0, 0, 0, 0, 0, 0, 66, 0, 0, 0, 0, 11, 0, 0, 0, 0, 7, 5, 0, 0, 0, 0, 0, 0, 0, 5, 0]","[0.06825, 0.0, 0.0, 0.177451, 0.0, 0.0, 0.0, 0.0273, 0.0, 0.0, 0.1092, 0.0, 0.0, 0.0, 0.0, 0.0, 0.0, 0.313951, 0.0, 0.0, 0.0, 0.0, 0.0, 0.0, 0.0, 0.0, 0.0, 0.0, 0.0, 0.0, 0.0, 0.900903, 0.0, 0.0, 0.0, 0.0, 0.150151, 0.0, 0.0, 0.0, 0.0, 0.09555, 0.06825, 0.0, 0.0, 0.0, 0.0, 0.0, 0.0, 0.0, 0.06825, 0.0]",mock_generator
1008083,MOCK-OIL_SA-005,oil_sands,Canada,2104.1,104,9,"[0, 0, 0, 8, 0, 0, 0, 3, 0, 0, 15, 0, 0, 0, 0, 0, 0, 26, 0, 0, 0, 0, 0, 0, 0, 0, 0, 0, 0, 0, 0, 30, 0, 0, 0, 0, 5, 0, 0, 0, 0, 7, 1, 0, 0, 0, 0, 0, 0, 0, 9, 0]","[0.0, 0.0, 0.0, 0.177559, 0.0, 0.0, 0.0, 0.066585, 0.0, 0.0, 0.332923, 0.0, 0.0, 0.0, 0.0, 0.0, 0.0, 0.577066, 0.0, 0.0, 0.0, 0.0, 0.0, 0.0, 0.0, 0.0, 0.0, 0.0, 0.0, 0.0, 0.0, 0.665845, 0.0, 0.0, 0.0, 0.0, 0.110974, 0.0, 0.0, 0.0, 0.0, 0.155364, 0.022195, 0.0, 0.0, 0.0, 0.0, 0.0, 0.0, 0.0, 0.199754, 0.0]",mock_generator
1008089,MOCK-OIL_SA-006,oil_sands,Canada,477.7,55,10,"[1, 0, 0, 3, 0, 0, 0, 2, 0, 0, 9, 0, 0, 0, 0, 0, 0, 6, 0, 0, 0, 0, 0, 0, 0, 0, 0, 0, 0, 0, 0, 23, 0, 0, 0, 0, 3, 0, 0, 0, 0, 2, 2, 0, 0, 0, 0, 0, 0, 0, 4, 0]","[0.037987, 0.0, 0.0, 0.113961, 0.0, 0.0, 0.0, 0.075974, 0.0, 0.0, 0.341882, 0.0, 0.0, 0.0, 0.0, 0.0, 0.0, 0.227921, 0.0, 0.0, 0.0, 0.0, 0.0, 0.0, 0.0, 0.0, 0.0, 0.0, 0.0, 0.0, 0.0, 0.873698, 0.0, 0.0, 0.0, 0.0, 0.113961, 0.0, 0.0, 0.0, 0.0, 0.075974, 0.075974, 0.0, 0.0, 0.0, 0.0, 0.0, 0.0, 0.0, 0.151947, 0.0]",mock_generator
1008105,MOCK-OIL_SA-007,oil_sands,Canada,706.6,75,9,"[0, 0, 0, 8, 0, 0, 0, 1, 0, 0, 8, 0, 0, 0, 0, 0, 0, 12, 0, 0, 0, 0, 0, 0, 0, 0, 0, 0, 0, 0, 0, 29, 0, 0, 0, 0, 4, 0, 0, 0, 0, 8, 3, 0, 0, 0, 0, 0, 0, 0, 2, 0]","[0.0, 0.0, 0.0, 0.230269, 0.0, 0.0, 0.0, 0.028784, 0.0, 0.0, 0.230269, 0.0, 0.0, 0.0, 0.0, 0.0, 0.0, 0.345404, 0.0, 0.0, 0.0, 0.0, 0.0, 0.0, 0.0, 0.0, 0.0, 0.0, 0.0, 0.0, 0.0, 0.834727, 0.0, 0.0, 0.0, 0.0, 0.115135, 0.0, 0.0, 0.0, 0.0, 0.230269, 0.086351, 0.0, 0.0, 0.0, 0.0, 0.0, 0.0, 0.0, 0.057567, 0.0]",mock_generator
1008112,MOCK-OIL_SA-008,oil_sands,Canada,3584.2,162,9,"[5, 0, 0, 9, 0, 0, 0, 3, 0, 0, 11, 0, 0, 0, 0, 0, 0, 44, 0, 0, 0, 0, 0, 0, 0, 0, 0, 0, 0, 0, 0, 56, 0, 0, 0, 0, 7, 0, 0, 0, 0, 16, 0, 0, 0, 0, 0, 0, 0, 0, 11, 0]","[0.06603, 0.0, 0.0, 0.118854, 0.0, 0.0, 0.0, 0.039618, 0.0, 0.0, 0.145266, 0.0, 0.0, 0.0, 0.0, 0.0, 0.0, 0.581064, 0.0, 0.0, 0.0, 0.0, 0.0, 0.0, 0.0, 0.0, 0.0, 0.0, 0.0, 0.0, 0.0, 0.739536, 0.0, 0.0, 0.0, 0.0, 0.092442, 0.0, 0.0, 0.0, 0.0, 0.211296, 0.0, 0.0, 0.0, 0.0, 0.0, 0.0, 0.0, 0.0, 0.145266, 0.0]",mock_generator
1008147,MOCK-OIL_SA-009,oil_sands,Canada,575.4,77,9,"[1, 0, 0, 5, 0, 0, 0, 2, 0, 0, 2, 0, 0, 0, 0, 0, 0, 14, 0, 0, 0, 0, 0, 0, 0, 0, 0, 0, 0, 0, 0, 43, 0, 0, 0, 0, 0, 0, 0, 0, 0, 4, 2, 0, 0, 0, 0, 0, 0, 0, 4, 0]","[0.021744, 0.0, 0.0, 0.108721, 0.0, 0.0, 0.0, 0.043489, 0.0, 0.0, 0.043489, 0.0, 0.0, 0.0, 0.0, 0.0, 0.0, 0.30442, 0.0, 0.0, 0.0, 0.0, 0.0, 0.0, 0.0, 0.0, 0.0, 0.0, 0.0, 0.0, 0.0, 0.935004, 0.0, 0.0, 0.0, 0.0, 0.0, 0.0, 0.0, 0.0, 0.0, 0.086977, 0.043489, 0.0, 0.0, 0.0, 0.0, 0.0, 0.0, 0.0, 0.086977, 0.0]",mock_generator
1008162,MOCK-OIL_SA-010,oil_sands,Canada,1969.2,85,10,"[2, 0, 0, 4, 0, 0, 0, 4, 0, 0, 10, 0, 0, 0, 0, 0, 0, 22, 0, 0, 0, 0, 0, 0, 0, 0, 0, 0, 0, 0, 0, 28, 0, 0, 0, 0, 4, 0, 0, 0, 0, 4, 1, 0, 0, 0, 0, 0, 0, 0, 6, 0]","[0.052111, 0.0, 0.0, 0.104222, 0.0, 0.0, 0.0, 0.104222, 0.0, 0.0, 0.260555, 0.0, 0.0, 0.0, 0.0, 0.0, 0.0, 0.57322, 0.0, 0.0, 0.0, 0.0, 0.0, 0.0, 0.0, 0.0, 0.0, 0.0, 0.0, 0.0, 0.0, 0.729553, 0.0, 0.0, 0.0, 0.0, 0.104222, 0.0, 0.0, 0.0, 0.0, 0.104222, 0.026055, 0.0, 0.0, 0.0, 0.0, 0.0, 0.0, 0.0, 0.156333, 0.0]",mock_generator
1008193,MOCK-OIL_SA-011,oil_sands,Canada,610.8,61,10,"[2, 0, 0, 6, 0, 0, 0, 1, 0, 0, 5, 0, 0, 0, 0, 0, 0, 9, 0, 0, 0, 0, 0, 0, 0, 0, 0, 0, 0, 0, 0, 25, 0, 0, 0, 0, 4, 0, 0, 0, 0, 5, 1, 0, 0, 0, 0, 0, 0, 0, 3, 0]","[0.069716, 0.0, 0.0, 0.209147, 0.0, 0.0, 0.0, 0.034858, 0.0, 0.0, 0.174289, 0.0, 0.0, 0.0, 0.0, 0.0, 0.0, 0.31372, 0.0, 0.0, 0.0, 0.0, 0.0, 0.0, 0.0, 0.0, 0.0, 0.0, 0.0, 0.0, 0.0, 0.871445, 0.0, 0.0, 0.0, 0.0, 0.139431, 0.0, 0.0, 0.0, 0.0, 0.174289, 0.034858, 0.0, 0.0, 0.0, 0.0, 0.0, 0.0, 0.0, 0.104573, 0.0]",mock_generator
1008202,MOCK-OIL_SA-012,oil_sands,Canada,294.2,44,9,"[0, 0, 0, 2, 0, 0, 0, 1, 0, 0, 7, 0, 0, 0, 0, 0, 0, 10, 0, 0, 0, 0, 0, 0, 0, 0, 0, 0, 0, 0, 0, 18, 0, 0, 0, 0, 1, 0, 0, 0, 0, 1, 2, 0, 0, 0, 0, 0, 0, 0, 2, 0]","[0.0, 0.0, 0.0, 0.090536, 0.0, 0.0, 0.0, 0.045268, 0.0, 0.0, 0.316875, 0.0, 0.0, 0.0, 0.0, 0.0, 0.0, 0.452679, 0.0, 0.0, 0.0, 0.0, 0.0, 0.0, 0.0, 0.0, 0.0, 0.0, 0.0, 0.0, 0.0, 0.814822, 0.0, 0.0, 0.0, 0.0, 0.045268, 0.0, 0.0, 0.0, 0.0, 0.045268, 0.090536, 0.0, 0.0, 0.0, 0.0, 0.0, 0.0, 0.0, 0.090536, 0.0]",mock_generator
1008203,MOCK-OIL_SA-013,oil_sands,Canada,284.2,32,7,"[0, 0, 0, 3, 0, 0, 0, 1, 0, 0, 3, 0, 0, 0, 0, 0, 0, 4, 0, 0, 0, 0, 0, 0, 0, 0, 0, 0, 0, 0, 0, 14, 0, 0, 0, 0, 0, 0, 0, 0, 0, 6, 0, 0, 0, 0, 0, 0, 0, 0, 1, 0]","[0.0, 0.0, 0.0, 0.183254, 0.0, 0.0, 0.0, 0.061085, 0.0, 0.0, 0.183254, 0.0, 0.0, 0.0, 0.0, 0.0, 0.0, 0.244339, 0.0, 0.0, 0.0, 0.0, 0.0, 0.0, 0.0, 0.0, 0.0, 0.0, 0.0, 0.0, 0.0, 0.855186, 0.0, 0.0, 0.0, 0.0, 0.0, 0.0, 0.0, 0.0, 0.0, 0.366508, 0.0, 0.0, 0.0, 0.0, 0.0, 0.0, 0.0, 0.0, 0.061085, 0.0]",mock_generator
1008224,MOCK-OIL_SA-014,oil_sands,Canada,719.5,82,10,"[2, 0, 0, 3, 0, 0, 0, 3, 0, 0, 5, 0, 0, 0, 0, 0, 0, 18, 0, 0, 0, 0, 0, 0, 0, 0, 0, 0, 0, 0, 0, 38, 0, 0, 0, 0, 2, 0, 0, 0, 0, 4, 2, 0, 0, 0, 0, 0, 0, 0, 5, 0]","[0.046324, 0.0, 0.0, 0.069486, 0.0, 0.0, 0.0, 0.069486, 0.0, 0.0, 0.11581, 0.0, 0.0, 0.0, 0.0, 0.0, 0.0, 0.416917, 0.0, 0.0, 0.0, 0.0, 0.0, 0.0, 0.0, 0.0, 0.0, 0.0, 0.0, 0.0, 0.0, 0.880158, 0.0, 0.0, 0.0, 0.0, 0.046324, 0.0, 0.0, 0.0, 0.0, 0.092648, 0.046324, 0.0, 0.0, 0.0, 0.0, 0.0, 0.0, 0.0, 0.11581, 0.0]",mock_generator
1008250,MOCK-OIL_SA-015,oil_sands,Canada,1959.7,81,9,"[2, 0, 0, 8, 0, 0, 0, 0, 0, 0, 4, 0, 0, 0, 0, 0, 0, 11, 0, 0, 0, 0, 0, 0, 0, 0, 0, 0, 0, 0, 0, 42, 0, 0, 0, 0, 2, 0, 0, 0, 0, 5, 2, 0, 0, 0, 0, 0, 0, 0, 5, 0]","[0.044423, 0.0, 0.0, 0.17769, 0.0, 0.0, 0.0, 0.0, 0.0, 0.0, 0.088845, 0.0, 0.0, 0.0, 0.0, 0.0, 0.0, 0.244324, 0.0, 0.0, 0.0, 0.0, 0.0, 0.0, 0.0, 0.0, 0.0, 0.0, 0.0, 0.0, 0.0, 0.932873, 0.0, 0.0, 0.0, 0.0, 0.044423, 0.0, 0.0, 0.0, 0.0, 0.111056, 0.044423, 0.0, 0.0, 0.0, 0.0, 0.0, 0.0, 0.0, 0.111056, 0.0]",mock_generator
1008262,MOCK-OIL_SA-016,oil_sands,Canada,764.4,59,9,"[0, 0, 0, 4, 0, 0, 0, 4, 0, 0, 2, 0, 0, 0, 0, 0, 0, 15, 0, 0, 0, 0, 0, 0, 0, 0, 0, 0, 0, 0, 0, 19, 0, 0, 0, 0, 4, 0, 0, 0, 0, 5, 2, 0, 0, 0, 0, 0, 0, 0, 4, 0]","[0.0, 0.0, 0.0, 0.153056, 0.0, 0.0, 0.0, 0.153056, 0.0, 0.0, 0.076528, 0.0, 0.0, 0.0, 0.0, 0.0, 0.0, 0.573959, 0.0, 0.0, 0.0, 0.0, 0.0, 0.0, 0.0, 0.0, 0.0, 0.0, 0.0, 0.0, 0.0, 0.727015, 0.0, 0.0, 0.0, 0.0, 0.153056, 0.0, 0.0, 0.0, 0.0, 0.19132, 0.076528, 0.0, 0.0, 0.0, 0.0, 0.0, 0.0, 0.0, 0.153056, 0.0]",mock_generator
1008299,MOCK-OIL_SA-017,oil_sands,Canada,899.3,75,8,"[1, 0, 0, 3, 0, 0, 0, 3, 0, 0, 5, 0, 0, 0, 0, 0, 0, 11, 0, 0, 0, 0, 0, 0, 0, 0, 0, 0, 0, 0, 0, 40, 0, 0, 0, 0, 0, 0, 0, 0, 0, 9, 0, 0, 0, 0, 0, 0, 0, 0, 3, 0]","[0.023218, 0.0, 0.0, 0.069655, 0.0, 0.0, 0.0, 0.069655, 0.0, 0.0, 0.116091, 0.0, 0.0, 0.0, 0.0, 0.0, 0.0, 0.2554, 0.0, 0.0, 0.0, 0.0, 0.0, 0.0, 0.0, 0.0, 0.0, 0.0, 0.0, 0.0, 0.0, 0.928727, 0.0, 0.0, 0.0, 0.0, 0.0, 0.0, 0.0, 0.0, 0.0, 0.208964, 0.0, 0.0, 0.0, 0.0, 0.0, 0.0, 0.0, 0.0, 0.069655, 0.0]",mock_generator
1008323,MOCK-OIL_SA-018,oil_sands,Canada,630.2,74,9,"[0, 0, 0, 4, 0, 0, 0, 2, 0, 0, 7, 0, 0, 0, 0, 0, 0, 14, 0, 0, 0, 0, 0, 0, 0, 0, 0, 0, 0, 0, 0, 32, 0, 0, 0, 0, 3, 0, 0, 0, 0, 5, 2, 0, 0, 0, 0, 0, 0, 0, 5, 0]","[0.0, 0.0, 0.0, 0.108786, 0.0, 0.0, 0.0, 0.054393, 0.0, 0.0, 0.190375, 0.0, 0.0, 0.0, 0.0, 0.0, 0.0, 0.38075, 0.0, 0.0, 0.0, 0.0, 0.0, 0.0, 0.0, 0.0, 0.0, 0.0, 0.0, 0.0, 0.0, 0.870285, 0.0, 0.0, 0.0, 0.0, 0.081589, 0.0, 0.0, 0.0, 0.0, 0.135982, 0.054393, 0.0, 0.0, 0.0, 0.0, 0.0, 0.0, 0.0, 0.135982, 0.0]",mock_generator
1008361,MOCK-OIL_SA-019,oil_sands,Canada,2043.7,110,9,"[0, 0, 0, 3, 0, 0, 0, 4, 0, 0, 13, 0, 0, 0, 0, 0, 0, 23, 0, 0, 0, 0, 0, 0, 0, 0, 0, 0, 0, 0, 0, 45, 0, 0, 0, 0, 4, 0, 0, 0, 0, 8, 4, 0, 0, 0, 0, 0, 0, 0, 6, 0]","[0.0, 0.0, 0.0, 0.055902, 0.0, 0.0, 0.0, 0.074536, 0.0, 0.0, 0.242241, 0.0, 0.0, 0.0, 0.0, 0.0, 0.0, 0.42858, 0.0, 0.0, 0.0, 0.0, 0.0, 0.0, 0.0, 0.0, 0.0, 0.0, 0.0, 0.0, 0.0, 0.838525, 0.0, 0.0, 0.0, 0.0, 0.074536, 0.0, 0.0, 0.0, 0.0, 0.149071, 0.074536, 0.0, 0.0, 0.0, 0.0, 0.0, 0.0, 0.0, 0.111803, 0.0]",mock_generator
1008383,MOCK-OIL_SA-020,oil_sands,Canada,1489.0,120,8,"[1, 0, 0, 0, 0, 0, 0, 2, 0, 0, 5, 0, 0, 0, 0, 0, 0, 22, 0, 0, 0, 0, 0, 0, 0, 0, 0, 0, 0, 0, 0, 68, 0, 0, 0, 0, 5, 0, 0, 0, 0, 12, 0, 0, 0, 0, 0, 0, 0, 0, 5, 0]","[0.013695, 0.0, 0.0, 0.0, 0.0, 0.0, 0.0, 0.02739, 0.0, 0.0, 0.068474, 0.0, 0.0, 0.0, 0.0, 0.0, 0.0, 0.301285, 0.0, 0.0, 0.0, 0.0, 0.0, 0.0, 0.0, 0.0, 0.0, 0.0, 0.0, 0.0, 0.0, 0.931245, 0.0, 0.0, 0.0, 0.0, 0.068474, 0.0, 0.0, 0.0, 0.0, 0.164337, 0.0, 0.0, 0.0, 0.0, 0.0, 0.0, 0.0, 0.0, 0.068474, 0.0]",mock_generator
1008408,MOCK-OIL_SA-021,oil_sands,Canada,880.8,86,10,"[1, 0, 0, 5, 0, 0, 0, 3, 0, 0, 10, 0, 0, 0, 0, 0, 0, 18, 0, 0, 0, 0, 0, 0, 0, 0, 0, 0, 0, 0, 0, 27, 0, 0, 0, 0, 2, 0, 0, 0, 0, 10, 2, 0, 0, 0, 0, 0, 0, 0, 8, 0]","[0.027116, 0.0, 0.0, 0.135582, 0.0, 0.0, 0.0, 0.081349, 0.0, 0.0, 0.271163, 0.0, 0.0, 0.0, 0.0, 0.0, 0.0, 0.488094, 0.0, 0.0, 0.0, 0.0, 0.0, 0.0, 0.0, 0.0, 0.0, 0.0, 0.0, 0.0, 0.0, 0.73214, 0.0, 0.0, 0.0, 0.0, 0.054233, 0.0, 0.0, 0.0, 0.0, 0.271163, 0.054233, 0.0, 0.0, 0.0, 0.0, 0.0, 0.0, 0.0, 0.21693, 0.0]",mock_generator
1008432,MOCK-OIL_SA-022,oil_sands,Canada,601.9,58,10,"[1, 0, 0, 2, 0, 0, 0, 2, 0, 0, 4, 0, 0, 0, 0, 0, 0, 9, 0, 0, 0, 0, 0, 0, 0, 0, 0, 0, 0, 0, 0, 25, 0, 0, 0, 0, 4, 0, 0, 0, 0, 6, 1, 0, 0, 0, 0, 0, 0, 0, 4, 0]","[0.035355, 0.0, 0.0, 0.070711, 0.0, 0.0, 0.0, 0.070711, 0.0, 0.0, 0.141421, 0.0, 0.0, 0.0, 0.0, 0.0, 0.0, 0.318198, 0.0, 0.0, 0.0, 0.0, 0.0, 0.0, 0.0, 0.0, 0.0, 0.0, 0.0, 0.0, 0.0, 0.883883, 0.0, 0.0, 0.0, 0.0, 0.141421, 0.0, 0.0, 0.0, 0.0, 0.212132, 0.035355, 0.0, 0.0, 0.0, 0.0, 0.0, 0.0, 0.0, 0.141421, 0.0]",mock_generator
1008450,MOCK-OIL_SA-023,oil_sands,Canada,2564.2,172,10,"[2, 0, 0, 8, 0, 0, 0, 2, 0, 0, 6, 0, 0, 0, 0, 0, 0, 25, 0, 0, 0, 0, 0, 0, 0, 0, 0, 0, 0, 0, 0, 100, 0, 0, 0, 0, 5, 0, 0, 0, 0, 8, 2, 0, 0, 0, 0, 0, 0, 0, 14, 0]","[0.01905, 0.0, 0.0, 0.076201, 0.0, 0.0, 0.0, 0.01905, 0.0, 0.0, 0.057151, 0.0, 0.0, 0.0, 0.0, 0.0, 0.0, 0.238128, 0.0, 0.0, 0.0, 0.0, 0.0, 0.0, 0.0, 0.0, 0.0, 0.0, 0.0, 0.0, 0.0, 0.952511, 0.0, 0.0, 0.0, 0.0, 0.047626, 0.0, 0.0, 0.0, 0.0, 0.076201, 0.01905, 0.0, 0.0, 0.0, 0.0, 0.0, 0.0, 0.0, 0.133351, 0.0]",mock_generator
1008460,MOCK-OIL_SA-024,oil_sands,Canada,2769.1,142,9,"[0, 0, 0, 9, 0, 0, 0, 3, 0, 0, 11, 0, 0, 0, 0, 0, 0, 14, 0, 0, 0, 0, 0, 0, 0, 0, 0, 0, 0, 0, 0, 76, 0, 0, 0, 0, 6, 0, 0, 0, 0, 11, 4, 0, 0, 0, 0, 0, 0, 0, 8, 0]","[0.0, 0.0, 0.0, 0.112325, 0.0, 0.0, 0.0, 0.037442, 0.0, 0.0, 0.137286, 0.0, 0.0, 0.0, 0.0, 0.0, 0.0, 0.174727, 0.0, 0.0, 0.0, 0.0, 0.0, 0.0, 0.0, 0.0, 0.0, 0.0, 0.0, 0.0, 0.0, 0.948519, 0.0, 0.0, 0.0, 0.0, 0.074883, 0.0, 0.0, 0.0, 0.0, 0.137286, 0.049922, 0.0, 0.0, 0.0, 0.0, 0.0, 0.0, 0.0, 0.099844, 0.0]",mock_generator
1008476,MOCK-OIL_SA-025,oil_sands,Canada,798.8,63,8,"[3, 0, 0, 5, 0, 0, 0, 0, 0, 0, 3, 0, 0, 0, 0, 0, 0, 10, 0, 0, 0, 0, 0, 0, 0, 0, 0, 0, 0, 0, 0, 30, 0, 0, 0, 0, 3, 0, 0, 0, 0, 4, 0, 0, 0, 0, 0, 0, 0, 0, 5, 0]","[0.090743, 0.0, 0.0, 0.151238, 0.0, 0.0, 0.0, 0.0, 0.0, 0.0, 0.090743, 0.0, 0.0, 0.0, 0.0, 0.0, 0.0, 0.302475, 0.0, 0.0, 0.0, 0.0, 0.0, 0.0, 0.0, 0.0, 0.0, 0.0, 0.0, 0.0, 0.0, 0.907426, 0.0, 0.0, 0.0, 0.0, 0.090743, 0.0, 0.0, 0.0, 0.0, 0.12099, 0.0, 0.0, 0.0, 0.0, 0.0, 0.0, 0.0, 0.0, 0.151238, 0.0]",mock_generator
1008486,MOCK-REFINE-001,refinery_grassroot,India,9766.9,7761,11,"[0, 0, 12, 0, 0, 0, 0, 0, 113, 0, 412, 0, 0, 0, 0, 0, 0, 0, 8, 4881, 0, 0, 0, 0, 0, 0, 0, 0, 0, 0, 0, 415, 19, 0, 0, 0, 0, 0, 0, 0, 0, 54, 0, 27, 0, 0, 0, 0, 0, 1771, 49, 0]","[0.0, 0.0, 0.002296, 0.0, 0.0, 0.0, 0.0, 0.0, 0.021618, 0.0, 0.078821, 0.0, 0.0, 0.0, 0.0, 0.0, 0.0, 0.0, 0.001531, 0.933798, 0.0, 0.0, 0.0, 0.0, 0.0, 0.0, 0.0, 0.0, 0.0, 0.0, 0.0, 0.079395, 0.003635, 0.0, 0.0, 0.0, 0.0, 0.0, 0.0, 0.0, 0.0, 0.010331, 0.0, 0.005165, 0.0, 0.0, 0.0, 0.0, 0.0, 0.338815, 0.009374, 0.0]",mock_generator
1008511,MOCK-REFINE-002,refinery_grassroot,Saudi Arabia,8851.1,5355,11,"[0, 0, 6, 0, 0, 0, 0, 0, 78, 0, 265, 0, 0, 0, 0, 0, 0, 0, 20, 3860, 0, 0, 0, 0, 0, 0, 0, 0, 0, 0, 0, 303, 15, 0, 0, 0, 0, 0, 0, 0, 0, 40, 0, 42, 0, 0, 0, 0, 0, 653, 73, 0]","[0.0, 0.0, 0.001524, 0.0, 0.0, 0.0, 0.0, 0.0, 0.01981, 0.0, 0.067303, 0.0, 0.0, 0.0, 0.0, 0.0, 0.0, 0.0, 0.005079, 0.980331, 0.0, 0.0, 0.0, 0.0, 0.0, 0.0, 0.0, 0.0, 0.0, 0.0, 0.0, 0.076953, 0.00381, 0.0, 0.0, 0.0, 0.0, 0.0, 0.0, 0.0, 0.0, 0.010159, 0.0, 0.010667, 0.0, 0.0, 0.0, 0.0, 0.0, 0.165844, 0.01854, 0.0]",mock_generator
1008529,MOCK-REFINE-003,refinery_grassroot,China,8771.3,7365,10,"[0, 0, 0, 0, 0, 0, 0, 0, 89, 0, 210, 0, 0, 0, 0, 0, 0, 0, 4, 4734, 0, 0, 0, 0, 0, 0, 0, 0, 0, 0, 0, 442, 11, 0, 0, 0, 0, 0, 0, 0, 0, 27, 0, 37, 0, 0, 0, 0, 0, 1748, 63, 0]","[0.0, 0.0, 0.0, 0.0, 0.0, 0.0, 0.0, 0.0, 0.017549, 0.0, 0.041408, 0.0, 0.0, 0.0, 0.0, 0.0, 0.0, 0.0, 0.000789, 0.933456, 0.0, 0.0, 0.0, 0.0, 0.0, 0.0, 0.0, 0.0, 0.0, 0.0, 0.0, 0.087154, 0.002169, 0.0, 0.0, 0.0, 0.0, 0.0, 0.0, 0.0, 0.0, 0.005324, 0.0, 0.007296, 0.0, 0.0, 0.0, 0.0, 0.0, 0.344673, 0.012422, 0.0]",mock_generator
1008560,MOCK-REFINE-004,refinery_grassroot,Singapore,4434.8,4130,11,"[0, 0, 18, 0, 0, 0, 0, 0, 60, 0, 235, 0, 0, 0, 0, 0, 0, 0, 10, 2135, 0, 0, 0, 0, 0, 0, 0, 0, 0, 0, 0, 226, 10, 0, 0, 0, 0, 0, 0, 0, 0, 47, 0, 27, 0, 0, 0, 0, 0, 1331, 31, 0]","[0.0, 0.0, 0.007091, 0.0, 0.0, 0.0, 0.0, 0.0, 0.023636, 0.0, 0.092573, 0.0, 0.0, 0.0, 0.0, 0.0, 0.0, 0.0, 0.003939, 0.84104, 0.0, 0.0, 0.0, 0.0, 0.0, 0.0, 0.0, 0.0, 0.0, 0.0, 0.0, 0.089028, 0.003939, 0.0, 0.0, 0.0, 0.0, 0.0, 0.0, 0.0, 0.0, 0.018515, 0.0, 0.010636, 0.0, 0.0, 0.0, 0.0, 0.0, 0.52432, 0.012212, 0.0]",mock_generator
1008584,MOCK-REFINE-005,refinery_grassroot,China,2958.9,4168,11,"[0, 0, 12, 0, 0, 0, 0, 0, 46, 0, 213, 0, 0, 0, 0, 0, 0, 0, 7, 2540, 0, 0, 0, 0, 0, 0, 0, 0, 0, 0, 0, 108, 10, 0, 0, 0, 0, 0, 0, 0, 0, 37, 0, 24, 0, 0, 0, 0, 0, 1151, 20, 0]","[0.0, 0.0, 0.004286, 0.0, 0.0, 0.0, 0.0, 0.0, 0.01643, 0.0, 0.07608, 0.0, 0.0, 0.0, 0.0, 0.0, 0.0, 0.0, 0.0025, 0.907248, 0.0, 0.0, 0.0, 0.0, 0.0, 0.0, 0.0, 0.0, 0.0, 0.0, 0.0, 0.038576, 0.003572, 0.0, 0.0, 0.0, 0.0, 0.0, 0.0, 0.0, 0.0, 0.013216, 0.0, 0.008572, 0.0, 0.0, 0.0, 0.0, 0.0, 0.411119, 0.007144, 0.0]",mock_generator
1008592,MOCK-REFINE-006,refinery_grassroot,Saudi Arabia,4110.7,4466,11,"[0, 0, 23, 0, 0, 0, 0, 0, 33, 0, 185, 0, 0, 0, 0, 0, 0, 0, 11, 3426, 0, 0, 0, 0, 0, 0, 0, 0, 0, 0, 0, 98, 15, 0, 0, 0, 0, 0, 0, 0, 0, 21, 0, 43, 0, 0, 0, 0, 0, 564, 47, 0]","[0.0, 0.0, 0.00661, 0.0, 0.0, 0.0, 0.0, 0.0, 0.009485, 0.0, 0.053171, 0.0, 0.0, 0.0, 0.0, 0.0, 0.0, 0.0, 0.003162, 0.984667, 0.0, 0.0, 0.0, 0.0, 0.0, 0.0, 0.0, 0.0, 0.0, 0.0, 0.0, 0.028166, 0.004311, 0.0, 0.0, 0.0, 0.0, 0.0, 0.0, 0.0, 0.0, 0.006036, 0.0, 0.012359, 0.0, 0.0, 0.0, 0.0, 0.0, 0.162099, 0.013508, 0.0]",mock_generator
1008626,MOCK-REFINE-007,refinery_grassroot,Singapore,3437.5,3714,11,"[0, 0, 16, 0, 0, 0, 0, 0, 60, 0, 147, 0, 0, 0, 0, 0, 0, 0, 13, 2270, 0, 0, 0, 0, 0, 0, 0, 0, 0, 0, 0, 101, 10, 0, 0, 0, 0, 0, 0, 0, 0, 65, 0, 21, 0, 0, 0, 0, 0, 981, 30, 0]","[0.0, 0.0, 0.006448, 0.0, 0.0, 0.0, 0.0, 0.0, 0.024181, 0.0, 0.059244, 0.0, 0.0, 0.0, 0.0, 0.0, 0.0, 0.0, 0.005239, 0.91485, 0.0, 0.0, 0.0, 0.0, 0.0, 0.0, 0.0, 0.0, 0.0, 0.0, 0.0, 0.040705, 0.00403, 0.0, 0.0, 0.0, 0.0, 0.0, 0.0, 0.0, 0.0, 0.026196, 0.0, 0.008463, 0.0, 0.0, 0.0, 0.0, 0.0, 0.39536, 0.012091, 0.0]",mock_generator
1008631,MOCK-REFINE-008,refinery_grassroot,Saudi Arabia,7025.0,5274,11,"[0, 0, 14, 0, 0, 0, 0, 0, 51, 0, 175, 0, 0, 0, 0, 0, 0, 0, 15, 3081, 0, 0, 0, 0, 0, 0, 0, 0, 0, 0, 0, 136, 21, 0, 0, 0, 0, 0, 0, 0, 0, 21, 0, 29, 0, 0, 0, 0, 0, 1658, 73, 0]","[0.0, 0.0, 0.003992, 0.0, 0.0, 0.0, 0.0, 0.0, 0.014541, 0.0, 0.049897, 0.0, 0.0, 0.0, 0.0, 0.0, 0.0, 0.0, 0.004277, 0.878469, 0.0, 0.0, 0.0, 0.0, 0.0, 0.0, 0.0, 0.0, 0.0, 0.0, 0.0, 0.038777, 0.005988, 0.0, 0.0, 0.0, 0.0, 0.0, 0.0, 0.0, 0.0, 0.005988, 0.0, 0.008269, 0.0, 0.0, 0.0, 0.0, 0.0, 0.472737, 0.020814, 0.0]",mock_generator
1008653,MOCK-REFINE-009,refinery_grassroot,Singapore,8172.9,4954,11,"[0, 0, 13, 0, 0, 0, 0, 0, 9, 0, 305, 0, 0, 0, 0, 0, 0, 0, 11, 2827, 0, 0, 0, 0, 0, 0, 0, 0, 0, 0, 0, 106, 13, 0, 0, 0, 0, 0, 0, 0, 0, 28, 0, 46, 0, 0, 0, 0, 0, 1528, 68, 0]","[0.0, 0.0, 0.004024, 0.0, 0.0, 0.0, 0.0, 0.0, 0.002786, 0.0, 0.094399, 0.0, 0.0, 0.0, 0.0, 0.0, 0.0, 0.0, 0.003405, 0.874975, 0.0, 0.0, 0.0, 0.0, 0.0, 0.0, 0.0, 0.0, 0.0, 0.0, 0.0, 0.032808, 0.004024, 0.0, 0.0, 0.0, 0.0, 0.0, 0.0, 0.0, 0.0, 0.008666, 0.0, 0.014237, 0.0, 0.0, 0.0, 0.0, 0.0, 0.472926, 0.021046, 0.0]",mock_generator
1008655,MOCK-REFINE-010,refinery_grassroot,Singapore,3742.8,4166,11,"[0, 0, 8, 0, 0, 0, 0, 0, 58, 0, 100, 0, 0, 0, 0, 0, 0, 0, 12, 3291, 0, 0, 0, 0, 0, 0, 0, 0, 0, 0, 0, 218, 13, 0, 0, 0, 0, 0, 0, 0, 0, 41, 0, 11, 0, 0, 0, 0, 0, 384, 30, 0]","[0.0, 0.0, 0.002407, 0.0, 0.0, 0.0, 0.0, 0.0, 0.017454, 0.0, 0.030094, 0.0, 0.0, 0.0, 0.0, 0.0, 0.0, 0.0, 0.003611, 0.99038, 0.0, 0.0, 0.0, 0.0, 0.0, 0.0, 0.0, 0.0, 0.0, 0.0, 0.0, 0.065604, 0.003912, 0.0, 0.0, 0.0, 0.0, 0.0, 0.0, 0.0, 0.0, 0.012338, 0.0, 0.00331, 0.0, 0.0, 0.0, 0.0, 0.0, 0.115559, 0.009028, 0.0]",mock_generator
1008693,MOCK-REFINE-011,refinery_grassroot,Saudi Arabia,5606.1,4858,11,"[0, 0, 17, 0, 0, 0, 0, 0, 40, 0, 263, 0, 0, 0, 0, 0, 0, 0, 12, 3464, 0, 0, 0, 0, 0, 0, 0, 0, 0, 0, 0, 328, 5, 0, 0, 0, 0, 0, 0, 0, 0, 42, 0, 21, 0, 0, 0, 0, 0, 637, 29, 0]","[0.0, 0.0, 0.004792, 0.0, 0.0, 0.0, 0.0, 0.0, 0.011275, 0.0, 0.07413, 0.0, 0.0, 0.0, 0.0, 0.0, 0.0, 0.0, 0.003382, 0.976378, 0.0, 0.0, 0.0, 0.0, 0.0, 0.0, 0.0, 0.0, 0.0, 0.0, 0.0, 0.092452, 0.001409, 0.0, 0.0, 0.0, 0.0, 0.0, 0.0, 0.0, 0.0, 0.011838, 0.0, 0.005919, 0.0, 0.0, 0.0, 0.0, 0.0, 0.179548, 0.008174, 0.0]",mock_generator
1008730,MOCK-REFINE-012,refinery_grassroot,Saudi Arabia,3010.4,3621,11,"[0, 0, 9, 0, 0, 0, 0, 0, 57, 0, 227, 0, 0, 0, 0, 0, 0, 0, 12, 2371, 0, 0, 0, 0, 0, 0, 0, 0, 0, 0, 0, 191, 12, 0, 0, 0, 0, 0, 0, 0, 0, 24, 0, 25, 0, 0, 0, 0, 0, 676, 17, 0]","[0.0, 0.0, 0.003623, 0.0, 0.0, 0.0, 0.0, 0.0, 0.022944, 0.0, 0.091374, 0.0, 0.0, 0.0, 0.0, 0.0, 0.0, 0.0, 0.00483, 0.954394, 0.0, 0.0, 0.0, 0.0, 0.0, 0.0, 0.0, 0.0, 0.0, 0.0, 0.0, 0.076883, 0.00483, 0.0, 0.0, 0.0, 0.0, 0.0, 0.0, 0.0, 0.0, 0.009661, 0.0, 0.010063, 0.0, 0.0, 0.0, 0.0, 0.0, 0.272109, 0.006843, 0.0]",mock_generator
1008737,MOCK-REFINE-013,refinery_grassroot,India,3086.2,3176,11,"[0, 0, 9, 0, 0, 0, 0, 0, 30, 0, 170, 0, 0, 0, 0, 0, 0, 0, 14, 1934, 0, 0, 0, 0, 0, 0, 0, 0, 0, 0, 0, 203, 10, 0, 0, 0, 0, 0, 0, 0, 0, 9, 0, 19, 0, 0, 0, 0, 0, 757, 21, 0]","[0.0, 0.0, 0.004298, 0.0, 0.0, 0.0, 0.0, 0.0, 0.014325, 0.0, 0.081177, 0.0, 0.0, 0.0, 0.0, 0.0, 0.0, 0.0, 0.006685, 0.923503, 0.0, 0.0, 0.0, 0.0, 0.0, 0.0, 0.0, 0.0, 0.0, 0.0, 0.0, 0.096934, 0.004775, 0.0, 0.0, 0.0, 0.0, 0.0, 0.0, 0.0, 0.0, 0.004298, 0.0, 0.009073, 0.0, 0.0, 0.0, 0.0, 0.0, 0.361475, 0.010028, 0.0]",mock_generator
1008755,MOCK-REFINE-014,refinery_grassroot,China,2723.4,2563,11,"[0, 0, 5, 0, 0, 0, 0, 0, 49, 0, 219, 0, 0, 0, 0, 0, 0, 0, 18, 1482, 0, 0, 0, 0, 0, 0, 0, 0, 0, 0, 0, 124, 11, 0, 0, 0, 0, 0, 0, 0, 0, 12, 0, 11, 0, 0, 0, 0, 0, 601, 31, 0]","[0.0, 0.0, 0.003086, 0.0, 0.0, 0.0, 0.0, 0.0, 0.030244, 0.0, 0.135171, 0.0, 0.0, 0.0, 0.0, 0.0, 0.0, 0.0, 0.01111, 0.914717, 0.0, 0.0, 0.0, 0.0, 0.0, 0.0, 0.0, 0.0, 0.0, 0.0, 0.0, 0.076535, 0.006789, 0.0, 0.0, 0.0, 0.0, 0.0, 0.0, 0.0, 0.0, 0.007407, 0.0, 0.006789, 0.0, 0.0, 0.0, 0.0, 0.0, 0.370948, 0.019134, 0.0]",mock_generator
1008772,MOCK-REFINE-015,refinery_grassroot,China,2337.9,1854,11,"[0, 0, 8, 0, 0, 0, 0, 0, 43, 0, 115, 0, 0, 0, 0, 0, 0, 0, 4, 786, 0, 0, 0, 0, 0, 0, 0, 0, 0, 0, 0, 108, 5, 0, 0, 0, 0, 0, 0, 0, 0, 37, 0, 17, 0, 0, 0, 0, 0, 704, 27, 0]","[0.0, 0.0, 0.007484, 0.0, 0.0, 0.0, 0.0, 0.0, 0.040227, 0.0, 0.107583, 0.0, 0.0, 0.0, 0.0, 0.0, 0.0, 0.0, 0.003742, 0.735305, 0.0, 0.0, 0.0, 0.0, 0.0, 0.0, 0.0, 0.0, 0.0, 0.0, 0.0, 0.101034, 0.004678, 0.0, 0.0, 0.0, 0.0, 0.0, 0.0, 0.0, 0.0, 0.034614, 0.0, 0.015904, 0.0, 0.0, 0.0, 0.0, 0.0, 0.658594, 0.025259, 0.0]",mock_generator
1008775,MOCK-REFINE-016,refinery_grassroot,Saudi Arabia,3660.8,4572,11,"[0, 0, 12, 0, 0, 0, 0, 0, 25, 0, 194, 0, 0, 0, 0, 0, 0, 0, 18, 2708, 0, 0, 0, 0, 0, 0, 0, 0, 0, 0, 0, 208, 5, 0, 0, 0, 0, 0, 0, 0, 0, 33, 0, 22, 0, 0, 0, 0, 0, 1302, 45, 0]","[0.0, 0.0, 0.003975, 0.0, 0.0, 0.0, 0.0, 0.0, 0.008281, 0.0, 0.064261, 0.0, 0.0, 0.0, 0.0, 0.0, 0.0, 0.0, 0.005962, 0.896999, 0.0, 0.0, 0.0, 0.0, 0.0, 0.0, 0.0, 0.0, 0.0, 0.0, 0.0, 0.068898, 0.001656, 0.0, 0.0, 0.0, 0.0, 0.0, 0.0, 0.0, 0.0, 0.010931, 0.0, 0.007287, 0.0, 0.0, 0.0, 0.0, 0.0, 0.431275, 0.014906, 0.0]",mock_generator
1008808,MOCK-REFINE-017,refinery_grassroot,Singapore,6524.6,4108,11,"[0, 0, 17, 0, 0, 0, 0, 0, 64, 0, 302, 0, 0, 0, 0, 0, 0, 0, 7, 2154, 0, 0, 0, 0, 0, 0, 0, 0, 0, 0, 0, 194, 7, 0, 0, 0, 0, 0, 0, 0, 0, 14, 0, 23, 0, 0, 0, 0, 0, 1277, 49, 0]","[0.0, 0.0, 0.006716, 0.0, 0.0, 0.0, 0.0, 0.0, 0.025285, 0.0, 0.119312, 0.0, 0.0, 0.0, 0.0, 0.0, 0.0, 0.0, 0.002766, 0.850985, 0.0, 0.0, 0.0, 0.0, 0.0, 0.0, 0.0, 0.0, 0.0, 0.0, 0.0, 0.076644, 0.002766, 0.0, 0.0, 0.0, 0.0, 0.0, 0.0, 0.0, 0.0, 0.005531, 0.0, 0.009087, 0.0, 0.0, 0.0, 0.0, 0.0, 0.504507, 0.019359, 0.0]",mock_generator
1008832,MOCK-REFINE-018,refinery_grassroot,Saudi Arabia,2435.9,1904,11,"[0, 0, 8, 0, 0, 0, 0, 0, 38, 0, 116, 0, 0, 0, 0, 0, 0, 0, 6, 1013, 0, 0, 0, 0, 0, 0, 0, 0, 0, 0, 0, 214, 11, 0, 0, 0, 0, 0, 0, 0, 0, 27, 0, 11, 0, 0, 0, 0, 0, 430, 30, 0]","[0.0, 0.0, 0.007088, 0.0, 0.0, 0.0, 0.0, 0.0, 0.03367, 0.0, 0.102782, 0.0, 0.0, 0.0, 0.0, 0.0, 0.0, 0.0, 0.005316, 0.897573, 0.0, 0.0, 0.0, 0.0, 0.0, 0.0, 0.0, 0.0, 0.0, 0.0, 0.0, 0.189616, 0.009747, 0.0, 0.0, 0.0, 0.0, 0.0, 0.0, 0.0, 0.0, 0.023923, 0.0, 0.009747, 0.0, 0.0, 0.0, 0.0, 0.0, 0.381003, 0.026582, 0.0]",mock_generator
1008868,MOCK-REFINE-019,refinery_grassroot,United States,9717.7,5671,11,"[0, 0, 12, 0, 0, 0, 0, 0, 96, 0, 163, 0, 0, 0, 0, 0, 0, 0, 21, 3144, 0, 0, 0, 0, 0, 0, 0, 0, 0, 0, 0, 337, 8, 0, 0, 0, 0, 0, 0, 0, 0, 73, 0, 22, 0, 0, 0, 0, 0, 1749, 46, 0]","[0.0, 0.0, 0.003315, 0.0, 0.0, 0.0, 0.0, 0.0, 0.026522, 0.0, 0.045032, 0.0, 0.0, 0.0, 0.0, 0.0, 0.0, 0.0, 0.005802, 0.868599, 0.0, 0.0, 0.0, 0.0, 0.0, 0.0, 0.0, 0.0, 0.0, 0.0, 0.0, 0.093104, 0.00221, 0.0, 0.0, 0.0, 0.0, 0.0, 0.0, 0.0, 0.0, 0.020168, 0.0, 0.006078, 0.0, 0.0, 0.0, 0.0, 0.0, 0.4832, 0.012709, 0.0]",mock_generator
1008895,MOCK-REFINE-020,refinery_grassroot,United States,2703.9,2681,11,"[0, 0, 10, 0, 0, 0, 0, 0, 40, 0, 73, 0, 0, 0, 0, 0, 0, 0, 11, 1655, 0, 0, 0, 0, 0, 0, 0, 0, 0, 0, 0, 187, 7, 0, 0, 0, 0, 0, 0, 0, 0, 22, 0, 15, 0, 0, 0, 0, 0, 627, 34, 0]","[0.0, 0.0, 0.005611, 0.0, 0.0, 0.0, 0.0, 0.0, 0.022444, 0.0, 0.040961, 0.0, 0.0, 0.0, 0.0, 0.0, 0.0, 0.0, 0.006172, 0.928635, 0.0, 0.0, 0.0, 0.0, 0.0, 0.0, 0.0, 0.0, 0.0, 0.0, 0.0, 0.104927, 0.003928, 0.0, 0.0, 0.0, 0.0, 0.0, 0.0, 0.0, 0.0, 0.012344, 0.0, 0.008417, 0.0, 0.0, 0.0, 0.0, 0.0, 0.351815, 0.019078, 0.0]",mock_generator
1008923,MOCK-ONSHOR-001,onshore_conventional,Kazakhstan,517.1,124,10,"[0, 0, 4, 0, 0, 0, 0, 0, 0, 0, 4, 0, 0, 0, 0, 0, 3, 0, 3, 0, 0, 0, 0, 0, 0, 0, 0, 0, 0, 0, 0, 17, 0, 0, 0, 7, 0, 0, 0, 0, 0, 5, 0, 0, 0, 0, 0, 0, 0, 52, 4, 25]","[0.0, 0.0, 0.06525, 0.0, 0.0, 0.0, 0.0, 0.0, 0.0, 0.0, 0.06525, 0.0, 0.0, 0.0, 0.0, 0.0, 0.048938, 0.0, 0.048938, 0.0, 0.0, 0.0, 0.0, 0.0, 0.0, 0.0, 0.0, 0.0, 0.0, 0.0, 0.0, 0.277313, 0.0, 0.0, 0.0, 0.114188, 0.0, 0.0, 0.0, 0.0, 0.0, 0.081563, 0.0, 0.0, 0.0, 0.0, 0.0, 0.0, 0.0, 0.848252, 0.06525, 0.407814]",mock_generator
1008943,MOCK-ONSHOR-002,onshore_conventional,Chad,161.7,74,10,"[0, 0, 3, 0, 0, 0, 0, 0, 0, 0, 3, 0, 0, 0, 0, 0, 1, 0, 1, 0, 0, 0, 0, 0, 0, 0, 0, 0, 0, 0, 0, 10, 0, 0, 0, 2, 0, 0, 0, 0, 0, 4, 0, 0, 0, 0, 0, 0, 0, 33, 3, 14]","[0.0, 0.0, 0.079222, 0.0, 0.0, 0.0, 0.0, 0.0, 0.0, 0.0, 0.079222, 0.0, 0.0, 0.0, 0.0, 0.0, 0.026407, 0.0, 0.026407, 0.0, 0.0, 0.0, 0.0, 0.0, 0.0, 0.0, 0.0, 0.0, 0.0, 0.0, 0.0, 0.264074, 0.0, 0.0, 0.0, 0.052815, 0.0, 0.0, 0.0, 0.0, 0.0, 0.10563, 0.0, 0.0, 0.0, 0.0, 0.0, 0.0, 0.0, 0.871444, 0.079222, 0.369703]",mock_generator
1008972,MOCK-ONSHOR-003,onshore_conventional,Iraq,296.5,104,10,"[0, 0, 3, 0, 0, 0, 0, 0, 0, 0, 2, 0, 0, 0, 0, 0, 2, 0, 2, 0, 0, 0, 0, 0, 0, 0, 0, 0, 0, 0, 0, 14, 0, 0, 0, 3, 0, 0, 0, 0, 0, 7, 0, 0, 0, 0, 0, 0, 0, 54, 4, 13]","[0.0, 0.0, 0.051632, 0.0, 0.0, 0.0, 0.0, 0.0, 0.0, 0.0, 0.034421, 0.0, 0.0, 0.0, 0.0, 0.0, 0.034421, 0.0, 0.034421, 0.0, 0.0, 0.0, 0.0, 0.0, 0.0, 0.0, 0.0, 0.0, 0.0, 0.0, 0.0, 0.24095, 0.0, 0.0, 0.0, 0.051632, 0.0, 0.0, 0.0, 0.0, 0.0, 0.120475, 0.0, 0.0, 0.0, 0.0, 0.0, 0.0, 0.0, 0.929378, 0.068843, 0.223739]",mock_generator
1009000,MOCK-ONSHOR-004,onshore_conventional,United States,583.0,115,10,"[0, 0, 3, 0, 0, 0, 0, 0, 0, 0, 10, 0, 0, 0, 0, 0, 4, 0, 6, 0, 0, 0, 0, 0, 0, 0, 0, 0, 0, 0, 0, 21, 0, 0, 0, 3, 0, 0, 0, 0, 0, 10, 0, 0, 0, 0, 0, 0, 0, 33, 4, 21]","[0.0, 0.0, 0.063147, 0.0, 0.0, 0.0, 0.0, 0.0, 0.0, 0.0, 0.210491, 0.0, 0.0, 0.0, 0.0, 0.0, 0.084197, 0.0, 0.126295, 0.0, 0.0, 0.0, 0.0, 0.0, 0.0, 0.0, 0.0, 0.0, 0.0, 0.0, 0.0, 0.442032, 0.0, 0.0, 0.0, 0.063147, 0.0, 0.0, 0.0, 0.0, 0.0, 0.210491, 0.0, 0.0, 0.0, 0.0, 0.0, 0.0, 0.0, 0.694621, 0.084197, 0.442032]",mock_generator
1009030,MOCK-ONSHOR-005,onshore_conventional,United States,1000.0,144,10,"[0, 0, 6, 0, 0, 0, 0, 0, 0, 0, 13, 0, 0, 0, 0, 0, 5, 0, 3, 0, 0, 0, 0, 0, 0, 0, 0, 0, 0, 0, 0, 26, 0, 0, 0, 8, 0, 0, 0, 0, 0, 10, 0, 0, 0, 0, 0, 0, 0, 43, 9, 21]","[0.0, 0.0, 0.102151, 0.0, 0.0, 0.0, 0.0, 0.0, 0.0, 0.0, 0.221327, 0.0, 0.0, 0.0, 0.0, 0.0, 0.085126, 0.0, 0.051075, 0.0, 0.0, 0.0, 0.0, 0.0, 0.0, 0.0, 0.0, 0.0, 0.0, 0.0, 0.0, 0.442653, 0.0, 0.0, 0.0, 0.136201, 0.0, 0.0, 0.0, 0.0, 0.0, 0.170251, 0.0, 0.0, 0.0, 0.0, 0.0, 0.0, 0.0, 0.732081, 0.153226, 0.357528]",mock_generator
1009033,MOCK-ONSHOR-006,onshore_conventional,Kazakhstan,259.7,86,10,"[0, 0, 1, 0, 0, 0, 0, 0, 0, 0, 5, 0, 0, 0, 0, 0, 2, 0, 1, 0, 0, 0, 0, 0, 0, 0, 0, 0, 0, 0, 0, 14, 0, 0, 0, 6, 0, 0, 0, 0, 0, 10, 0, 0, 0, 0, 0, 0, 0, 33, 2, 12]","[0.0, 0.0, 0.025, 0.0, 0.0, 0.0, 0.0, 0.0, 0.0, 0.0, 0.125, 0.0, 0.0, 0.0, 0.0, 0.0, 0.05, 0.0, 0.025, 0.0, 0.0, 0.0, 0.0, 0.0, 0.0, 0.0, 0.0, 0.0, 0.0, 0.0, 0.0, 0.35, 0.0, 0.0, 0.0, 0.15, 0.0, 0.0, 0.0, 0.0, 0.0, 0.25, 0.0, 0.0, 0.0, 0.0, 0.0, 0.0, 0.0, 0.825, 0.05, 0.3]",mock_generator
1009039,MOCK-ONSHOR-007,onshore_conventional,Chad,531.8,92,10,"[0, 0, 2, 0, 0, 0, 0, 0, 0, 0, 12, 0, 0, 0, 0, 0, 1, 0, 3, 0, 0, 0, 0, 0, 0, 0, 0, 0, 0, 0, 0, 14, 0, 0, 0, 6, 0, 0, 0, 0, 0, 6, 0, 0, 0, 0, 0, 0, 0, 24, 6, 18]","[0.0, 0.0, 0.054193, 0.0, 0.0, 0.0, 0.0, 0.0, 0.0, 0.0, 0.325157, 0.0, 0.0, 0.0, 0.0, 0.0, 0.027096, 0.0, 0.081289, 0.0, 0.0, 0.0, 0.0, 0.0, 0.0, 0.0, 0.0, 0.0, 0.0, 0.0, 0.0, 0.379349, 0.0, 0.0, 0.0, 0.162578, 0.0, 0.0, 0.0, 0.0, 0.0, 0.162578, 0.0, 0.0, 0.0, 0.0, 0.0, 0.0, 0.0, 0.650313, 0.162578, 0.487735]",mock_generator
1009071,MOCK-ONSHOR-008,onshore_conventional,Nigeria,1363.5,192,10,"[0, 0, 4, 0, 0, 0, 0, 0, 0, 0, 7, 0, 0, 0, 0, 0, 3, 0, 6, 0, 0, 0, 0, 0, 0, 0, 0, 0, 0, 0, 0, 26, 0, 0, 0, 13, 0, 0, 0, 0, 0, 14, 0, 0, 0, 0, 0, 0, 0, 92, 9, 18]","[0.0, 0.0, 0.03996, 0.0, 0.0, 0.0, 0.0, 0.0, 0.0, 0.0, 0.06993, 0.0, 0.0, 0.0, 0.0, 0.0, 0.02997, 0.0, 0.05994, 0.0, 0.0, 0.0, 0.0, 0.0, 0.0, 0.0, 0.0, 0.0, 0.0, 0.0, 0.0, 0.25974, 0.0, 0.0, 0.0, 0.12987, 0.0, 0.0, 0.0, 0.0, 0.0, 0.13986, 0.0, 0.0, 0.0, 0.0, 0.0, 0.0, 0.0, 0.919081, 0.08991, 0.17982]",mock_generator
1009097,MOCK-ONSHOR-009,onshore_conventional,Kazakhstan,671.8,133,8,"[0, 0, 7, 0, 0, 0, 0, 0, 0, 0, 12, 0, 0, 0, 0, 0, 2, 0, 0, 0, 0, 0, 0, 0, 0, 0, 0, 0, 0, 0, 0, 22, 0, 0, 0, 0, 0, 0, 0, 0, 0, 9, 0, 0, 0, 0, 0, 0, 0, 51, 7, 23]","[0.0, 0.0, 0.111505, 0.0, 0.0, 0.0, 0.0, 0.0, 0.0, 0.0, 0.191152, 0.0, 0.0, 0.0, 0.0, 0.0, 0.031859, 0.0, 0.0, 0.0, 0.0, 0.0, 0.0, 0.0, 0.0, 0.0, 0.0, 0.0, 0.0, 0.0, 0.0, 0.350445, 0.0, 0.0, 0.0, 0.0, 0.0, 0.0, 0.0, 0.0, 0.0, 0.143364, 0.0, 0.0, 0.0, 0.0, 0.0, 0.0, 0.0, 0.812394, 0.111505, 0.366374]",mock_generator
1009103,MOCK-ONSHOR-010,onshore_conventional,Nigeria,174.5,95,10,"[0, 0, 1, 0, 0, 0, 0, 0, 0, 0, 2, 0, 0, 0, 0, 0, 3, 0, 4, 0, 0, 0, 0, 0, 0, 0, 0, 0, 0, 0, 0, 13, 0, 0, 0, 4, 0, 0, 0, 0, 0, 9, 0, 0, 0, 0, 0, 0, 0, 40, 3, 16]","[0.0, 0.0, 0.021512, 0.0, 0.0, 0.0, 0.0, 0.0, 0.0, 0.0, 0.043023, 0.0, 0.0, 0.0, 0.0, 0.0, 0.064535, 0.0, 0.086046, 0.0, 0.0, 0.0, 0.0, 0.0, 0.0, 0.0, 0.0, 0.0, 0.0, 0.0, 0.0, 0.279651, 0.0, 0.0, 0.0, 0.086046, 0.0, 0.0, 0.0, 0.0, 0.0, 0.193604, 0.0, 0.0, 0.0, 0.0, 0.0, 0.0, 0.0, 0.860464, 0.064535, 0.344186]",mock_generator
1009139,MOCK-ONSHOR-011,onshore_conventional,Iraq,274.0,67,7,"[0, 0, 0, 0, 0, 0, 0, 0, 0, 0, 9, 0, 0, 0, 0, 0, 0, 0, 0, 0, 0, 0, 0, 0, 0, 0, 0, 0, 0, 0, 0, 19, 0, 0, 0, 4, 0, 0, 0, 0, 0, 6, 0, 0, 0, 0, 0, 0, 0, 15, 5, 9]","[0.0, 0.0, 0.0, 0.0, 0.0, 0.0, 0.0, 0.0, 0.0, 0.0, 0.31334, 0.0, 0.0, 0.0, 0.0, 0.0, 0.0, 0.0, 0.0, 0.0, 0.0, 0.0, 0.0, 0.0, 0.0, 0.0, 0.0, 0.0, 0.0, 0.0, 0.0, 0.661495, 0.0, 0.0, 0.0, 0.139262, 0.0, 0.0, 0.0, 0.0, 0.0, 0.208893, 0.0, 0.0, 0.0, 0.0, 0.0, 0.0, 0.0, 0.522233, 0.174078, 0.31334]",mock_generator
1009158,MOCK-ONSHOR-012,onshore_conventional,Chad,366.1,45,9,"[0, 0, 1, 0, 0, 0, 0, 0, 0, 0, 7, 0, 0, 0, 0, 0, 1, 0, 3, 0, 0, 0, 0, 0, 0, 0, 0, 0, 0, 0, 0, 6, 0, 0, 0, 6, 0, 0, 0, 0, 0, 6, 0, 0, 0, 0, 0, 0, 0, 8, 0, 7]","[0.0, 0.0, 0.059655, 0.0, 0.0, 0.0, 0.0, 0.0, 0.0, 0.0, 0.417585, 0.0, 0.0, 0.0, 0.0, 0.0, 0.059655, 0.0, 0.178965, 0.0, 0.0, 0.0, 0.0, 0.0, 0.0, 0.0, 0.0, 0.0, 0.0, 0.0, 0.0, 0.35793, 0.0, 0.0, 0.0, 0.35793, 0.0, 0.0, 0.0, 0.0, 0.0, 0.35793, 0.0, 0.0, 0.0, 0.0, 0.0, 0.0, 0.0, 0.47724, 0.0, 0.417585]",mock_generator
1009162,MOCK-ONSHOR-013,onshore_conventional,Kazakhstan,951.4,150,10,"[0, 0, 9, 0, 0, 0, 0, 0, 0, 0, 7, 0, 0, 0, 0, 0, 4, 0, 5, 0, 0, 0, 0, 0, 0, 0, 0, 0, 0, 0, 0, 23, 0, 0, 0, 15, 0, 0, 0, 0, 0, 10, 0, 0, 0, 0, 0, 0, 0, 52, 7, 18]","[0.0, 0.0, 0.140522, 0.0, 0.0, 0.0, 0.0, 0.0, 0.0, 0.0, 0.109295, 0.0, 0.0, 0.0, 0.0, 0.0, 0.062454, 0.0, 0.078068, 0.0, 0.0, 0.0, 0.0, 0.0, 0.0, 0.0, 0.0, 0.0, 0.0, 0.0, 0.0, 0.359112, 0.0, 0.0, 0.0, 0.234204, 0.0, 0.0, 0.0, 0.0, 0.0, 0.156136, 0.0, 0.0, 0.0, 0.0, 0.0, 0.0, 0.0, 0.811906, 0.109295, 0.281044]",mock_generator
1009181,MOCK-ONSHOR-014,onshore_conventional,Chad,374.7,74,10,"[0, 0, 3, 0, 0, 0, 0, 0, 0, 0, 8, 0, 0, 0, 0, 0, 2, 0, 2, 0, 0, 0, 0, 0, 0, 0, 0, 0, 0, 0, 0, 9, 0, 0, 0, 4, 0, 0, 0, 0, 0, 5, 0, 0, 0, 0, 0, 0, 0, 14, 6, 21]","[0.0, 0.0, 0.101361, 0.0, 0.0, 0.0, 0.0, 0.0, 0.0, 0.0, 0.270295, 0.0, 0.0, 0.0, 0.0, 0.0, 0.067574, 0.0, 0.067574, 0.0, 0.0, 0.0, 0.0, 0.0, 0.0, 0.0, 0.0, 0.0, 0.0, 0.0, 0.0, 0.304082, 0.0, 0.0, 0.0, 0.135147, 0.0, 0.0, 0.0, 0.0, 0.0, 0.168934, 0.0, 0.0, 0.0, 0.0, 0.0, 0.0, 0.0, 0.473016, 0.202721, 0.709524]",mock_generator
1009219,MOCK-ONSHOR-015,onshore_conventional,United States,1174.9,182,10,"[0, 0, 5, 0, 0, 0, 0, 0, 0, 0, 3, 0, 0, 0, 0, 0, 3, 0, 6, 0, 0, 0, 0, 0, 0, 0, 0, 0, 0, 0, 0, 42, 0, 0, 0, 8, 0, 0, 0, 0, 0, 12, 0, 0, 0, 0, 0, 0, 0, 78, 8, 17]","[0.0, 0.0, 0.054271, 0.0, 0.0, 0.0, 0.0, 0.0, 0.0, 0.0, 0.032563, 0.0, 0.0, 0.0, 0.0, 0.0, 0.032563, 0.0, 0.065125, 0.0, 0.0, 0.0, 0.0, 0.0, 0.0, 0.0, 0.0, 0.0, 0.0, 0.0, 0.0, 0.455876, 0.0, 0.0, 0.0, 0.086833, 0.0, 0.0, 0.0, 0.0, 0.0, 0.13025, 0.0, 0.0, 0.0, 0.0, 0.0, 0.0, 0.0, 0.846627, 0.086833, 0.184521]",mock_generator
1009240,MOCK-ONSHOR-016,onshore_conventional,United States,266.9,76,10,"[0, 0, 3, 0, 0, 0, 0, 0, 0, 0, 5, 0, 0, 0, 0, 0, 2, 0, 1, 0, 0, 0, 0, 0, 0, 0, 0, 0, 0, 0, 0, 18, 0, 0, 0, 8, 0, 0, 0, 0, 0, 4, 0, 0, 0, 0, 0, 0, 0, 26, 3, 6]","[0.0, 0.0, 0.087932, 0.0, 0.0, 0.0, 0.0, 0.0, 0.0, 0.0, 0.146553, 0.0, 0.0, 0.0, 0.0, 0.0, 0.058621, 0.0, 0.029311, 0.0, 0.0, 0.0, 0.0, 0.0, 0.0, 0.0, 0.0, 0.0, 0.0, 0.0, 0.0, 0.527589, 0.0, 0.0, 0.0, 0.234484, 0.0, 0.0, 0.0, 0.0, 0.0, 0.117242, 0.0, 0.0, 0.0, 0.0, 0.0, 0.0, 0.0, 0.762073, 0.087932, 0.175863]",mock_generator
1009248,MOCK-ONSHOR-017,onshore_conventional,Kazakhstan,1132.8,190,10,"[0, 0, 2, 0, 0, 0, 0, 0, 0, 0, 10, 0, 0, 0, 0, 0, 4, 0, 3, 0, 0, 0, 0, 0, 0, 0, 0, 0, 0, 0, 0, 31, 0, 0, 0, 11, 0, 0, 0, 0, 0, 17, 0, 0, 0, 0, 0, 0, 0, 74, 9, 29]","[0.0, 0.0, 0.022505, 0.0, 0.0, 0.0, 0.0, 0.0, 0.0, 0.0, 0.112523, 0.0, 0.0, 0.0, 0.0, 0.0, 0.045009, 0.0, 0.033757, 0.0, 0.0, 0.0, 0.0, 0.0, 0.0, 0.0, 0.0, 0.0, 0.0, 0.0, 0.0, 0.348821, 0.0, 0.0, 0.0, 0.123775, 0.0, 0.0, 0.0, 0.0, 0.0, 0.191289, 0.0, 0.0, 0.0, 0.0, 0.0, 0.0, 0.0, 0.83267, 0.101271, 0.326317]",mock_generator
1009277,MOCK-ONSHOR-018,onshore_conventional,Kazakhstan,776.0,156,10,"[0, 0, 6, 0, 0, 0, 0, 0, 0, 0, 13, 0, 0, 0, 0, 0, 4, 0, 2, 0, 0, 0, 0, 0, 0, 0, 0, 0, 0, 0, 0, 19, 0, 0, 0, 2, 0, 0, 0, 0, 0, 13, 0, 0, 0, 0, 0, 0, 0, 79, 5, 13]","[0.0, 0.0, 0.07074, 0.0, 0.0, 0.0, 0.0, 0.0, 0.0, 0.0, 0.15327, 0.0, 0.0, 0.0, 0.0, 0.0, 0.04716, 0.0, 0.02358, 0.0, 0.0, 0.0, 0.0, 0.0, 0.0, 0.0, 0.0, 0.0, 0.0, 0.0, 0.0, 0.224011, 0.0, 0.0, 0.0, 0.02358, 0.0, 0.0, 0.0, 0.0, 0.0, 0.15327, 0.0, 0.0, 0.0, 0.0, 0.0, 0.0, 0.0, 0.931412, 0.05895, 0.15327]",mock_generator
1009296,MOCK-ONSHOR-019,onshore_conventional,United States,2697.8,293,10,"[0, 0, 11, 0, 0, 0, 0, 0, 0, 0, 20, 0, 0, 0, 0, 0, 5, 0, 6, 0, 0, 0, 0, 0, 0, 0, 0, 0, 0, 0, 0, 43, 0, 0, 0, 14, 0, 0, 0, 0, 0, 16, 0, 0, 0, 0, 0, 0, 0, 112, 13, 53]","[0.0, 0.0, 0.081082, 0.0, 0.0, 0.0, 0.0, 0.0, 0.0, 0.0, 0.147422, 0.0, 0.0, 0.0, 0.0, 0.0, 0.036855, 0.0, 0.044227, 0.0, 0.0, 0.0, 0.0, 0.0, 0.0, 0.0, 0.0, 0.0, 0.0, 0.0, 0.0, 0.316957, 0.0, 0.0, 0.0, 0.103195, 0.0, 0.0, 0.0, 0.0, 0.0, 0.117938, 0.0, 0.0, 0.0, 0.0, 0.0, 0.0, 0.0, 0.825563, 0.095824, 0.390668]",mock_generator
1009298,MOCK-ONSHOR-020,onshore_conventional,Iraq,214.1,91,10,"[0, 0, 4, 0, 0, 0, 0, 0, 0, 0, 5, 0, 0, 0, 0, 0, 2, 0, 1, 0, 0, 0, 0, 0, 0, 0, 0, 0, 0, 0, 0, 15, 0, 0, 0, 4, 0, 0, 0, 0, 0, 6, 0, 0, 0, 0, 0, 0, 0, 40, 4, 10]","[0.0, 0.0, 0.088583, 0.0, 0.0, 0.0, 0.0, 0.0, 0.0, 0.0, 0.110729, 0.0, 0.0, 0.0, 0.0, 0.0, 0.044292, 0.0, 0.022146, 0.0, 0.0, 0.0, 0.0, 0.0, 0.0, 0.0, 0.0, 0.0, 0.0, 0.0, 0.0, 0.332187, 0.0, 0.0, 0.0, 0.088583, 0.0, 0.0, 0.0, 0.0, 0.0, 0.132875, 0.0, 0.0, 0.0, 0.0, 0.0, 0.0, 0.0, 0.885832, 0.088583, 0.221458]",mock_generator
1009320,MOCK-ONSHOR-021,onshore_conventional,Kazakhstan,447.0,136,10,"[0, 0, 5, 0, 0, 0, 0, 0, 0, 0, 4, 0, 0, 0, 0, 0, 3, 0, 4, 0, 0, 0, 0, 0, 0, 0, 0, 0, 0, 0, 0, 14, 0, 0, 0, 3, 0, 0, 0, 0, 0, 12, 0, 0, 0, 0, 0, 0, 0, 68, 6, 17]","[0.0, 0.0, 0.068269, 0.0, 0.0, 0.0, 0.0, 0.0, 0.0, 0.0, 0.054615, 0.0, 0.0, 0.0, 0.0, 0.0, 0.040962, 0.0, 0.054615, 0.0, 0.0, 0.0, 0.0, 0.0, 0.0, 0.0, 0.0, 0.0, 0.0, 0.0, 0.0, 0.191154, 0.0, 0.0, 0.0, 0.040962, 0.0, 0.0, 0.0, 0.0, 0.0, 0.163846, 0.0, 0.0, 0.0, 0.0, 0.0, 0.0, 0.0, 0.928463, 0.081923, 0.232116]",mock_generator
1009333,MOCK-ONSHOR-022,onshore_conventional,Kazakhstan,662.0,163,10,"[0, 0, 1, 0, 0, 0, 0, 0, 0, 0, 13, 0, 0, 0, 0, 0, 2, 0, 1, 0, 0, 0, 0, 0, 0, 0, 0, 0, 0, 0, 0, 32, 0, 0, 0, 10, 0, 0, 0, 0, 0, 7, 0, 0, 0, 0, 0, 0, 0, 69, 6, 22]","[0.0, 0.0, 0.012282, 0.0, 0.0, 0.0, 0.0, 0.0, 0.0, 0.0, 0.159669, 0.0, 0.0, 0.0, 0.0, 0.0, 0.024564, 0.0, 0.012282, 0.0, 0.0, 0.0, 0.0, 0.0, 0.0, 0.0, 0.0, 0.0, 0.0, 0.0, 0.0, 0.39303, 0.0, 0.0, 0.0, 0.122822, 0.0, 0.0, 0.0, 0.0, 0.0, 0.085975, 0.0, 0.0, 0.0, 0.0, 0.0, 0.0, 0.0, 0.847471, 0.073693, 0.270208]",mock_generator
1009349,MOCK-ONSHOR-023,onshore_conventional,Kazakhstan,808.7,124,10,"[0, 0, 2, 0, 0, 0, 0, 0, 0, 0, 8, 0, 0, 0, 0, 0, 4, 0, 1, 0, 0, 0, 0, 0, 0, 0, 0, 0, 0, 0, 0, 23, 0, 0, 0, 6, 0, 0, 0, 0, 0, 11, 0, 0, 0, 0, 0, 0, 0, 43, 8, 18]","[0.0, 0.0, 0.036466, 0.0, 0.0, 0.0, 0.0, 0.0, 0.0, 0.0, 0.145865, 0.0, 0.0, 0.0, 0.0, 0.0, 0.072932, 0.0, 0.018233, 0.0, 0.0, 0.0, 0.0, 0.0, 0.0, 0.0, 0.0, 0.0, 0.0, 0.0, 0.0, 0.419362, 0.0, 0.0, 0.0, 0.109399, 0.0, 0.0, 0.0, 0.0, 0.0, 0.200564, 0.0, 0.0, 0.0, 0.0, 0.0, 0.0, 0.0, 0.784024, 0.145865, 0.328196]",mock_generator
1009359,MOCK-ONSHOR-024,onshore_conventional,United States,526.8,127,10,"[0, 0, 3, 0, 0, 0, 0, 0, 0, 0, 10, 0, 0, 0, 0, 0, 3, 0, 3, 0, 0, 0, 0, 0, 0, 0, 0, 0, 0, 0, 0, 20, 0, 0, 0, 3, 0, 0, 0, 0, 0, 6, 0, 0, 0, 0, 0, 0, 0, 52, 1, 26]","[0.0, 0.0, 0.047715, 0.0, 0.0, 0.0, 0.0, 0.0, 0.0, 0.0, 0.159051, 0.0, 0.0, 0.0, 0.0, 0.0, 0.047715, 0.0, 0.047715, 0.0, 0.0, 0.0, 0.0, 0.0, 0.0, 0.0, 0.0, 0.0, 0.0, 0.0, 0.0, 0.318102, 0.0, 0.0, 0.0, 0.047715, 0.0, 0.0, 0.0, 0.0, 0.0, 0.095431, 0.0, 0.0, 0.0, 0.0, 0.0, 0.0, 0.0, 0.827066, 0.015905, 0.413533]",mock_generator
1009373,MOCK-ONSHOR-025,onshore_conventional,Nigeria,308.4,100,10,"[0, 0, 1, 0, 0, 0, 0, 0, 0, 0, 6, 0, 0, 0, 0, 0, 2, 0, 2, 0, 0, 0, 0, 0, 0, 0, 0, 0, 0, 0, 0, 13, 0, 0, 0, 10, 0, 0, 0, 0, 0, 6, 0, 0, 0, 0, 0, 0, 0, 36, 6, 18]","[0.0, 0.0, 0.022327, 0.0, 0.0, 0.0, 0.0, 0.0, 0.0, 0.0, 0.133963, 0.0, 0.0, 0.0, 0.0, 0.0, 0.044654, 0.0, 0.044654, 0.0, 0.0, 0.0, 0.0, 0.0, 0.0, 0.0, 0.0, 0.0, 0.0, 0.0, 0.0, 0.290254, 0.0, 0.0, 0.0, 0.223272, 0.0, 0.0, 0.0, 0.0, 0.0, 0.133963, 0.0, 0.0, 0.0, 0.0, 0.0, 0.0, 0.0, 0.80378, 0.133963, 0.40189]",mock_generator
1009396,MOCK-ONSHOR-026,onshore_conventional,United States,590.5,141,10,"[0, 0, 2, 0, 0, 0, 0, 0, 0, 0, 10, 0, 0, 0, 0, 0, 2, 0, 3, 0, 0, 0, 0, 0, 0, 0, 0, 0, 0, 0, 0, 5, 0, 0, 0, 6, 0, 0, 0, 0, 0, 16, 0, 0, 0, 0, 0, 0, 0, 70, 5, 22]","[0.0, 0.0, 0.026164, 0.0, 0.0, 0.0, 0.0, 0.0, 0.0, 0.0, 0.130822, 0.0, 0.0, 0.0, 0.0, 0.0, 0.026164, 0.0, 0.039247, 0.0, 0.0, 0.0, 0.0, 0.0, 0.0, 0.0, 0.0, 0.0, 0.0, 0.0, 0.0, 0.065411, 0.0, 0.0, 0.0, 0.078493, 0.0, 0.0, 0.0, 0.0, 0.0, 0.209316, 0.0, 0.0, 0.0, 0.0, 0.0, 0.0, 0.0, 0.915757, 0.065411, 0.287809]",mock_generator
1009416,MOCK-ONSHOR-027,onshore_conventional,United States,939.1,152,10,"[0, 0, 7, 0, 0, 0, 0, 0, 0, 0, 11, 0, 0, 0, 0, 0, 1, 0, 2, 0, 0, 0, 0, 0, 0, 0, 0, 0, 0, 0, 0, 28, 0, 0, 0, 16, 0, 0, 0, 0, 0, 12, 0, 0, 0, 0, 0, 0, 0, 58, 7, 10]","[0.0, 0.0, 0.100287, 0.0, 0.0, 0.0, 0.0, 0.0, 0.0, 0.0, 0.157594, 0.0, 0.0, 0.0, 0.0, 0.0, 0.014327, 0.0, 0.028653, 0.0, 0.0, 0.0, 0.0, 0.0, 0.0, 0.0, 0.0, 0.0, 0.0, 0.0, 0.0, 0.401148, 0.0, 0.0, 0.0, 0.229227, 0.0, 0.0, 0.0, 0.0, 0.0, 0.17192, 0.0, 0.0, 0.0, 0.0, 0.0, 0.0, 0.0, 0.830949, 0.100287, 0.143267]",mock_generator
1009430,MOCK-ONSHOR-028,onshore_conventional,Nigeria,1036.9,91,10,"[0, 0, 4, 0, 0, 0, 0, 0, 0, 0, 6, 0, 0, 0, 0, 0, 5, 0, 3, 0, 0, 0, 0, 0, 0, 0, 0, 0, 0, 0, 0, 20, 0, 0, 0, 4, 0, 0, 0, 0, 0, 10, 0, 0, 0, 0, 0, 0, 0, 20, 1, 18]","[0.0, 0.0, 0.109806, 0.0, 0.0, 0.0, 0.0, 0.0, 0.0, 0.0, 0.164708, 0.0, 0.0, 0.0, 0.0, 0.0, 0.137257, 0.0, 0.082354, 0.0, 0.0, 0.0, 0.0, 0.0, 0.0, 0.0, 0.0, 0.0, 0.0, 0.0, 0.0, 0.549028, 0.0, 0.0, 0.0, 0.109806, 0.0, 0.0, 0.0, 0.0, 0.0, 0.274514, 0.0, 0.0, 0.0, 0.0, 0.0, 0.0, 0.0, 0.549028, 0.027451, 0.494125]",mock_generator
1009436,MOCK-ONSHOR-029,onshore_conventional,Chad,2351.0,238,10,"[0, 0, 7, 0, 0, 0, 0, 0, 0, 0, 14, 0, 0, 0, 0, 0, 9, 0, 5, 0, 0, 0, 0, 0, 0, 0, 0, 0, 0, 0, 0, 39, 0, 0, 0, 14, 0, 0, 0, 0, 0, 11, 0, 0, 0, 0, 0, 0, 0, 101, 9, 29]","[0.0, 0.0, 0.06067, 0.0, 0.0, 0.0, 0.0, 0.0, 0.0, 0.0, 0.121341, 0.0, 0.0, 0.0, 0.0, 0.0, 0.078005, 0.0, 0.043336, 0.0, 0.0, 0.0, 0.0, 0.0, 0.0, 0.0, 0.0, 0.0, 0.0, 0.0, 0.0, 0.33802, 0.0, 0.0, 0.0, 0.121341, 0.0, 0.0, 0.0, 0.0, 0.0, 0.095339, 0.0, 0.0, 0.0, 0.0, 0.0, 0.0, 0.0, 0.875386, 0.078005, 0.251349]",mock_generator
1009453,MOCK-ONSHOR-030,onshore_conventional,Iraq,2503.1,300,10,"[0, 0, 7, 0, 0, 0, 0, 0, 0, 0, 22, 0, 0, 0, 0, 0, 6, 0, 6, 0, 0, 0, 0, 0, 0, 0, 0, 0, 0, 0, 0, 43, 0, 0, 0, 28, 0, 0, 0, 0, 0, 23, 0, 0, 0, 0, 0, 0, 0, 119, 8, 38]","[0.0, 0.0, 0.050211, 0.0, 0.0, 0.0, 0.0, 0.0, 0.0, 0.0, 0.157804, 0.0, 0.0, 0.0, 0.0, 0.0, 0.043038, 0.0, 0.043038, 0.0, 0.0, 0.0, 0.0, 0.0, 0.0, 0.0, 0.0, 0.0, 0.0, 0.0, 0.0, 0.308436, 0.0, 0.0, 0.0, 0.200842, 0.0, 0.0, 0.0, 0.0, 0.0, 0.164977, 0.0, 0.0, 0.0, 0.0, 0.0, 0.0, 0.0, 0.853579, 0.057383, 0.272571]",mock_generator
1009489,MOCK-ONSHOR-031,onshore_conventional,Chad,349.3,102,10,"[0, 0, 4, 0, 0, 0, 0, 0, 0, 0, 9, 0, 0, 0, 0, 0, 4, 0, 2, 0, 0, 0, 0, 0, 0, 0, 0, 0, 0, 0, 0, 15, 0, 0, 0, 10, 0, 0, 0, 0, 0, 4, 0, 0, 0, 0, 0, 0, 0, 33, 3, 18]","[0.0, 0.0, 0.092253, 0.0, 0.0, 0.0, 0.0, 0.0, 0.0, 0.0, 0.20757, 0.0, 0.0, 0.0, 0.0, 0.0, 0.092253, 0.0, 0.046127, 0.0, 0.0, 0.0, 0.0, 0.0, 0.0, 0.0, 0.0, 0.0, 0.0, 0.0, 0.0, 0.345949, 0.0, 0.0, 0.0, 0.230633, 0.0, 0.0, 0.0, 0.0, 0.0, 0.092253, 0.0, 0.0, 0.0, 0.0, 0.0, 0.0, 0.0, 0.761088, 0.06919, 0.415139]",mock_generator
1009500,MOCK-ONSHOR-032,onshore_conventional,Nigeria,1375.2,216,10,"[0, 0, 5, 0, 0, 0, 0, 0, 0, 0, 14, 0, 0, 0, 0, 0, 7, 0, 3, 0, 0, 0, 0, 0, 0, 0, 0, 0, 0, 0, 0, 44, 0, 0, 0, 20, 0, 0, 0, 0, 0, 14, 0, 0, 0, 0, 0, 0, 0, 69, 5, 35]","[0.0, 0.0, 0.053234, 0.0, 0.0, 0.0, 0.0, 0.0, 0.0, 0.0, 0.149054, 0.0, 0.0, 0.0, 0.0, 0.0, 0.074527, 0.0, 0.03194, 0.0, 0.0, 0.0, 0.0, 0.0, 0.0, 0.0, 0.0, 0.0, 0.0, 0.0, 0.0, 0.468456, 0.0, 0.0, 0.0, 0.212935, 0.0, 0.0, 0.0, 0.0, 0.0, 0.149054, 0.0, 0.0, 0.0, 0.0, 0.0, 0.0, 0.0, 0.734625, 0.053234, 0.372636]",mock_generator
1009503,MOCK-ONSHOR-033,onshore_conventional,Chad,1350.0,197,10,"[0, 0, 5, 0, 0, 0, 0, 0, 0, 0, 18, 0, 0, 0, 0, 0, 2, 0, 3, 0, 0, 0, 0, 0, 0, 0, 0, 0, 0, 0, 0, 21, 0, 0, 0, 14, 0, 0, 0, 0, 0, 19, 0, 0, 0, 0, 0, 0, 0, 82, 5, 28]","[0.0, 0.0, 0.053021, 0.0, 0.0, 0.0, 0.0, 0.0, 0.0, 0.0, 0.190875, 0.0, 0.0, 0.0, 0.0, 0.0, 0.021208, 0.0, 0.031812, 0.0, 0.0, 0.0, 0.0, 0.0, 0.0, 0.0, 0.0, 0.0, 0.0, 0.0, 0.0, 0.222687, 0.0, 0.0, 0.0, 0.148458, 0.0, 0.0, 0.0, 0.0, 0.0, 0.201479, 0.0, 0.0, 0.0, 0.0, 0.0, 0.0, 0.0, 0.86954, 0.053021, 0.296916]",mock_generator
1009539,MOCK-ONSHOR-034,onshore_conventional,Iraq,1883.7,130,9,"[0, 0, 4, 0, 0, 0, 0, 0, 0, 0, 9, 0, 0, 0, 0, 0, 1, 0, 0, 0, 0, 0, 0, 0, 0, 0, 0, 0, 0, 0, 0, 23, 0, 0, 0, 12, 0, 0, 0, 0, 0, 18, 0, 0, 0, 0, 0, 0, 0, 33, 11, 19]","[0.0, 0.0, 0.077469, 0.0, 0.0, 0.0, 0.0, 0.0, 0.0, 0.0, 0.174306, 0.0, 0.0, 0.0, 0.0, 0.0, 0.019367, 0.0, 0.0, 0.0, 0.0, 0.0, 0.0, 0.0, 0.0, 0.0, 0.0, 0.0, 0.0, 0.0, 0.0, 0.445449, 0.0, 0.0, 0.0, 0.232408, 0.0, 0.0, 0.0, 0.0, 0.0, 0.348612, 0.0, 0.0, 0.0, 0.0, 0.0, 0.0, 0.0, 0.639122, 0.213041, 0.367979]",mock_generator
1009565,MOCK-ONSHOR-035,onshore_conventional,United States,819.2,160,10,"[0, 0, 7, 0, 0, 0, 0, 0, 0, 0, 3, 0, 0, 0, 0, 0, 3, 0, 1, 0, 0, 0, 0, 0, 0, 0, 0, 0, 0, 0, 0, 33, 0, 0, 0, 8, 0, 0, 0, 0, 0, 11, 0, 0, 0, 0, 0, 0, 0, 74, 9, 11]","[0.0, 0.0, 0.083547, 0.0, 0.0, 0.0, 0.0, 0.0, 0.0, 0.0, 0.035806, 0.0, 0.0, 0.0, 0.0, 0.0, 0.035806, 0.0, 0.011935, 0.0, 0.0, 0.0, 0.0, 0.0, 0.0, 0.0, 0.0, 0.0, 0.0, 0.0, 0.0, 0.393863, 0.0, 0.0, 0.0, 0.095482, 0.0, 0.0, 0.0, 0.0, 0.0, 0.131288, 0.0, 0.0, 0.0, 0.0, 0.0, 0.0, 0.0, 0.883208, 0.107417, 0.131288]",mock_generator
1009596,MOCK-ONSHOR-036,onshore_conventional,United States,2090.9,193,10,"[0, 0, 8, 0, 0, 0, 0, 0, 0, 0, 12, 0, 0, 0, 0, 0, 5, 0, 5, 0, 0, 0, 0, 0, 0, 0, 0, 0, 0, 0, 0, 6, 0, 0, 0, 9, 0, 0, 0, 0, 0, 11, 0, 0, 0, 0, 0, 0, 0, 98, 9, 30]","[0.0, 0.0, 0.075998, 0.0, 0.0, 0.0, 0.0, 0.0, 0.0, 0.0, 0.113997, 0.0, 0.0, 0.0, 0.0, 0.0, 0.047499, 0.0, 0.047499, 0.0, 0.0, 0.0, 0.0, 0.0, 0.0, 0.0, 0.0, 0.0, 0.0, 0.0, 0.0, 0.056998, 0.0, 0.0, 0.0, 0.085497, 0.0, 0.0, 0.0, 0.0, 0.0, 0.104497, 0.0, 0.0, 0.0, 0.0, 0.0, 0.0, 0.0, 0.930972, 0.085497, 0.284991]",mock_generator
1009603,MOCK-ONSHOR-037,onshore_conventional,Nigeria,253.3,106,10,"[0, 0, 2, 0, 0, 0, 0, 0, 0, 0, 7, 0, 0, 0, 0, 0, 3, 0, 1, 0, 0, 0, 0, 0, 0, 0, 0, 0, 0, 0, 0, 10, 0, 0, 0, 6, 0, 0, 0, 0, 0, 8, 0, 0, 0, 0, 0, 0, 0, 56, 2, 11]","[0.0, 0.0, 0.033691, 0.0, 0.0, 0.0, 0.0, 0.0, 0.0, 0.0, 0.117918, 0.0, 0.0, 0.0, 0.0, 0.0, 0.050536, 0.0, 0.016845, 0.0, 0.0, 0.0, 0.0, 0.0, 0.0, 0.0, 0.0, 0.0, 0.0, 0.0, 0.0, 0.168454, 0.0, 0.0, 0.0, 0.101073, 0.0, 0.0, 0.0, 0.0, 0.0, 0.134763, 0.0, 0.0, 0.0, 0.0, 0.0, 0.0, 0.0, 0.943344, 0.033691, 0.1853]",mock_generator
1009625,MOCK-ONSHOR-038,onshore_conventional,Kazakhstan,157.6,56,10,"[0, 0, 1, 0, 0, 0, 0, 0, 0, 0, 9, 0, 0, 0, 0, 0, 1, 0, 1, 0, 0, 0, 0, 0, 0, 0, 0, 0, 0, 0, 0, 5, 0, 0, 0, 1, 0, 0, 0, 0, 0, 3, 0, 0, 0, 0, 0, 0, 0, 25, 2, 8]","[0.0, 0.0, 0.035093, 0.0, 0.0, 0.0, 0.0, 0.0, 0.0, 0.0, 0.315838, 0.0, 0.0, 0.0, 0.0, 0.0, 0.035093, 0.0, 0.035093, 0.0, 0.0, 0.0, 0.0, 0.0, 0.0, 0.0, 0.0, 0.0, 0.0, 0.0, 0.0, 0.175466, 0.0, 0.0, 0.0, 0.035093, 0.0, 0.0, 0.0, 0.0, 0.0, 0.105279, 0.0, 0.0, 0.0, 0.0, 0.0, 0.0, 0.0, 0.877328, 0.070186, 0.280745]",mock_generator
1009626,MOCK-ONSHOR-039,onshore_conventional,Kazakhstan,413.8,101,9,"[0, 0, 3, 0, 0, 0, 0, 0, 0, 0, 10, 0, 0, 0, 0, 0, 1, 0, 2, 0, 0, 0, 0, 0, 0, 0, 0, 0, 0, 0, 0, 15, 0, 0, 0, 0, 0, 0, 0, 0, 0, 11, 0, 0, 0, 0, 0, 0, 0, 34, 6, 19]","[0.0, 0.0, 0.066865, 0.0, 0.0, 0.0, 0.0, 0.0, 0.0, 0.0, 0.222884, 0.0, 0.0, 0.0, 0.0, 0.0, 0.022288, 0.0, 0.044577, 0.0, 0.0, 0.0, 0.0, 0.0, 0.0, 0.0, 0.0, 0.0, 0.0, 0.0, 0.0, 0.334325, 0.0, 0.0, 0.0, 0.0, 0.0, 0.0, 0.0, 0.0, 0.0, 0.245172, 0.0, 0.0, 0.0, 0.0, 0.0, 0.0, 0.0, 0.757804, 0.13373, 0.423479]",mock_generator
1009640,MOCK-ONSHOR-040,onshore_conventional,Chad,1613.8,237,10,"[0, 0, 5, 0, 0, 0, 0, 0, 0, 0, 15, 0, 0, 0, 0, 0, 3, 0, 3, 0, 0, 0, 0, 0, 0, 0, 0, 0, 0, 0, 0, 43, 0, 0, 0, 6, 0, 0, 0, 0, 0, 22, 0, 0, 0, 0, 0, 0, 0, 92, 9, 39]","[0.0, 0.0, 0.044363, 0.0, 0.0, 0.0, 0.0, 0.0, 0.0, 0.0, 0.133088, 0.0, 0.0, 0.0, 0.0, 0.0, 0.026618, 0.0, 0.026618, 0.0, 0.0, 0.0, 0.0, 0.0, 0.0, 0.0, 0.0, 0.0, 0.0, 0.0, 0.0, 0.381518, 0.0, 0.0, 0.0, 0.053235, 0.0, 0.0, 0.0, 0.0, 0.0, 0.195195, 0.0, 0.0, 0.0, 0.0, 0.0, 0.0, 0.0, 0.816272, 0.079853, 0.346028]",mock_generator
1009641,MOCK-ONSHOR-041,onshore_conventional,Iraq,3083.5,264,10,"[0, 0, 9, 0, 0, 0, 0, 0, 0, 0, 26, 0, 0, 0, 0, 0, 7, 0, 4, 0, 0, 0, 0, 0, 0, 0, 0, 0, 0, 0, 0, 29, 0, 0, 0, 20, 0, 0, 0, 0, 0, 33, 0, 0, 0, 0, 0, 0, 0, 113, 10, 13]","[0.0, 0.0, 0.070733, 0.0, 0.0, 0.0, 0.0, 0.0, 0.0, 0.0, 0.204338, 0.0, 0.0, 0.0, 0.0, 0.0, 0.055014, 0.0, 0.031437, 0.0, 0.0, 0.0, 0.0, 0.0, 0.0, 0.0, 0.0, 0.0, 0.0, 0.0, 0.0, 0.227916, 0.0, 0.0, 0.0, 0.157183, 0.0, 0.0, 0.0, 0.0, 0.0, 0.259353, 0.0, 0.0, 0.0, 0.0, 0.0, 0.0, 0.0, 0.888086, 0.078592, 0.102169]",mock_generator
1009672,MOCK-ONSHOR-042,onshore_conventional,Iraq,1767.9,170,10,"[0, 0, 5, 0, 0, 0, 0, 0, 0, 0, 14, 0, 0, 0, 0, 0, 2, 0, 5, 0, 0, 0, 0, 0, 0, 0, 0, 0, 0, 0, 0, 27, 0, 0, 0, 15, 0, 0, 0, 0, 0, 23, 0, 0, 0, 0, 0, 0, 0, 54, 9, 16]","[0.0, 0.0, 0.07081, 0.0, 0.0, 0.0, 0.0, 0.0, 0.0, 0.0, 0.198268, 0.0, 0.0, 0.0, 0.0, 0.0, 0.028324, 0.0, 0.07081, 0.0, 0.0, 0.0, 0.0, 0.0, 0.0, 0.0, 0.0, 0.0, 0.0, 0.0, 0.0, 0.382373, 0.0, 0.0, 0.0, 0.21243, 0.0, 0.0, 0.0, 0.0, 0.0, 0.325725, 0.0, 0.0, 0.0, 0.0, 0.0, 0.0, 0.0, 0.764747, 0.127458, 0.226592]",mock_generator
1009697,MOCK-ONSHOR-043,onshore_conventional,Chad,470.4,108,9,"[0, 0, 4, 0, 0, 0, 0, 0, 0, 0, 7, 0, 0, 0, 0, 0, 3, 0, 3, 0, 0, 0, 0, 0, 0, 0, 0, 0, 0, 0, 0, 19, 0, 0, 0, 2, 0, 0, 0, 0, 0, 9, 0, 0, 0, 0, 0, 0, 0, 42, 0, 19]","[0.0, 0.0, 0.077644, 0.0, 0.0, 0.0, 0.0, 0.0, 0.0, 0.0, 0.135878, 0.0, 0.0, 0.0, 0.0, 0.0, 0.058233, 0.0, 0.058233, 0.0, 0.0, 0.0, 0.0, 0.0, 0.0, 0.0, 0.0, 0.0, 0.0, 0.0, 0.0, 0.36881, 0.0, 0.0, 0.0, 0.038822, 0.0, 0.0, 0.0, 0.0, 0.0, 0.1747, 0.0, 0.0, 0.0, 0.0, 0.0, 0.0, 0.0, 0.815265, 0.0, 0.36881]",mock_generator
1009713,MOCK-ONSHOR-044,onshore_conventional,United States,658.9,90,9,"[0, 0, 3, 0, 0, 0, 0, 0, 0, 0, 12, 0, 0, 0, 0, 0, 3, 0, 5, 0, 0, 0, 0, 0, 0, 0, 0, 0, 0, 0, 0, 18, 0, 0, 0, 9, 0, 0, 0, 0, 0, 9, 0, 0, 0, 0, 0, 0, 0, 0, 5, 26]","[0.0, 0.0, 0.080933, 0.0, 0.0, 0.0, 0.0, 0.0, 0.0, 0.0, 0.323734, 0.0, 0.0, 0.0, 0.0, 0.0, 0.080933, 0.0, 0.134889, 0.0, 0.0, 0.0, 0.0, 0.0, 0.0, 0.0, 0.0, 0.0, 0.0, 0.0, 0.0, 0.485601, 0.0, 0.0, 0.0, 0.2428, 0.0, 0.0, 0.0, 0.0, 0.0, 0.2428, 0.0, 0.0, 0.0, 0.0, 0.0, 0.0, 0.0, 0.0, 0.134889, 0.701423]",mock_generator
1009731,MOCK-ONSHOR-045,onshore_conventional,United States,2023.0,196,10,"[0, 0, 3, 0, 0, 0, 0, 0, 0, 0, 17, 0, 0, 0, 0, 0, 10, 0, 8, 0, 0, 0, 0, 0, 0, 0, 0, 0, 0, 0, 0, 34, 0, 0, 0, 11, 0, 0, 0, 0, 0, 20, 0, 0, 0, 0, 0, 0, 0, 51, 10, 32]","[0.0, 0.0, 0.039176, 0.0, 0.0, 0.0, 0.0, 0.0, 0.0, 0.0, 0.221999, 0.0, 0.0, 0.0, 0.0, 0.0, 0.130588, 0.0, 0.10447, 0.0, 0.0, 0.0, 0.0, 0.0, 0.0, 0.0, 0.0, 0.0, 0.0, 0.0, 0.0, 0.443999, 0.0, 0.0, 0.0, 0.143647, 0.0, 0.0, 0.0, 0.0, 0.0, 0.261176, 0.0, 0.0, 0.0, 0.0, 0.0, 0.0, 0.0, 0.665998, 0.130588, 0.417881]",mock_generator
1009761,MOCK-ONSHOR-046,onshore_conventional,Chad,790.8,165,10,"[0, 0, 3, 0, 0, 0, 0, 0, 0, 0, 6, 0, 0, 0, 0, 0, 4, 0, 3, 0, 0, 0, 0, 0, 0, 0, 0, 0, 0, 0, 0, 24, 0, 0, 0, 6, 0, 0, 0, 0, 0, 9, 0, 0, 0, 0, 0, 0, 0, 85, 8, 17]","[0.0, 0.0, 0.032848, 0.0, 0.0, 0.0, 0.0, 0.0, 0.0, 0.0, 0.065696, 0.0, 0.0, 0.0, 0.0, 0.0, 0.043798, 0.0, 0.032848, 0.0, 0.0, 0.0, 0.0, 0.0, 0.0, 0.0, 0.0, 0.0, 0.0, 0.0, 0.0, 0.262786, 0.0, 0.0, 0.0, 0.065696, 0.0, 0.0, 0.0, 0.0, 0.0, 0.098545, 0.0, 0.0, 0.0, 0.0, 0.0, 0.0, 0.0, 0.9307, 0.087595, 0.18614]",mock_generator
1009767,MOCK-ONSHOR-047,onshore_conventional,Iraq,1447.0,171,10,"[0, 0, 8, 0, 0, 0, 0, 0, 0, 0, 6, 0, 0, 0, 0, 0, 3, 0, 4, 0, 0, 0, 0, 0, 0, 0, 0, 0, 0, 0, 0, 13, 0, 0, 0, 9, 0, 0, 0, 0, 0, 7, 0, 0, 0, 0, 0, 0, 0, 75, 7, 39]","[0.0, 0.0, 0.091652, 0.0, 0.0, 0.0, 0.0, 0.0, 0.0, 0.0, 0.068739, 0.0, 0.0, 0.0, 0.0, 0.0, 0.034369, 0.0, 0.045826, 0.0, 0.0, 0.0, 0.0, 0.0, 0.0, 0.0, 0.0, 0.0, 0.0, 0.0, 0.0, 0.148934, 0.0, 0.0, 0.0, 0.103108, 0.0, 0.0, 0.0, 0.0, 0.0, 0.080195, 0.0, 0.0, 0.0, 0.0, 0.0, 0.0, 0.0, 0.859236, 0.080195, 0.446803]",mock_generator
1009790,MOCK-ONSHOR-048,onshore_conventional,Kazakhstan,1185.4,153,10,"[0, 0, 4, 0, 0, 0, 0, 0, 0, 0, 6, 0, 0, 0, 0, 0, 2, 0, 6, 0, 0, 0, 0, 0, 0, 0, 0, 0, 0, 0, 0, 20, 0, 0, 0, 12, 0, 0, 0, 0, 0, 9, 0, 0, 0, 0, 0, 0, 0, 58, 11, 25]","[0.0, 0.0, 0.057573, 0.0, 0.0, 0.0, 0.0, 0.0, 0.0, 0.0, 0.08636, 0.0, 0.0, 0.0, 0.0, 0.0, 0.028787, 0.0, 0.08636, 0.0, 0.0, 0.0, 0.0, 0.0, 0.0, 0.0, 0.0, 0.0, 0.0, 0.0, 0.0, 0.287867, 0.0, 0.0, 0.0, 0.17272, 0.0, 0.0, 0.0, 0.0, 0.0, 0.12954, 0.0, 0.0, 0.0, 0.0, 0.0, 0.0, 0.0, 0.834813, 0.158327, 0.359833]",mock_generator
1001740,MOCK-REFINE-083,refinery_bf,Australia,442.8,978,11,"[0, 0, 4, 0, 0, 0, 0, 0, 5, 0, 53, 0, 0, 0, 3, 0, 0, 0, 6, 616, 0, 0, 0, 0, 0, 0, 0, 0, 0, 0, 0, 64, 3, 0, 0, 0, 0, 0, 0, 0, 0, 0, 0, 6, 0, 0, 0, 0, 0, 211, 7, 0]","[0.0, 0.0, 0.006092, 0.0, 0.0, 0.0, 0.0, 0.0, 0.007616, 0.0, 0.080725, 0.0, 0.0, 0.0, 0.004569, 0.0, 0.0, 0.0, 0.009139, 0.938233, 0.0, 0.0, 0.0, 0.0, 0.0, 0.0, 0.0, 0.0, 0.0, 0.0, 0.0, 0.097479, 0.004569, 0.0, 0.0, 0.0, 0.0, 0.0, 0.0, 0.0, 0.0, 0.0, 0.0, 0.009139, 0.0, 0.0, 0.0, 0.0, 0.0, 0.321375, 0.010662, 0.0]",mock_variant
1007209,MOCK-GAS_PR-021,gas_processing,Canada,206.5,255,9,"[0, 0, 3, 0, 0, 0, 0, 0, 4, 0, 6, 1, 0, 0, 0, 0, 0, 0, 0, 165, 0, 0, 0, 0, 0, 0, 0, 0, 0, 0, 0, 12, 0, 0, 0, 4, 0, 0, 0, 0, 0, 0, 0, 4, 0, 0, 0, 0, 0, 56, 0, 0]","[0.0, 0.0, 0.01715, 0.0, 0.0, 0.0, 0.0, 0.0, 0.022867, 0.0, 0.0343, 0.005717, 0.0, 0.0, 0.0, 0.0, 0.0, 0.0, 0.0, 0.943258, 0.0, 0.0, 0.0, 0.0, 0.0, 0.0, 0.0, 0.0, 0.0, 0.0, 0.0, 0.068601, 0.0, 0.0, 0.0, 0.022867, 0.0, 0.0, 0.0, 0.0, 0.0, 0.0, 0.0, 0.022867, 0.0, 0.0, 0.0, 0.0, 0.0, 0.320136, 0.0, 0.0]",mock_variant
1003167,MOCK-ONSHOR-011,onshore_petchem,Belgium,504.3,629,10,"[0, 0, 5, 0, 0, 0, 0, 0, 1, 0, 35, 0, 0, 0, 0, 0, 0, 0, 0, 372, 0, 0, 0, 0, 0, 0, 0, 0, 0, 0, 0, 20, 2, 0, 0, 0, 0, 6, 0, 0, 0, 0, 0, 6, 0, 0, 0, 0, 0, 170, 12, 0]","[0.0, 0.0, 0.012157, 0.0, 0.0, 0.0, 0.0, 0.0, 0.002431, 0.0, 0.085099, 0.0, 0.0, 0.0, 0.0, 0.0, 0.0, 0.0, 0.0, 0.904483, 0.0, 0.0, 0.0, 0.0, 0.0, 0.0, 0.0, 0.0, 0.0, 0.0, 0.0, 0.048628, 0.004863, 0.0, 0.0, 0.0, 0.0, 0.014588, 0.0, 0.0, 0.0, 0.0, 0.0, 0.014588, 0.0, 0.0, 0.0, 0.0, 0.0, 0.413339, 0.029177, 0.0]",mock_variant
1007109,MOCK-GAS_PR-013,gas_processing,Australia,660.1,330,9,"[0, 0, 0, 0, 0, 0, 0, 0, 10, 0, 6, 1, 0, 0, 0, 0, 0, 0, 1, 170, 0, 0, 0, 0, 0, 0, 0, 0, 0, 0, 0, 14, 0, 0, 0, 12, 0, 0, 0, 0, 0, 0, 0, 5, 0, 0, 0, 0, 0, 111, 0, 0]","[0.0, 0.0, 0.0, 0.0, 0.0, 0.0, 0.0, 0.0, 0.048956, 0.0, 0.029374, 0.004896, 0.0, 0.0, 0.0, 0.0, 0.0, 0.0, 0.004896, 0.832254, 0.0, 0.0, 0.0, 0.0, 0.0, 0.0, 0.0, 0.0, 0.0, 0.0, 0.0, 0.068539, 0.0, 0.0, 0.0, 0.058747, 0.0, 0.0, 0.0, 0.0, 0.0, 0.0, 0.0, 0.024478, 0.0, 0.0, 0.0, 0.0, 0.0, 0.543413, 0.0, 0.0]",mock_variant
1002438,MOCK-REFINE-113,refinery_bf,Australia,303.6,540,11,"[0, 0, 3, 0, 0, 0, 0, 0, 13, 0, 44, 0, 0, 0, 3, 0, 0, 0, 1, 287, 0, 0, 0, 0, 0, 0, 0, 0, 0, 0, 0, 26, 4, 0, 0, 0, 0, 0, 0, 0, 0, 0, 0, 5, 0, 0, 0, 0, 0, 146, 8, 0]","[0.0, 0.0, 0.009189, 0.0, 0.0, 0.0, 0.0, 0.0, 0.039819, 0.0, 0.13477, 0.0, 0.0, 0.0, 0.009189, 0.0, 0.0, 0.0, 0.003063, 0.87907, 0.0, 0.0, 0.0, 0.0, 0.0, 0.0, 0.0, 0.0, 0.0, 0.0, 0.0, 0.079637, 0.012252, 0.0, 0.0, 0.0, 0.0, 0.0, 0.0, 0.0, 0.0, 0.0, 0.0, 0.015315, 0.0, 0.0, 0.0, 0.0, 0.0, 0.447193, 0.024504, 0.0]",mock_variant
1005952,MOCK-PIPELI-024,pipeline_mainline,Canada,724.7,55,5,"[0, 0, 0, 0, 0, 0, 0, 0, 0, 0, 0, 0, 0, 0, 0, 0, 0, 0, 0, 0, 0, 1, 0, 0, 1, 0, 0, 0, 0, 2, 0, 2, 0, 0, 0, 0, 0, 0, 0, 0, 0, 0, 0, 0, 0, 0, 0, 0, 0, 49, 0, 0]","[0.0, 0.0, 0.0, 0.0, 0.0, 0.0, 0.0, 0.0, 0.0, 0.0, 0.0, 0.0, 0.0, 0.0, 0.0, 0.0, 0.0, 0.0, 0.0, 0.0, 0.0, 0.020366, 0.0, 0.0, 0.020366, 0.0, 0.0, 0.0, 0.0, 0.040732, 0.0, 0.040732, 0.0, 0.0, 0.0, 0.0, 0.0, 0.0, 0.0, 0.0, 0.0, 0.0, 0.0, 0.0, 0.0, 0.0, 0.0, 0.0, 0.0, 0.997924, 0.0, 0.0]",mock_variant
1008631,MOCK-REFINE-008,refinery_grassroot,Saudi Arabia,7025.0,6889,10,"[0, 0, 0, 0, 0, 0, 0, 0, 66, 0, 134, 0, 0, 0, 0, 0, 0, 0, 15, 4936, 0, 0, 0, 0, 0, 0, 0, 0, 0, 0, 0, 305, 15, 0, 0, 0, 0, 0, 0, 0, 0, 33, 0, 35, 0, 0, 0, 0, 0, 1297, 53, 0]","[0.0, 0.0, 0.0, 0.0, 0.0, 0.0, 0.0, 0.0, 0.012902, 0.0, 0.026195, 0.0, 0.0, 0.0, 0.0, 0.0, 0.0, 0.0, 0.002932, 0.964931, 0.0, 0.0, 0.0, 0.0, 0.0, 0.0, 0.0, 0.0, 0.0, 0.0, 0.0, 0.059624, 0.002932, 0.0, 0.0, 0.0, 0.0, 0.0, 0.0, 0.0, 0.0, 0.006451, 0.0, 0.006842, 0.0, 0.0, 0.0, 0.0, 0.0, 0.253549, 0.010361, 0.0]",mock_variant
1001289,MOCK-REFINE-063,refinery_bf,United States,51.6,336,11,"[0, 0, 1, 0, 0, 0, 0, 0, 1, 0, 6, 0, 0, 0, 3, 0, 0, 0, 2, 206, 0, 0, 0, 0, 0, 0, 0, 0, 0, 0, 0, 24, 2, 0, 0, 0, 0, 0, 0, 0, 0, 0, 0, 2, 0, 0, 0, 0, 0, 86, 3, 0]","[0.0, 0.0, 0.004451, 0.0, 0.0, 0.0, 0.0, 0.0, 0.004451, 0.0, 0.026706, 0.0, 0.0, 0.0, 0.013353, 0.0, 0.0, 0.0, 0.008902, 0.916906, 0.0, 0.0, 0.0, 0.0, 0.0, 0.0, 0.0, 0.0, 0.0, 0.0, 0.0, 0.106824, 0.008902, 0.0, 0.0, 0.0, 0.0, 0.0, 0.0, 0.0, 0.0, 0.0, 0.0, 0.008902, 0.0, 0.0, 0.0, 0.0, 0.0, 0.382786, 0.013353, 0.0]",mock_variant
1003020,MOCK-ONSHOR-004,onshore_petchem,Singapore,369.5,590,11,"[0, 0, 3, 0, 0, 0, 0, 0, 13, 0, 33, 0, 0, 0, 0, 0, 0, 0, 0, 362, 0, 0, 0, 0, 0, 0, 0, 0, 1, 0, 0, 36, 3, 0, 0, 0, 0, 11, 0, 0, 0, 0, 0, 7, 0, 0, 0, 0, 0, 117, 4, 0]","[0.0, 0.0, 0.007812, 0.0, 0.0, 0.0, 0.0, 0.0, 0.03385, 0.0, 0.085927, 0.0, 0.0, 0.0, 0.0, 0.0, 0.0, 0.0, 0.0, 0.942593, 0.0, 0.0, 0.0, 0.0, 0.0, 0.0, 0.0, 0.0, 0.002604, 0.0, 0.0, 0.093739, 0.007812, 0.0, 0.0, 0.0, 0.0, 0.028642, 0.0, 0.0, 0.0, 0.0, 0.0, 0.018227, 0.0, 0.0, 0.0, 0.0, 0.0, 0.30465, 0.010415, 0.0]",mock_variant
1007453,MOCK-GAS_PR-034,gas_processing,Canada,627.3,294,10,"[0, 0, 6, 0, 0, 0, 0, 0, 13, 0, 15, 1, 0, 0, 0, 0, 0, 0, 1, 177, 0, 0, 0, 0, 0, 0, 0, 0, 0, 0, 0, 23, 0, 0, 0, 7, 0, 0, 0, 0, 0, 0, 0, 9, 0, 0, 0, 0, 0, 42, 0, 0]","[0.0, 0.0, 0.032452, 0.0, 0.0, 0.0, 0.0, 0.0, 0.070312, 0.0, 0.08113, 0.005409, 0.0, 0.0, 0.0, 0.0, 0.0, 0.0, 0.005409, 0.95733, 0.0, 0.0, 0.0, 0.0, 0.0, 0.0, 0.0, 0.0, 0.0, 0.0, 0.0, 0.124399, 0.0, 0.0, 0.0, 0.037861, 0.0, 0.0, 0.0, 0.0, 0.0, 0.0, 0.0, 0.048678, 0.0, 0.0, 0.0, 0.0, 0.0, 0.227163, 0.0, 0.0]",mock_variant
1008486,MOCK-REFINE-001,refinery_grassroot,India,9766.9,5816,11,"[0, 0, 19, 0, 0, 0, 0, 0, 67, 0, 336, 0, 0, 0, 0, 0, 0, 0, 17, 4583, 0, 0, 0, 0, 0, 0, 0, 0, 0, 0, 0, 141, 19, 0, 0, 0, 0, 0, 0, 0, 0, 56, 0, 43, 0, 0, 0, 0, 0, 500, 35, 0]","[0.0, 0.0, 0.004107, 0.0, 0.0, 0.0, 0.0, 0.0, 0.014484, 0.0, 0.072635, 0.0, 0.0, 0.0, 0.0, 0.0, 0.0, 0.0, 0.003675, 0.990739, 0.0, 0.0, 0.0, 0.0, 0.0, 0.0, 0.0, 0.0, 0.0, 0.0, 0.0, 0.030481, 0.004107, 0.0, 0.0, 0.0, 0.0, 0.0, 0.0, 0.0, 0.0, 0.012106, 0.0, 0.009296, 0.0, 0.0, 0.0, 0.0, 0.0, 0.108089, 0.007566, 0.0]",mock_variant
1006250,MOCK-PIPELI-044,pipeline_mainline,United States,380.1,32,3,"[0, 0, 0, 0, 0, 0, 0, 0, 0, 0, 0, 0, 0, 0, 0, 0, 0, 0, 0, 0, 0, 0, 0, 0, 1, 0, 0, 0, 0, 0, 0, 6, 0, 0, 0, 0, 0, 0, 0, 0, 0, 0, 0, 0, 0, 0, 0, 0, 0, 25, 0, 0]","[0.0, 0.0, 0.0, 0.0, 0.0, 0.0, 0.0, 0.0, 0.0, 0.0, 0.0, 0.0, 0.0, 0.0, 0.0, 0.0, 0.0, 0.0, 0.0, 0.0, 0.0, 0.0, 0.0, 0.0, 0.038866, 0.0, 0.0, 0.0, 0.0, 0.0, 0.0, 0.233197, 0.0, 0.0, 0.0, 0.0, 0.0, 0.0, 0.0, 0.0, 0.0, 0.0, 0.0, 0.0, 0.0, 0.0, 0.0, 0.0, 0.0, 0.971653, 0.0, 0.0]",mock_variant
1000369,MOCK-REFINE-018,refinery_bf,Belgium,160.2,564,10,"[0, 0, 3, 0, 0, 0, 0, 0, 8, 0, 18, 0, 0, 0, 2, 0, 0, 0, 0, 352, 0, 0, 0, 0, 0, 0, 0, 0, 0, 0, 0, 27, 1, 0, 0, 0, 0, 0, 0, 0, 0, 0, 0, 1, 0, 0, 0, 0, 0, 148, 4, 0]","[0.0, 0.0, 0.007826, 0.0, 0.0, 0.0, 0.0, 0.0, 0.020869, 0.0, 0.046955, 0.0, 0.0, 0.0, 0.005217, 0.0, 0.0, 0.0, 0.0, 0.918225, 0.0, 0.0, 0.0, 0.0, 0.0, 0.0, 0.0, 0.0, 0.0, 0.0, 0.0, 0.070432, 0.002609, 0.0, 0.0, 0.0, 0.0, 0.0, 0.0, 0.0, 0.0, 0.0, 0.0, 0.002609, 0.0, 0.0, 0.0, 0.0, 0.0, 0.386072, 0.010434, 0.0]",mock_variant
1001479,MOCK-REFINE-072,refinery_bf,Belgium,93.7,199,10,"[0, 0, 3, 0, 0, 0, 0, 0, 8, 0, 19, 0, 0, 0, 3, 0, 0, 0, 2, 116, 0, 0, 0, 0, 0, 0, 0, 0, 0, 0, 0, 2, 0, 0, 0, 0, 0, 0, 0, 0, 0, 0, 0, 5, 0, 0, 0, 0, 0, 38, 3, 0]","[0.0, 0.0, 0.024186, 0.0, 0.0, 0.0, 0.0, 0.0, 0.064497, 0.0, 0.153181, 0.0, 0.0, 0.0, 0.024186, 0.0, 0.0, 0.0, 0.016124, 0.93521, 0.0, 0.0, 0.0, 0.0, 0.0, 0.0, 0.0, 0.0, 0.0, 0.0, 0.0, 0.016124, 0.0, 0.0, 0.0, 0.0, 0.0, 0.0, 0.0, 0.0, 0.0, 0.0, 0.0, 0.040311, 0.0, 0.0, 0.0, 0.0, 0.0, 0.306362, 0.024186, 0.0]",mock_variant
1002616,MOCK-REFINE-121,refinery_bf,United States,96.5,425,10,"[0, 0, 1, 0, 0, 0, 0, 0, 6, 0, 9, 0, 0, 0, 1, 0, 0, 0, 1, 259, 0, 0, 0, 0, 0, 0, 0, 0, 0, 0, 0, 17, 0, 0, 0, 0, 0, 0, 0, 0, 0, 0, 0, 5, 0, 0, 0, 0, 0, 118, 8, 0]","[0.0, 0.0, 0.003503, 0.0, 0.0, 0.0, 0.0, 0.0, 0.021017, 0.0, 0.031525, 0.0, 0.0, 0.0, 0.003503, 0.0, 0.0, 0.0, 0.003503, 0.907221, 0.0, 0.0, 0.0, 0.0, 0.0, 0.0, 0.0, 0.0, 0.0, 0.0, 0.0, 0.059547, 0.0, 0.0, 0.0, 0.0, 0.0, 0.0, 0.0, 0.0, 0.0, 0.0, 0.0, 0.017514, 0.0, 0.0, 0.0, 0.0, 0.0, 0.413328, 0.028022, 0.0]",mock_variant
1004528,MOCK-ONSHOR-080,onshore_petchem,Belgium,849.6,683,11,"[0, 0, 8, 0, 0, 0, 0, 0, 13, 0, 60, 0, 0, 0, 0, 0, 0, 0, 0, 351, 0, 0, 0, 0, 0, 0, 0, 0, 2, 0, 0, 70, 3, 0, 0, 0, 0, 7, 0, 0, 0, 0, 0, 2, 0, 0, 0, 0, 0, 163, 4, 0]","[0.0, 0.0, 0.020089, 0.0, 0.0, 0.0, 0.0, 0.0, 0.032645, 0.0, 0.150668, 0.0, 0.0, 0.0, 0.0, 0.0, 0.0, 0.0, 0.0, 0.881406, 0.0, 0.0, 0.0, 0.0, 0.0, 0.0, 0.0, 0.0, 0.005022, 0.0, 0.0, 0.175779, 0.007533, 0.0, 0.0, 0.0, 0.0, 0.017578, 0.0, 0.0, 0.0, 0.0, 0.0, 0.005022, 0.0, 0.0, 0.0, 0.0, 0.0, 0.409314, 0.010045, 0.0]",mock_variant
1003363,MOCK-ONSHOR-020,onshore_petchem,Canada,119.3,288,11,"[0, 0, 2, 0, 0, 0, 0, 0, 3, 0, 9, 0, 0, 0, 0, 0, 0, 0, 0, 171, 0, 0, 0, 0, 0, 0, 0, 0, 2, 0, 0, 26, 1, 0, 0, 0, 0, 4, 0, 0, 0, 0, 0, 5, 0, 0, 0, 0, 0, 58, 7, 0]","[0.0, 0.0, 0.010932, 0.0, 0.0, 0.0, 0.0, 0.0, 0.016398, 0.0, 0.049194, 0.0, 0.0, 0.0, 0.0, 0.0, 0.0, 0.0, 0.0, 0.934691, 0.0, 0.0, 0.0, 0.0, 0.0, 0.0, 0.0, 0.0, 0.010932, 0.0, 0.0, 0.142117, 0.005466, 0.0, 0.0, 0.0, 0.0, 0.021864, 0.0, 0.0, 0.0, 0.0, 0.0, 0.02733, 0.0, 0.0, 0.0, 0.0, 0.0, 0.31703, 0.038262, 0.0]",mock_variant
1007556,MOCK-LNG_ON-001,lng_onshore,Australia,3355.2,663,11,"[0, 0, 7, 0, 0, 0, 0, 0, 6, 0, 10, 0, 0, 0, 0, 0, 0, 0, 0, 241, 0, 0, 4, 0, 0, 0, 0, 0, 0, 0, 0, 38, 0, 0, 0, 0, 0, 0, 0, 0, 0, 3, 0, 6, 0, 0, 5, 0, 0, 340, 3, 0]","[0.0, 0.0, 0.016714, 0.0, 0.0, 0.0, 0.0, 0.0, 0.014326, 0.0, 0.023877, 0.0, 0.0, 0.0, 0.0, 0.0, 0.0, 0.0, 0.0, 0.575435, 0.0, 0.0, 0.009551, 0.0, 0.0, 0.0, 0.0, 0.0, 0.0, 0.0, 0.0, 0.090732, 0.0, 0.0, 0.0, 0.0, 0.0, 0.0, 0.0, 0.0, 0.0, 0.007163, 0.0, 0.014326, 0.0, 0.0, 0.011938, 0.0, 0.0, 0.811817, 0.007163, 0.0]",mock_variant
1009596,MOCK-ONSHOR-036,onshore_conventional,United States,2090.9,190,9,"[0, 0, 8, 0, 0, 0, 0, 0, 0, 0, 17, 0, 0, 0, 0, 0, 1, 0, 0, 0, 0, 0, 0, 0, 0, 0, 0, 0, 0, 0, 0, 52, 0, 0, 0, 6, 0, 0, 0, 0, 0, 22, 0, 0, 0, 0, 0, 0, 0, 44, 13, 27]","[0.0, 0.0, 0.099906, 0.0, 0.0, 0.0, 0.0, 0.0, 0.0, 0.0, 0.212301, 0.0, 0.0, 0.0, 0.0, 0.0, 0.012488, 0.0, 0.0, 0.0, 0.0, 0.0, 0.0, 0.0, 0.0, 0.0, 0.0, 0.0, 0.0, 0.0, 0.0, 0.649391, 0.0, 0.0, 0.0, 0.07493, 0.0, 0.0, 0.0, 0.0, 0.0, 0.274743, 0.0, 0.0, 0.0, 0.0, 0.0, 0.0, 0.0, 0.549485, 0.162348, 0.337184]",mock_variant
1007769,MOCK-LNG_ON-013,lng_onshore,Australia,3825.2,1063,11,"[0, 0, 2, 0, 0, 0, 0, 0, 4, 0, 25, 0, 0, 0, 0, 0, 0, 0, 0, 729, 0, 0, 4, 0, 0, 0, 0, 0, 0, 0, 0, 26, 0, 0, 0, 0, 0, 0, 0, 0, 0, 2, 0, 5, 0, 0, 6, 0, 0, 253, 7, 0]","[0.0, 0.0, 0.002589, 0.0, 0.0, 0.0, 0.0, 0.0, 0.005177, 0.0, 0.032359, 0.0, 0.0, 0.0, 0.0, 0.0, 0.0, 0.0, 0.0, 0.943575, 0.0, 0.0, 0.005177, 0.0, 0.0, 0.0, 0.0, 0.0, 0.0, 0.0, 0.0, 0.033653, 0.0, 0.0, 0.0, 0.0, 0.0, 0.0, 0.0, 0.0, 0.0, 0.002589, 0.0, 0.006472, 0.0, 0.0, 0.007766, 0.0, 0.0, 0.327468, 0.00906, 0.0]",mock_variant
1001387,MOCK-REFINE-068,refinery_bf,Belgium,80.6,196,11,"[0, 0, 2, 0, 0, 0, 0, 0, 5, 0, 8, 0, 0, 0, 1, 0, 0, 0, 1, 117, 0, 0, 0, 0, 0, 0, 0, 0, 0, 0, 0, 20, 1, 0, 0, 0, 0, 0, 0, 0, 0, 0, 0, 3, 0, 0, 0, 0, 0, 36, 2, 0]","[0.0, 0.0, 0.016067, 0.0, 0.0, 0.0, 0.0, 0.0, 0.040169, 0.0, 0.06427, 0.0, 0.0, 0.0, 0.008034, 0.0, 0.0, 0.0, 0.008034, 0.939949, 0.0, 0.0, 0.0, 0.0, 0.0, 0.0, 0.0, 0.0, 0.0, 0.0, 0.0, 0.160675, 0.008034, 0.0, 0.0, 0.0, 0.0, 0.0, 0.0, 0.0, 0.0, 0.0, 0.0, 0.024101, 0.0, 0.0, 0.0, 0.0, 0.0, 0.289215, 0.016067, 0.0]",mock_variant
1003791,MOCK-ONSHOR-046,onshore_petchem,Singapore,382.5,537,9,"[0, 0, 5, 0, 0, 0, 0, 0, 8, 0, 10, 0, 0, 0, 0, 0, 0, 0, 0, 227, 0, 0, 0, 0, 0, 0, 0, 0, 0, 0, 0, 59, 5, 0, 0, 0, 0, 0, 0, 0, 0, 0, 0, 8, 0, 0, 0, 0, 0, 205, 10, 0]","[0.0, 0.0, 0.01602, 0.0, 0.0, 0.0, 0.0, 0.0, 0.025632, 0.0, 0.03204, 0.0, 0.0, 0.0, 0.0, 0.0, 0.0, 0.0, 0.0, 0.727306, 0.0, 0.0, 0.0, 0.0, 0.0, 0.0, 0.0, 0.0, 0.0, 0.0, 0.0, 0.189036, 0.01602, 0.0, 0.0, 0.0, 0.0, 0.0, 0.0, 0.0, 0.0, 0.0, 0.0, 0.025632, 0.0, 0.0, 0.0, 0.0, 0.0, 0.656819, 0.03204, 0.0]",mock_variant
1002739,MOCK-REFINE-127,refinery_bf,Australia,27.2,207,9,"[0, 0, 0, 0, 0, 0, 0, 0, 2, 0, 1, 0, 0, 0, 0, 0, 0, 0, 2, 123, 0, 0, 0, 0, 0, 0, 0, 0, 0, 0, 0, 18, 2, 0, 0, 0, 0, 0, 0, 0, 0, 0, 0, 1, 0, 0, 0, 0, 0, 55, 3, 0]","[0.0, 0.0, 0.0, 0.0, 0.0, 0.0, 0.0, 0.0, 0.014704, 0.0, 0.007352, 0.0, 0.0, 0.0, 0.0, 0.0, 0.0, 0.0, 0.014704, 0.90429, 0.0, 0.0, 0.0, 0.0, 0.0, 0.0, 0.0, 0.0, 0.0, 0.0, 0.0, 0.132335, 0.014704, 0.0, 0.0, 0.0, 0.0, 0.0, 0.0, 0.0, 0.0, 0.0, 0.0, 0.007352, 0.0, 0.0, 0.0, 0.0, 0.0, 0.404357, 0.022056, 0.0]",mock_variant
1001161,MOCK-REFINE-056,refinery_bf,Australia,521.2,1022,11,"[0, 0, 1, 0, 0, 0, 0, 0, 6, 0, 53, 0, 0, 0, 4, 0, 0, 0, 3, 619, 0, 0, 0, 0, 0, 0, 0, 0, 0, 0, 0, 12, 4, 0, 0, 0, 0, 0, 0, 0, 0, 0, 0, 6, 0, 0, 0, 0, 0, 305, 9, 0]","[0.0, 0.0, 0.001444, 0.0, 0.0, 0.0, 0.0, 0.0, 0.008666, 0.0, 0.076552, 0.0, 0.0, 0.0, 0.005778, 0.0, 0.0, 0.0, 0.004333, 0.89407, 0.0, 0.0, 0.0, 0.0, 0.0, 0.0, 0.0, 0.0, 0.0, 0.0, 0.0, 0.017333, 0.005778, 0.0, 0.0, 0.0, 0.0, 0.0, 0.0, 0.0, 0.0, 0.0, 0.0, 0.008666, 0.0, 0.0, 0.0, 0.0, 0.0, 0.440535, 0.012999, 0.0]",mock_variant
1005578,MOCK-PIPELI-007,pipeline_mainline,Canada,119.4,19,2,"[0, 0, 0, 0, 0, 0, 0, 0, 0, 0, 0, 0, 0, 0, 0, 0, 0, 0, 0, 0, 0, 0, 0, 0, 0, 0, 0, 0, 0, 0, 0, 2, 0, 0, 0, 0, 0, 0, 0, 0, 0, 0, 0, 0, 0, 0, 0, 0, 0, 17, 0, 0]","[0.0, 0.0, 0.0, 0.0, 0.0, 0.0, 0.0, 0.0, 0.0, 0.0, 0.0, 0.0, 0.0, 0.0, 0.0, 0.0, 0.0, 0.0, 0.0, 0.0, 0.0, 0.0, 0.0, 0.0, 0.0, 0.0, 0.0, 0.0, 0.0, 0.0, 0.0, 0.116841, 0.0, 0.0, 0.0, 0.0, 0.0, 0.0, 0.0, 0.0, 0.0, 0.0, 0.0, 0.0, 0.0, 0.0, 0.0, 0.0, 0.0, 0.993151, 0.0, 0.0]",mock_variant
1005933,MOCK-PIPELI-022,pipeline_mainline,Australia,57.8,11,4,"[0, 0, 0, 0, 0, 0, 0, 0, 0, 0, 0, 0, 0, 0, 0, 0, 0, 0, 0, 0, 0, 0, 0, 0, 2, 0, 0, 0, 0, 2, 0, 1, 0, 0, 0, 0, 0, 0, 0, 0, 0, 0, 0, 0, 0, 0, 0, 0, 0, 6, 0, 0]","[0.0, 0.0, 0.0, 0.0, 0.0, 0.0, 0.0, 0.0, 0.0, 0.0, 0.0, 0.0, 0.0, 0.0, 0.0, 0.0, 0.0, 0.0, 0.0, 0.0, 0.0, 0.0, 0.0, 0.0, 0.298142, 0.0, 0.0, 0.0, 0.0, 0.298142, 0.0, 0.149071, 0.0, 0.0, 0.0, 0.0, 0.0, 0.0, 0.0, 0.0, 0.0, 0.0, 0.0, 0.0, 0.0, 0.0, 0.0, 0.0, 0.0, 0.894427, 0.0, 0.0]",mock_variant
1004878,MOCK-OFFSHO-017,offshore_fpso,Brazil,8088.1,259,14,"[0, 0, 5, 0, 0, 0, 0, 0, 0, 0, 2, 0, 0, 0, 0, 0, 3, 0, 0, 0, 0, 0, 0, 0, 0, 13, 0, 0, 0, 0, 0, 16, 0, 1, 0, 4, 0, 0, 19, 0, 2, 0, 0, 0, 0, 0, 3, 3, 3, 177, 8, 0]","[0.0, 0.0, 0.027836, 0.0, 0.0, 0.0, 0.0, 0.0, 0.0, 0.0, 0.011134, 0.0, 0.0, 0.0, 0.0, 0.0, 0.016701, 0.0, 0.0, 0.0, 0.0, 0.0, 0.0, 0.0, 0.0, 0.072373, 0.0, 0.0, 0.0, 0.0, 0.0, 0.089075, 0.0, 0.005567, 0.0, 0.022269, 0.0, 0.0, 0.105776, 0.0, 0.011134, 0.0, 0.0, 0.0, 0.0, 0.0, 0.016701, 0.016701, 0.016701, 0.985388, 0.044537, 0.0]",mock_variant
1002716,MOCK-REFINE-126,refinery_bf,Australia,43.9,171,9,"[0, 0, 0, 0, 0, 0, 0, 0, 1, 0, 15, 0, 0, 0, 2, 0, 0, 0, 2, 79, 0, 0, 0, 0, 0, 0, 0, 0, 0, 0, 0, 13, 1, 0, 0, 0, 0, 0, 0, 0, 0, 0, 0, 0, 0, 0, 0, 0, 0, 55, 3, 0]","[0.0, 0.0, 0.0, 0.0, 0.0, 0.0, 0.0, 0.0, 0.010164, 0.0, 0.152467, 0.0, 0.0, 0.0, 0.020329, 0.0, 0.0, 0.0, 0.020329, 0.802993, 0.0, 0.0, 0.0, 0.0, 0.0, 0.0, 0.0, 0.0, 0.0, 0.0, 0.0, 0.132138, 0.010164, 0.0, 0.0, 0.0, 0.0, 0.0, 0.0, 0.0, 0.0, 0.0, 0.0, 0.0, 0.0, 0.0, 0.0, 0.0, 0.0, 0.559046, 0.030493, 0.0]",mock_variant
1000327,MOCK-REFINE-016,refinery_bf,Singapore,36.5,288,9,"[0, 0, 1, 0, 0, 0, 0, 0, 0, 0, 12, 0, 0, 0, 1, 0, 0, 0, 0, 185, 0, 0, 0, 0, 0, 0, 0, 0, 0, 0, 0, 25, 2, 0, 0, 0, 0, 0, 0, 0, 0, 0, 0, 1, 0, 0, 0, 0, 0, 60, 1, 0]","[0.0, 0.0, 0.00509, 0.0, 0.0, 0.0, 0.0, 0.0, 0.0, 0.0, 0.061077, 0.0, 0.0, 0.0, 0.00509, 0.0, 0.0, 0.0, 0.0, 0.941601, 0.0, 0.0, 0.0, 0.0, 0.0, 0.0, 0.0, 0.0, 0.0, 0.0, 0.0, 0.127243, 0.010179, 0.0, 0.0, 0.0, 0.0, 0.0, 0.0, 0.0, 0.0, 0.0, 0.0, 0.00509, 0.0, 0.0, 0.0, 0.0, 0.0, 0.305384, 0.00509, 0.0]",mock_variant
1003004,MOCK-ONSHOR-003,onshore_petchem,Canada,1267.4,1054,11,"[0, 0, 6, 0, 0, 0, 0, 0, 17, 0, 37, 0, 0, 0, 0, 0, 0, 0, 0, 706, 0, 0, 0, 0, 0, 0, 0, 0, 3, 0, 0, 82, 4, 0, 0, 0, 0, 26, 0, 0, 0, 0, 0, 7, 0, 0, 0, 0, 0, 149, 17, 0]","[0.0, 0.0, 0.008241, 0.0, 0.0, 0.0, 0.0, 0.0, 0.023349, 0.0, 0.050819, 0.0, 0.0, 0.0, 0.0, 0.0, 0.0, 0.0, 0.0, 0.96968, 0.0, 0.0, 0.0, 0.0, 0.0, 0.0, 0.0, 0.0, 0.00412, 0.0, 0.0, 0.112626, 0.005494, 0.0, 0.0, 0.0, 0.0, 0.035711, 0.0, 0.0, 0.0, 0.0, 0.0, 0.009614, 0.0, 0.0, 0.0, 0.0, 0.0, 0.204649, 0.023349, 0.0]",mock_variant
1005475,MOCK-PIPELI-003,pipeline_mainline,Australia,412.8,48,5,"[0, 0, 0, 0, 0, 2, 0, 0, 0, 0, 0, 0, 0, 0, 0, 0, 0, 0, 0, 0, 0, 0, 0, 0, 8, 0, 0, 0, 0, 3, 0, 4, 0, 0, 0, 0, 0, 0, 0, 0, 0, 0, 0, 0, 0, 0, 0, 0, 0, 31, 0, 0]","[0.0, 0.0, 0.0, 0.0, 0.0, 0.061604, 0.0, 0.0, 0.0, 0.0, 0.0, 0.0, 0.0, 0.0, 0.0, 0.0, 0.0, 0.0, 0.0, 0.0, 0.0, 0.0, 0.0, 0.0, 0.246416, 0.0, 0.0, 0.0, 0.0, 0.092406, 0.0, 0.123208, 0.0, 0.0, 0.0, 0.0, 0.0, 0.0, 0.0, 0.0, 0.0, 0.0, 0.0, 0.0, 0.0, 0.0, 0.0, 0.0, 0.0, 0.954864, 0.0, 0.0]",mock_variant
1004423,MOCK-ONSHOR-075,onshore_petchem,Singapore,1377.3,919,11,"[0, 0, 8, 0, 0, 0, 0, 0, 18, 0, 81, 0, 0, 0, 0, 0, 0, 0, 0, 510, 0, 0, 0, 0, 0, 0, 0, 0, 1, 0, 0, 111, 8, 0, 0, 0, 0, 12, 0, 0, 0, 0, 0, 4, 0, 0, 0, 0, 0, 148, 18, 0]","[0.0, 0.0, 0.014562, 0.0, 0.0, 0.0, 0.0, 0.0, 0.032764, 0.0, 0.147438, 0.0, 0.0, 0.0, 0.0, 0.0, 0.0, 0.0, 0.0, 0.928312, 0.0, 0.0, 0.0, 0.0, 0.0, 0.0, 0.0, 0.0, 0.00182, 0.0, 0.0, 0.202044, 0.014562, 0.0, 0.0, 0.0, 0.0, 0.021843, 0.0, 0.0, 0.0, 0.0, 0.0, 0.007281, 0.0, 0.0, 0.0, 0.0, 0.0, 0.269393, 0.032764, 0.0]",mock_variant
1008250,MOCK-OIL_SA-015,oil_sands,Canada,1959.7,104,10,"[1, 0, 0, 16, 0, 0, 0, 3, 0, 0, 5, 0, 0, 0, 0, 0, 0, 23, 0, 0, 0, 0, 0, 0, 0, 0, 0, 0, 0, 0, 0, 33, 0, 0, 0, 0, 4, 0, 0, 0, 0, 8, 3, 0, 0, 0, 0, 0, 0, 0, 8, 0]","[0.022022, 0.0, 0.0, 0.352351, 0.0, 0.0, 0.0, 0.066066, 0.0, 0.0, 0.11011, 0.0, 0.0, 0.0, 0.0, 0.0, 0.0, 0.506505, 0.0, 0.0, 0.0, 0.0, 0.0, 0.0, 0.0, 0.0, 0.0, 0.0, 0.0, 0.0, 0.0, 0.726724, 0.0, 0.0, 0.0, 0.0, 0.088088, 0.0, 0.0, 0.0, 0.0, 0.176176, 0.066066, 0.0, 0.0, 0.0, 0.0, 0.0, 0.0, 0.0, 0.176176, 0.0]",mock_variant
1007748,MOCK-LNG_ON-012,lng_onshore,United States,12684.5,1467,11,"[0, 0, 12, 0, 0, 0, 0, 0, 19, 0, 32, 0, 0, 0, 0, 0, 0, 0, 0, 775, 0, 0, 5, 0, 0, 0, 0, 0, 0, 0, 0, 67, 0, 0, 0, 0, 0, 0, 0, 0, 0, 2, 0, 10, 0, 0, 14, 0, 0, 519, 12, 0]","[0.0, 0.0, 0.012818, 0.0, 0.0, 0.0, 0.0, 0.0, 0.020295, 0.0, 0.034181, 0.0, 0.0, 0.0, 0.0, 0.0, 0.0, 0.0, 0.0, 0.827813, 0.0, 0.0, 0.005341, 0.0, 0.0, 0.0, 0.0, 0.0, 0.0, 0.0, 0.0, 0.071566, 0.0, 0.0, 0.0, 0.0, 0.0, 0.0, 0.0, 0.0, 0.0, 0.002136, 0.0, 0.010681, 0.0, 0.0, 0.014954, 0.0, 0.0, 0.554368, 0.012818, 0.0]",mock_variant
1004339,MOCK-ONSHOR-071,onshore_petchem,Canada,329.6,446,10,"[0, 0, 4, 0, 0, 0, 0, 0, 9, 0, 38, 0, 0, 0, 0, 0, 0, 0, 0, 258, 0, 0, 0, 0, 0, 0, 0, 0, 2, 0, 0, 24, 4, 0, 0, 0, 0, 0, 0, 0, 0, 0, 0, 1, 0, 0, 0, 0, 0, 97, 9, 0]","[0.0, 0.0, 0.014305, 0.0, 0.0, 0.0, 0.0, 0.0, 0.032186, 0.0, 0.135895, 0.0, 0.0, 0.0, 0.0, 0.0, 0.0, 0.0, 0.0, 0.922653, 0.0, 0.0, 0.0, 0.0, 0.0, 0.0, 0.0, 0.0, 0.007152, 0.0, 0.0, 0.085828, 0.014305, 0.0, 0.0, 0.0, 0.0, 0.0, 0.0, 0.0, 0.0, 0.0, 0.0, 0.003576, 0.0, 0.0, 0.0, 0.0, 0.0, 0.346889, 0.032186, 0.0]",mock_variant
1004857,MOCK-OFFSHO-015,offshore_fpso,Brazil,5833.5,139,14,"[0, 0, 3, 0, 0, 0, 0, 0, 0, 0, 7, 0, 0, 0, 0, 0, 6, 0, 0, 0, 0, 0, 0, 0, 0, 26, 0, 0, 0, 0, 0, 10, 0, 6, 0, 3, 0, 0, 10, 0, 1, 0, 0, 0, 0, 0, 4, 1, 1, 57, 4, 0]","[0.0, 0.0, 0.045755, 0.0, 0.0, 0.0, 0.0, 0.0, 0.0, 0.0, 0.106761, 0.0, 0.0, 0.0, 0.0, 0.0, 0.09151, 0.0, 0.0, 0.0, 0.0, 0.0, 0.0, 0.0, 0.0, 0.396542, 0.0, 0.0, 0.0, 0.0, 0.0, 0.152516, 0.0, 0.09151, 0.0, 0.045755, 0.0, 0.0, 0.152516, 0.0, 0.015252, 0.0, 0.0, 0.0, 0.0, 0.0, 0.061007, 0.015252, 0.015252, 0.869343, 0.061007, 0.0]",mock_variant
1008808,MOCK-REFINE-017,refinery_grassroot,Singapore,6524.6,5897,11,"[0, 0, 12, 0, 0, 0, 0, 0, 49, 0, 300, 0, 0, 0, 0, 0, 0, 0, 7, 3506, 0, 0, 0, 0, 0, 0, 0, 0, 0, 0, 0, 257, 11, 0, 0, 0, 0, 0, 0, 0, 0, 36, 0, 10, 0, 0, 0, 0, 0, 1642, 67, 0]","[0.0, 0.0, 0.003083, 0.0, 0.0, 0.0, 0.0, 0.0, 0.012588, 0.0, 0.077068, 0.0, 0.0, 0.0, 0.0, 0.0, 0.0, 0.0, 0.001798, 0.900668, 0.0, 0.0, 0.0, 0.0, 0.0, 0.0, 0.0, 0.0, 0.0, 0.0, 0.0, 0.066022, 0.002826, 0.0, 0.0, 0.0, 0.0, 0.0, 0.0, 0.0, 0.0, 0.009248, 0.0, 0.002569, 0.0, 0.0, 0.0, 0.0, 0.0, 0.421819, 0.017212, 0.0]",mock_variant
1001435,MOCK-REFINE-070,refinery_bf,Canada,162.7,517,10,"[0, 0, 2, 0, 0, 0, 0, 0, 8, 0, 23, 0, 0, 0, 3, 0, 0, 0, 2, 331, 0, 0, 0, 0, 0, 0, 0, 0, 0, 0, 0, 18, 0, 0, 0, 0, 0, 0, 0, 0, 0, 0, 0, 2, 0, 0, 0, 0, 0, 122, 6, 0]","[0.0, 0.0, 0.005647, 0.0, 0.0, 0.0, 0.0, 0.0, 0.02259, 0.0, 0.064945, 0.0, 0.0, 0.0, 0.008471, 0.0, 0.0, 0.0, 0.005647, 0.934644, 0.0, 0.0, 0.0, 0.0, 0.0, 0.0, 0.0, 0.0, 0.0, 0.0, 0.0, 0.050827, 0.0, 0.0, 0.0, 0.0, 0.0, 0.0, 0.0, 0.0, 0.0, 0.0, 0.0, 0.005647, 0.0, 0.0, 0.0, 0.0, 0.0, 0.344491, 0.016942, 0.0]",mock_variant
1002061,MOCK-REFINE-097,refinery_bf,Australia,129.4,263,10,"[0, 0, 2, 0, 0, 0, 0, 0, 3, 0, 26, 0, 0, 0, 3, 0, 0, 0, 0, 176, 0, 0, 0, 0, 0, 0, 0, 0, 0, 0, 0, 20, 1, 0, 0, 0, 0, 0, 0, 0, 0, 0, 0, 2, 0, 0, 0, 0, 0, 27, 3, 0]","[0.0, 0.0, 0.01104, 0.0, 0.0, 0.0, 0.0, 0.0, 0.01656, 0.0, 0.143524, 0.0, 0.0, 0.0, 0.01656, 0.0, 0.0, 0.0, 0.0, 0.971546, 0.0, 0.0, 0.0, 0.0, 0.0, 0.0, 0.0, 0.0, 0.0, 0.0, 0.0, 0.110403, 0.00552, 0.0, 0.0, 0.0, 0.0, 0.0, 0.0, 0.0, 0.0, 0.0, 0.0, 0.01104, 0.0, 0.0, 0.0, 0.0, 0.0, 0.149044, 0.01656, 0.0]",mock_variant
1009103,MOCK-ONSHOR-010,onshore_conventional,Nigeria,174.5,72,10,"[0, 0, 2, 0, 0, 0, 0, 0, 0, 0, 5, 0, 0, 0, 0, 0, 1, 0, 2, 0, 0, 0, 0, 0, 0, 0, 0, 0, 0, 0, 0, 7, 0, 0, 0, 2, 0, 0, 0, 0, 0, 6, 0, 0, 0, 0, 0, 0, 0, 35, 2, 10]","[0.0, 0.0, 0.052486, 0.0, 0.0, 0.0, 0.0, 0.0, 0.0, 0.0, 0.131216, 0.0, 0.0, 0.0, 0.0, 0.0, 0.026243, 0.0, 0.052486, 0.0, 0.0, 0.0, 0.0, 0.0, 0.0, 0.0, 0.0, 0.0, 0.0, 0.0, 0.0, 0.183702, 0.0, 0.0, 0.0, 0.052486, 0.0, 0.0, 0.0, 0.0, 0.0, 0.157459, 0.0, 0.0, 0.0, 0.0, 0.0, 0.0, 0.0, 0.918512, 0.052486, 0.262432]",mock_variant
1009640,MOCK-ONSHOR-040,onshore_conventional,Chad,1613.8,199,10,"[0, 0, 5, 0, 0, 0, 0, 0, 0, 0, 14, 0, 0, 0, 0, 0, 6, 0, 1, 0, 0, 0, 0, 0, 0, 0, 0, 0, 0, 0, 0, 24, 0, 0, 0, 7, 0, 0, 0, 0, 0, 9, 0, 0, 0, 0, 0, 0, 0, 97, 2, 34]","[0.0, 0.0, 0.046558, 0.0, 0.0, 0.0, 0.0, 0.0, 0.0, 0.0, 0.130364, 0.0, 0.0, 0.0, 0.0, 0.0, 0.05587, 0.0, 0.009312, 0.0, 0.0, 0.0, 0.0, 0.0, 0.0, 0.0, 0.0, 0.0, 0.0, 0.0, 0.0, 0.223481, 0.0, 0.0, 0.0, 0.065182, 0.0, 0.0, 0.0, 0.0, 0.0, 0.083805, 0.0, 0.0, 0.0, 0.0, 0.0, 0.0, 0.0, 0.903235, 0.018623, 0.316598]",mock_variant
1005154,MOCK-OFFSHO-030,offshore_fpso,United States,4749.7,151,15,"[0, 0, 4, 0, 0, 0, 0, 0, 0, 0, 6, 0, 0, 0, 0, 0, 5, 0, 0, 0, 0, 0, 0, 2, 0, 13, 0, 0, 0, 0, 0, 9, 0, 4, 0, 7, 0, 0, 12, 0, 1, 0, 0, 0, 0, 0, 5, 1, 6, 70, 6, 0]","[0.0, 0.0, 0.053746, 0.0, 0.0, 0.0, 0.0, 0.0, 0.0, 0.0, 0.080619, 0.0, 0.0, 0.0, 0.0, 0.0, 0.067182, 0.0, 0.0, 0.0, 0.0, 0.0, 0.0, 0.026873, 0.0, 0.174674, 0.0, 0.0, 0.0, 0.0, 0.0, 0.120928, 0.0, 0.053746, 0.0, 0.094055, 0.0, 0.0, 0.161237, 0.0, 0.013436, 0.0, 0.0, 0.0, 0.0, 0.0, 0.067182, 0.013436, 0.080619, 0.940551, 0.080619, 0.0]",mock_variant
1002546,MOCK-REFINE-118,refinery_bf,Canada,324.2,748,11,"[0, 0, 1, 0, 0, 0, 0, 0, 14, 0, 22, 0, 0, 0, 5, 0, 0, 0, 2, 505, 0, 0, 0, 0, 0, 0, 0, 0, 0, 0, 0, 53, 5, 0, 0, 0, 0, 0, 0, 0, 0, 0, 0, 7, 0, 0, 0, 0, 0, 125, 9, 0]","[0.0, 0.0, 0.001909, 0.0, 0.0, 0.0, 0.0, 0.0, 0.02673, 0.0, 0.042004, 0.0, 0.0, 0.0, 0.009546, 0.0, 0.0, 0.0, 0.003819, 0.964183, 0.0, 0.0, 0.0, 0.0, 0.0, 0.0, 0.0, 0.0, 0.0, 0.0, 0.0, 0.101191, 0.009546, 0.0, 0.0, 0.0, 0.0, 0.0, 0.0, 0.0, 0.0, 0.0, 0.0, 0.013365, 0.0, 0.0, 0.0, 0.0, 0.0, 0.238659, 0.017183, 0.0]",mock_variant
1008730,MOCK-REFINE-012,refinery_grassroot,Saudi Arabia,3010.4,2249,11,"[0, 0, 15, 0, 0, 0, 0, 0, 34, 0, 140, 0, 0, 0, 0, 0, 0, 0, 19, 854, 0, 0, 0, 0, 0, 0, 0, 0, 0, 0, 0, 103, 9, 0, 0, 0, 0, 0, 0, 0, 0, 21, 0, 22, 0, 0, 0, 0, 0, 1000, 32, 0]","[0.0, 0.0, 0.011296, 0.0, 0.0, 0.0, 0.0, 0.0, 0.025604, 0.0, 0.10543, 0.0, 0.0, 0.0, 0.0, 0.0, 0.0, 0.0, 0.014308, 0.643125, 0.0, 0.0, 0.0, 0.0, 0.0, 0.0, 0.0, 0.0, 0.0, 0.0, 0.0, 0.077567, 0.006778, 0.0, 0.0, 0.0, 0.0, 0.0, 0.0, 0.0, 0.0, 0.015815, 0.0, 0.016568, 0.0, 0.0, 0.0, 0.0, 0.0, 0.753073, 0.024098, 0.0]",mock_variant
1004582,MOCK-OFFSHO-002,offshore_fpso,Norway,2538.7,111,12,"[0, 0, 4, 0, 0, 0, 0, 0, 0, 0, 4, 0, 0, 0, 0, 0, 2, 0, 0, 0, 0, 0, 0, 2, 0, 9, 0, 0, 0, 0, 0, 14, 0, 7, 0, 3, 0, 0, 4, 0, 1, 0, 0, 0, 0, 0, 0, 0, 0, 59, 2, 0]","[0.0, 0.0, 0.064241, 0.0, 0.0, 0.0, 0.0, 0.0, 0.0, 0.0, 0.064241, 0.0, 0.0, 0.0, 0.0, 0.0, 0.03212, 0.0, 0.0, 0.0, 0.0, 0.0, 0.0, 0.03212, 0.0, 0.144542, 0.0, 0.0, 0.0, 0.0, 0.0, 0.224843, 0.0, 0.112422, 0.0, 0.048181, 0.0, 0.0, 0.064241, 0.0, 0.01606, 0.0, 0.0, 0.0, 0.0, 0.0, 0.0, 0.0, 0.0, 0.947554, 0.03212, 0.0]",mock_variant
1001259,MOCK-REFINE-061,refinery_bf,Belgium,32.3,171,9,"[0, 0, 2, 0, 0, 0, 0, 0, 1, 0, 16, 0, 0, 0, 0, 0, 0, 0, 1, 102, 0, 0, 0, 0, 0, 0, 0, 0, 0, 0, 0, 5, 0, 0, 0, 0, 0, 0, 0, 0, 0, 0, 0, 4, 0, 0, 0, 0, 0, 38, 2, 0]","[0.0, 0.0, 0.018141, 0.0, 0.0, 0.0, 0.0, 0.0, 0.00907, 0.0, 0.145125, 0.0, 0.0, 0.0, 0.0, 0.0, 0.0, 0.0, 0.00907, 0.925172, 0.0, 0.0, 0.0, 0.0, 0.0, 0.0, 0.0, 0.0, 0.0, 0.0, 0.0, 0.045352, 0.0, 0.0, 0.0, 0.0, 0.0, 0.0, 0.0, 0.0, 0.0, 0.0, 0.0, 0.036281, 0.0, 0.0, 0.0, 0.0, 0.0, 0.344672, 0.018141, 0.0]",mock_variant
1007870,MOCK-LNG_ON-019,lng_onshore,Qatar,18394.5,2156,10,"[0, 0, 18, 0, 0, 0, 0, 0, 7, 0, 0, 0, 0, 0, 0, 0, 0, 0, 0, 1767, 0, 0, 4, 0, 0, 0, 0, 0, 0, 0, 0, 87, 0, 0, 0, 0, 0, 0, 0, 0, 0, 4, 0, 12, 0, 0, 7, 0, 0, 228, 22, 0]","[0.0, 0.0, 0.010089, 0.0, 0.0, 0.0, 0.0, 0.0, 0.003924, 0.0, 0.0, 0.0, 0.0, 0.0, 0.0, 0.0, 0.0, 0.0, 0.0, 0.990429, 0.0, 0.0, 0.002242, 0.0, 0.0, 0.0, 0.0, 0.0, 0.0, 0.0, 0.0, 0.048765, 0.0, 0.0, 0.0, 0.0, 0.0, 0.0, 0.0, 0.0, 0.0, 0.002242, 0.0, 0.006726, 0.0, 0.0, 0.003924, 0.0, 0.0, 0.127797, 0.012331, 0.0]",mock_variant
1003420,MOCK-ONSHOR-026,onshore_petchem,United States,251.5,305,10,"[0, 0, 2, 0, 0, 0, 0, 0, 4, 0, 18, 0, 0, 0, 0, 0, 0, 0, 0, 158, 0, 0, 0, 0, 0, 0, 0, 0, 0, 0, 0, 34, 2, 0, 0, 0, 0, 6, 0, 0, 0, 0, 0, 4, 0, 0, 0, 0, 0, 75, 2, 0]","[0.0, 0.0, 0.011154, 0.0, 0.0, 0.0, 0.0, 0.0, 0.022309, 0.0, 0.10039, 0.0, 0.0, 0.0, 0.0, 0.0, 0.0, 0.0, 0.0, 0.881198, 0.0, 0.0, 0.0, 0.0, 0.0, 0.0, 0.0, 0.0, 0.0, 0.0, 0.0, 0.189625, 0.011154, 0.0, 0.0, 0.0, 0.0, 0.033463, 0.0, 0.0, 0.0, 0.0, 0.0, 0.022309, 0.0, 0.0, 0.0, 0.0, 0.0, 0.41829, 0.011154, 0.0]",mock_variant
1005543,MOCK-PIPELI-006,pipeline_mainline,United States,237.5,32,4,"[0, 0, 0, 0, 0, 1, 0, 0, 0, 0, 0, 0, 0, 0, 0, 0, 0, 0, 0, 0, 0, 0, 0, 0, 0, 0, 0, 0, 0, 1, 0, 6, 0, 0, 0, 0, 0, 0, 0, 0, 0, 0, 0, 0, 0, 0, 0, 0, 0, 24, 0, 0]","[0.0, 0.0, 0.0, 0.0, 0.0, 0.040357, 0.0, 0.0, 0.0, 0.0, 0.0, 0.0, 0.0, 0.0, 0.0, 0.0, 0.0, 0.0, 0.0, 0.0, 0.0, 0.0, 0.0, 0.0, 0.0, 0.0, 0.0, 0.0, 0.0, 0.040357, 0.0, 0.24214, 0.0, 0.0, 0.0, 0.0, 0.0, 0.0, 0.0, 0.0, 0.0, 0.0, 0.0, 0.0, 0.0, 0.0, 0.0, 0.0, 0.0, 0.968561, 0.0, 0.0]",mock_variant
1003086,MOCK-ONSHOR-008,onshore_petchem,Singapore,1555.1,1027,11,"[0, 0, 9, 0, 0, 0, 0, 0, 4, 0, 66, 0, 0, 0, 0, 0, 0, 0, 0, 548, 0, 0, 0, 0, 0, 0, 0, 0, 2, 0, 0, 84, 5, 0, 0, 0, 0, 20, 0, 0, 0, 0, 0, 10, 0, 0, 0, 0, 0, 262, 17, 0]","[0.0, 0.0, 0.014575, 0.0, 0.0, 0.0, 0.0, 0.0, 0.006478, 0.0, 0.106887, 0.0, 0.0, 0.0, 0.0, 0.0, 0.0, 0.0, 0.0, 0.887486, 0.0, 0.0, 0.0, 0.0, 0.0, 0.0, 0.0, 0.0, 0.003239, 0.0, 0.0, 0.136038, 0.008097, 0.0, 0.0, 0.0, 0.0, 0.03239, 0.0, 0.0, 0.0, 0.0, 0.0, 0.016195, 0.0, 0.0, 0.0, 0.0, 0.0, 0.424309, 0.027531, 0.0]",mock_variant
1006876,MOCK-GAS_PR-001,gas_processing,United States,429.7,199,10,"[0, 0, 4, 0, 0, 0, 0, 0, 5, 0, 15, 2, 0, 0, 0, 0, 0, 0, 2, 86, 0, 0, 0, 0, 0, 0, 0, 0, 0, 0, 0, 23, 0, 0, 0, 13, 0, 0, 0, 0, 0, 0, 0, 7, 0, 0, 0, 0, 0, 42, 0, 0]","[0.0, 0.0, 0.039643, 0.0, 0.0, 0.0, 0.0, 0.0, 0.049554, 0.0, 0.148661, 0.019821, 0.0, 0.0, 0.0, 0.0, 0.0, 0.0, 0.019821, 0.852321, 0.0, 0.0, 0.0, 0.0, 0.0, 0.0, 0.0, 0.0, 0.0, 0.0, 0.0, 0.227946, 0.0, 0.0, 0.0, 0.128839, 0.0, 0.0, 0.0, 0.0, 0.0, 0.0, 0.0, 0.069375, 0.0, 0.0, 0.0, 0.0, 0.0, 0.41625, 0.0, 0.0]",mock_variant
1004267,MOCK-ONSHOR-068,onshore_petchem,China,1201.1,448,11,"[0, 0, 8, 0, 0, 0, 0, 0, 6, 0, 19, 0, 0, 0, 0, 0, 0, 0, 0, 167, 0, 0, 0, 0, 0, 0, 0, 0, 2, 0, 0, 84, 5, 0, 0, 0, 0, 22, 0, 0, 0, 0, 0, 7, 0, 0, 0, 0, 0, 106, 22, 0]","[0.0, 0.0, 0.036634, 0.0, 0.0, 0.0, 0.0, 0.0, 0.027476, 0.0, 0.087006, 0.0, 0.0, 0.0, 0.0, 0.0, 0.0, 0.0, 0.0, 0.764737, 0.0, 0.0, 0.0, 0.0, 0.0, 0.0, 0.0, 0.0, 0.009159, 0.0, 0.0, 0.384658, 0.022896, 0.0, 0.0, 0.0, 0.0, 0.100744, 0.0, 0.0, 0.0, 0.0, 0.0, 0.032055, 0.0, 0.0, 0.0, 0.0, 0.0, 0.485402, 0.100744, 0.0]",mock_variant
1008972,MOCK-ONSHOR-003,onshore_conventional,Iraq,296.5,86,10,"[0, 0, 1, 0, 0, 0, 0, 0, 0, 0, 6, 0, 0, 0, 0, 0, 1, 0, 1, 0, 0, 0, 0, 0, 0, 0, 0, 0, 0, 0, 0, 12, 0, 0, 0, 5, 0, 0, 0, 0, 0, 6, 0, 0, 0, 0, 0, 0, 0, 34, 6, 14]","[0.0, 0.0, 0.024754, 0.0, 0.0, 0.0, 0.0, 0.0, 0.0, 0.0, 0.148522, 0.0, 0.0, 0.0, 0.0, 0.0, 0.024754, 0.0, 0.024754, 0.0, 0.0, 0.0, 0.0, 0.0, 0.0, 0.0, 0.0, 0.0, 0.0, 0.0, 0.0, 0.297044, 0.0, 0.0, 0.0, 0.123768, 0.0, 0.0, 0.0, 0.0, 0.0, 0.148522, 0.0, 0.0, 0.0, 0.0, 0.0, 0.0, 0.0, 0.841625, 0.148522, 0.346552]",mock_variant
1000789,MOCK-REFINE-039,refinery_bf,Canada,49.7,218,8,"[0, 0, 2, 0, 0, 0, 0, 0, 1, 0, 4, 0, 0, 0, 0, 0, 0, 0, 0, 139, 0, 0, 0, 0, 0, 0, 0, 0, 0, 0, 0, 9, 1, 0, 0, 0, 0, 0, 0, 0, 0, 0, 0, 2, 0, 0, 0, 0, 0, 60, 0, 0]","[0.0, 0.0, 0.01318, 0.0, 0.0, 0.0, 0.0, 0.0, 0.00659, 0.0, 0.026359, 0.0, 0.0, 0.0, 0.0, 0.0, 0.0, 0.0, 0.0, 0.915981, 0.0, 0.0, 0.0, 0.0, 0.0, 0.0, 0.0, 0.0, 0.0, 0.0, 0.0, 0.059308, 0.00659, 0.0, 0.0, 0.0, 0.0, 0.0, 0.0, 0.0, 0.0, 0.0, 0.0, 0.01318, 0.0, 0.0, 0.0, 0.0, 0.0, 0.395388, 0.0, 0.0]",mock_variant
1000406,MOCK-REFINE-021,refinery_bf,United Kingdom,494.7,911,9,"[0, 0, 4, 0, 0, 0, 0, 0, 13, 0, 37, 0, 0, 0, 3, 0, 0, 0, 0, 610, 0, 0, 0, 0, 0, 0, 0, 0, 0, 0, 0, 57, 0, 0, 0, 0, 0, 0, 0, 0, 0, 0, 0, 4, 0, 0, 0, 0, 0, 178, 5, 0]","[0.0, 0.0, 0.006257, 0.0, 0.0, 0.0, 0.0, 0.0, 0.020336, 0.0, 0.057881, 0.0, 0.0, 0.0, 0.004693, 0.0, 0.0, 0.0, 0.0, 0.954247, 0.0, 0.0, 0.0, 0.0, 0.0, 0.0, 0.0, 0.0, 0.0, 0.0, 0.0, 0.089167, 0.0, 0.0, 0.0, 0.0, 0.0, 0.0, 0.0, 0.0, 0.0, 0.0, 0.0, 0.006257, 0.0, 0.0, 0.0, 0.0, 0.0, 0.278453, 0.007822, 0.0]",mock_variant
1006795,MOCK-ONSHOR-026,onshore_unconventional,Canada,31.3,79,9,"[0, 0, 2, 0, 0, 0, 0, 0, 0, 0, 2, 0, 0, 0, 0, 0, 0, 0, 1, 34, 0, 0, 0, 0, 0, 0, 0, 0, 0, 0, 0, 3, 0, 0, 0, 5, 0, 0, 0, 0, 0, 4, 0, 0, 0, 0, 0, 0, 0, 23, 0, 5]","[0.0, 0.0, 0.047552, 0.0, 0.0, 0.0, 0.0, 0.0, 0.0, 0.0, 0.047552, 0.0, 0.0, 0.0, 0.0, 0.0, 0.0, 0.0, 0.023776, 0.808379, 0.0, 0.0, 0.0, 0.0, 0.0, 0.0, 0.0, 0.0, 0.0, 0.0, 0.0, 0.071328, 0.0, 0.0, 0.0, 0.118879, 0.0, 0.0, 0.0, 0.0, 0.0, 0.095103, 0.0, 0.0, 0.0, 0.0, 0.0, 0.0, 0.0, 0.546845, 0.0, 0.118879]",mock_variant
1004049,MOCK-ONSHOR-056,onshore_petchem,Saudi Arabia,357.8,569,11,"[0, 0, 1, 0, 0, 0, 0, 0, 8, 0, 26, 0, 0, 0, 0, 0, 0, 0, 0, 388, 0, 0, 0, 0, 0, 0, 0, 0, 1, 0, 0, 24, 2, 0, 0, 0, 0, 10, 0, 0, 0, 0, 0, 3, 0, 0, 0, 0, 0, 101, 5, 0]","[0.0, 0.0, 0.002483, 0.0, 0.0, 0.0, 0.0, 0.0, 0.019864, 0.0, 0.064557, 0.0, 0.0, 0.0, 0.0, 0.0, 0.0, 0.0, 0.0, 0.963396, 0.0, 0.0, 0.0, 0.0, 0.0, 0.0, 0.0, 0.0, 0.002483, 0.0, 0.0, 0.059592, 0.004966, 0.0, 0.0, 0.0, 0.0, 0.02483, 0.0, 0.0, 0.0, 0.0, 0.0, 0.007449, 0.0, 0.0, 0.0, 0.0, 0.0, 0.250781, 0.012415, 0.0]",mock_variant
1006961,MOCK-GAS_PR-006,gas_processing,Canada,588.6,206,9,"[0, 0, 0, 0, 0, 0, 0, 0, 14, 0, 24, 3, 0, 0, 0, 0, 0, 0, 2, 63, 0, 0, 0, 0, 0, 0, 0, 0, 0, 0, 0, 15, 0, 0, 0, 2, 0, 0, 0, 0, 0, 0, 0, 1, 0, 0, 0, 0, 0, 82, 0, 0]","[0.0, 0.0, 0.0, 0.0, 0.0, 0.0, 0.0, 0.0, 0.129386, 0.0, 0.221804, 0.027726, 0.0, 0.0, 0.0, 0.0, 0.0, 0.0, 0.018484, 0.582236, 0.0, 0.0, 0.0, 0.0, 0.0, 0.0, 0.0, 0.0, 0.0, 0.0, 0.0, 0.138628, 0.0, 0.0, 0.0, 0.018484, 0.0, 0.0, 0.0, 0.0, 0.0, 0.0, 0.0, 0.009242, 0.0, 0.0, 0.0, 0.0, 0.0, 0.757831, 0.0, 0.0]",mock_variant
1008062,MOCK-OIL_SA-003,oil_sands,Canada,835.3,74,10,"[1, 0, 0, 5, 0, 0, 0, 1, 0, 0, 1, 0, 0, 0, 0, 0, 0, 15, 0, 0, 0, 0, 0, 0, 0, 0, 0, 0, 0, 0, 0, 38, 0, 0, 0, 0, 2, 0, 0, 0, 0, 6, 1, 0, 0, 0, 0, 0, 0, 0, 4, 0]","[0.023877, 0.0, 0.0, 0.119386, 0.0, 0.0, 0.0, 0.023877, 0.0, 0.0, 0.023877, 0.0, 0.0, 0.0, 0.0, 0.0, 0.0, 0.358159, 0.0, 0.0, 0.0, 0.0, 0.0, 0.0, 0.0, 0.0, 0.0, 0.0, 0.0, 0.0, 0.0, 0.907337, 0.0, 0.0, 0.0, 0.0, 0.047755, 0.0, 0.0, 0.0, 0.0, 0.143264, 0.023877, 0.0, 0.0, 0.0, 0.0, 0.0, 0.0, 0.0, 0.095509, 0.0]",mock_variant
1004898,MOCK-OFFSHO-019,offshore_fpso,United States,1729.4,105,14,"[0, 0, 1, 0, 0, 0, 0, 0, 0, 0, 5, 0, 0, 0, 0, 0, 2, 0, 0, 0, 0, 0, 0, 2, 0, 6, 0, 0, 0, 0, 0, 7, 0, 4, 0, 3, 0, 0, 11, 0, 0, 0, 0, 0, 0, 0, 2, 1, 2, 57, 2, 0]","[0.0, 0.0, 0.016838, 0.0, 0.0, 0.0, 0.0, 0.0, 0.0, 0.0, 0.084191, 0.0, 0.0, 0.0, 0.0, 0.0, 0.033677, 0.0, 0.0, 0.0, 0.0, 0.0, 0.0, 0.033677, 0.0, 0.10103, 0.0, 0.0, 0.0, 0.0, 0.0, 0.117868, 0.0, 0.067353, 0.0, 0.050515, 0.0, 0.0, 0.185221, 0.0, 0.0, 0.0, 0.0, 0.0, 0.0, 0.0, 0.033677, 0.016838, 0.033677, 0.959781, 0.033677, 0.0]",mock_variant
1005168,MOCK-OFFSHO-032,offshore_fpso,United States,7787.9,177,15,"[0, 0, 3, 0, 0, 0, 0, 0, 0, 0, 6, 0, 0, 0, 0, 0, 4, 0, 0, 0, 0, 0, 0, 4, 0, 14, 0, 0, 0, 0, 0, 13, 0, 19, 0, 3, 0, 0, 6, 0, 1, 0, 0, 0, 0, 0, 1, 1, 7, 87, 8, 0]","[0.0, 0.0, 0.032477, 0.0, 0.0, 0.0, 0.0, 0.0, 0.0, 0.0, 0.064953, 0.0, 0.0, 0.0, 0.0, 0.0, 0.043302, 0.0, 0.0, 0.0, 0.0, 0.0, 0.0, 0.043302, 0.0, 0.151557, 0.0, 0.0, 0.0, 0.0, 0.0, 0.140732, 0.0, 0.205685, 0.0, 0.032477, 0.0, 0.0, 0.064953, 0.0, 0.010826, 0.0, 0.0, 0.0, 0.0, 0.0, 0.010826, 0.010826, 0.075779, 0.941821, 0.086604, 0.0]",mock_variant
1000544,MOCK-REFINE-028,refinery_bf,Canada,32.3,276,10,"[0, 0, 0, 0, 0, 0, 0, 0, 3, 0, 12, 0, 0, 0, 1, 0, 0, 0, 1, 194, 0, 0, 0, 0, 0, 0, 0, 0, 0, 0, 0, 17, 1, 0, 0, 0, 0, 0, 0, 0, 0, 0, 0, 1, 0, 0, 0, 0, 0, 43, 3, 0]","[0.0, 0.0, 0.0, 0.0, 0.0, 0.0, 0.0, 0.0, 0.015011, 0.0, 0.060045, 0.0, 0.0, 0.0, 0.005004, 0.0, 0.0, 0.0, 0.005004, 0.970728, 0.0, 0.0, 0.0, 0.0, 0.0, 0.0, 0.0, 0.0, 0.0, 0.0, 0.0, 0.085064, 0.005004, 0.0, 0.0, 0.0, 0.0, 0.0, 0.0, 0.0, 0.0, 0.0, 0.0, 0.005004, 0.0, 0.0, 0.0, 0.0, 0.0, 0.215161, 0.015011, 0.0]",mock_variant
1007987,MOCK-LNG_ON-024,lng_onshore,Qatar,12538.1,1428,11,"[0, 0, 14, 0, 0, 0, 0, 0, 9, 0, 45, 0, 0, 0, 0, 0, 0, 0, 0, 896, 0, 0, 7, 0, 0, 0, 0, 0, 0, 0, 0, 55, 0, 0, 0, 0, 0, 0, 0, 0, 0, 4, 0, 10, 0, 0, 8, 0, 0, 368, 12, 0]","[0.0, 0.0, 0.01441, 0.0, 0.0, 0.0, 0.0, 0.0, 0.009263, 0.0, 0.046317, 0.0, 0.0, 0.0, 0.0, 0.0, 0.0, 0.0, 0.0, 0.922223, 0.0, 0.0, 0.007205, 0.0, 0.0, 0.0, 0.0, 0.0, 0.0, 0.0, 0.0, 0.05661, 0.0, 0.0, 0.0, 0.0, 0.0, 0.0, 0.0, 0.0, 0.0, 0.004117, 0.0, 0.010293, 0.0, 0.0, 0.008234, 0.0, 0.0, 0.37877, 0.012351, 0.0]",mock_variant
1005901,MOCK-PIPELI-021,pipeline_mainline,Australia,294.5,24,6,"[0, 0, 0, 0, 0, 3, 0, 0, 0, 0, 0, 0, 0, 0, 0, 0, 0, 0, 0, 0, 0, 3, 0, 0, 3, 0, 0, 0, 0, 3, 0, 2, 0, 0, 0, 0, 0, 0, 0, 0, 0, 0, 0, 0, 0, 0, 0, 0, 0, 10, 0, 0]","[0.0, 0.0, 0.0, 0.0, 0.0, 0.253546, 0.0, 0.0, 0.0, 0.0, 0.0, 0.0, 0.0, 0.0, 0.0, 0.0, 0.0, 0.0, 0.0, 0.0, 0.0, 0.253546, 0.0, 0.0, 0.253546, 0.0, 0.0, 0.0, 0.0, 0.253546, 0.0, 0.169031, 0.0, 0.0, 0.0, 0.0, 0.0, 0.0, 0.0, 0.0, 0.0, 0.0, 0.0, 0.0, 0.0, 0.0, 0.0, 0.0, 0.0, 0.845154, 0.0, 0.0]",mock_variant
1002780,MOCK-REFINE-131,refinery_bf,Singapore,429.3,525,11,"[0, 0, 1, 0, 0, 0, 0, 0, 7, 0, 25, 0, 0, 0, 1, 0, 0, 0, 4, 382, 0, 0, 0, 0, 0, 0, 0, 0, 0, 0, 0, 27, 2, 0, 0, 0, 0, 0, 0, 0, 0, 0, 0, 5, 0, 0, 0, 0, 0, 60, 11, 0]","[0.0, 0.0, 0.002573, 0.0, 0.0, 0.0, 0.0, 0.0, 0.018008, 0.0, 0.064315, 0.0, 0.0, 0.0, 0.002573, 0.0, 0.0, 0.0, 0.01029, 0.982739, 0.0, 0.0, 0.0, 0.0, 0.0, 0.0, 0.0, 0.0, 0.0, 0.0, 0.0, 0.069461, 0.005145, 0.0, 0.0, 0.0, 0.0, 0.0, 0.0, 0.0, 0.0, 0.0, 0.0, 0.012863, 0.0, 0.0, 0.0, 0.0, 0.0, 0.154357, 0.028299, 0.0]",mock_variant
1008450,MOCK-OIL_SA-023,oil_sands,Canada,2564.2,115,10,"[2, 0, 0, 9, 0, 0, 0, 1, 0, 0, 23, 0, 0, 0, 0, 0, 0, 40, 0, 0, 0, 0, 0, 0, 0, 0, 0, 0, 0, 0, 0, 23, 0, 0, 0, 0, 2, 0, 0, 0, 0, 6, 2, 0, 0, 0, 0, 0, 0, 0, 7, 0]","[0.037549, 0.0, 0.0, 0.168971, 0.0, 0.0, 0.0, 0.018775, 0.0, 0.0, 0.431815, 0.0, 0.0, 0.0, 0.0, 0.0, 0.0, 0.750983, 0.0, 0.0, 0.0, 0.0, 0.0, 0.0, 0.0, 0.0, 0.0, 0.0, 0.0, 0.0, 0.0, 0.431815, 0.0, 0.0, 0.0, 0.0, 0.037549, 0.0, 0.0, 0.0, 0.0, 0.112648, 0.037549, 0.0, 0.0, 0.0, 0.0, 0.0, 0.0, 0.0, 0.131422, 0.0]",mock_variant
1004186,MOCK-ONSHOR-064,onshore_petchem,Singapore,668.3,552,11,"[0, 0, 5, 0, 0, 0, 0, 0, 19, 0, 24, 0, 0, 0, 0, 0, 0, 0, 0, 257, 0, 0, 0, 0, 0, 0, 0, 0, 3, 0, 0, 48, 5, 0, 0, 0, 0, 6, 0, 0, 0, 0, 0, 6, 0, 0, 0, 0, 0, 173, 6, 0]","[0.0, 0.0, 0.01586, 0.0, 0.0, 0.0, 0.0, 0.0, 0.060269, 0.0, 0.076129, 0.0, 0.0, 0.0, 0.0, 0.0, 0.0, 0.0, 0.0, 0.815212, 0.0, 0.0, 0.0, 0.0, 0.0, 0.0, 0.0, 0.0, 0.009516, 0.0, 0.0, 0.152257, 0.01586, 0.0, 0.0, 0.0, 0.0, 0.019032, 0.0, 0.0, 0.0, 0.0, 0.0, 0.019032, 0.0, 0.0, 0.0, 0.0, 0.0, 0.548761, 0.019032, 0.0]",mock_variant
1003960,MOCK-ONSHOR-052,onshore_petchem,Saudi Arabia,648.5,777,11,"[0, 0, 3, 0, 0, 0, 0, 0, 7, 0, 22, 0, 0, 0, 0, 0, 0, 0, 0, 459, 0, 0, 0, 0, 0, 0, 0, 0, 2, 0, 0, 33, 1, 0, 0, 0, 0, 7, 0, 0, 0, 0, 0, 6, 0, 0, 0, 0, 0, 230, 7, 0]","[0.0, 0.0, 0.005824, 0.0, 0.0, 0.0, 0.0, 0.0, 0.013589, 0.0, 0.042708, 0.0, 0.0, 0.0, 0.0, 0.0, 0.0, 0.0, 0.0, 0.891051, 0.0, 0.0, 0.0, 0.0, 0.0, 0.0, 0.0, 0.0, 0.003883, 0.0, 0.0, 0.064062, 0.001941, 0.0, 0.0, 0.0, 0.0, 0.013589, 0.0, 0.0, 0.0, 0.0, 0.0, 0.011648, 0.0, 0.0, 0.0, 0.0, 0.0, 0.446496, 0.013589, 0.0]",mock_variant
1004092,MOCK-ONSHOR-060,onshore_petchem,United States,372.7,559,11,"[0, 0, 1, 0, 0, 0, 0, 0, 6, 0, 15, 0, 0, 0, 0, 0, 0, 0, 0, 376, 0, 0, 0, 0, 0, 0, 0, 0, 2, 0, 0, 57, 2, 0, 0, 0, 0, 5, 0, 0, 0, 0, 0, 2, 0, 0, 0, 0, 0, 89, 4, 0]","[0.0, 0.0, 0.002558, 0.0, 0.0, 0.0, 0.0, 0.0, 0.015346, 0.0, 0.038366, 0.0, 0.0, 0.0, 0.0, 0.0, 0.0, 0.0, 0.0, 0.9617, 0.0, 0.0, 0.0, 0.0, 0.0, 0.0, 0.0, 0.0, 0.005115, 0.0, 0.0, 0.14579, 0.005115, 0.0, 0.0, 0.0, 0.0, 0.012789, 0.0, 0.0, 0.0, 0.0, 0.0, 0.005115, 0.0, 0.0, 0.0, 0.0, 0.0, 0.227636, 0.010231, 0.0]",mock_variant
1009296,MOCK-ONSHOR-019,onshore_conventional,United States,2697.8,330,10,"[0, 0, 14, 0, 0, 0, 0, 0, 0, 0, 28, 0, 0, 0, 0, 0, 5, 0, 4, 0, 0, 0, 0, 0, 0, 0, 0, 0, 0, 0, 0, 54, 0, 0, 0, 13, 0, 0, 0, 0, 0, 23, 0, 0, 0, 0, 0, 0, 0, 126, 18, 45]","[0.0, 0.0, 0.092596, 0.0, 0.0, 0.0, 0.0, 0.0, 0.0, 0.0, 0.185191, 0.0, 0.0, 0.0, 0.0, 0.0, 0.03307, 0.0, 0.026456, 0.0, 0.0, 0.0, 0.0, 0.0, 0.0, 0.0, 0.0, 0.0, 0.0, 0.0, 0.0, 0.357154, 0.0, 0.0, 0.0, 0.085982, 0.0, 0.0, 0.0, 0.0, 0.0, 0.152121, 0.0, 0.0, 0.0, 0.0, 0.0, 0.0, 0.0, 0.83336, 0.119051, 0.297628]",mock_variant
1009713,MOCK-ONSHOR-044,onshore_conventional,United States,658.9,143,10,"[0, 0, 4, 0, 0, 0, 0, 0, 0, 0, 4, 0, 0, 0, 0, 0, 2, 0, 2, 0, 0, 0, 0, 0, 0, 0, 0, 0, 0, 0, 0, 30, 0, 0, 0, 8, 0, 0, 0, 0, 0, 16, 0, 0, 0, 0, 0, 0, 0, 67, 1, 9]","[0.0, 0.0, 0.052383, 0.0, 0.0, 0.0, 0.0, 0.0, 0.0, 0.0, 0.052383, 0.0, 0.0, 0.0, 0.0, 0.0, 0.026191, 0.0, 0.026191, 0.0, 0.0, 0.0, 0.0, 0.0, 0.0, 0.0, 0.0, 0.0, 0.0, 0.0, 0.0, 0.392871, 0.0, 0.0, 0.0, 0.104766, 0.0, 0.0, 0.0, 0.0, 0.0, 0.209531, 0.0, 0.0, 0.0, 0.0, 0.0, 0.0, 0.0, 0.877411, 0.013096, 0.117861]",mock_variant
1006137,MOCK-PIPELI-037,pipeline_mainline,Australia,169.0,24,4,"[0, 0, 0, 0, 0, 0, 0, 0, 0, 0, 0, 0, 0, 0, 0, 0, 0, 0, 0, 0, 0, 0, 0, 0, 2, 0, 0, 0, 0, 2, 0, 1, 0, 0, 0, 0, 0, 0, 0, 0, 0, 0, 0, 0, 0, 0, 0, 0, 0, 19, 0, 0]","[0.0, 0.0, 0.0, 0.0, 0.0, 0.0, 0.0, 0.0, 0.0, 0.0, 0.0, 0.0, 0.0, 0.0, 0.0, 0.0, 0.0, 0.0, 0.0, 0.0, 0.0, 0.0, 0.0, 0.0, 0.103975, 0.0, 0.0, 0.0, 0.0, 0.103975, 0.0, 0.051988, 0.0, 0.0, 0.0, 0.0, 0.0, 0.0, 0.0, 0.0, 0.0, 0.0, 0.0, 0.0, 0.0, 0.0, 0.0, 0.0, 0.0, 0.987763, 0.0, 0.0]",mock_variant
1003994,MOCK-ONSHOR-054,onshore_petchem,Canada,542.2,486,11,"[0, 0, 9, 0, 0, 0, 0, 0, 8, 0, 40, 0, 0, 0, 0, 0, 0, 0, 0, 259, 0, 0, 0, 0, 0, 0, 0, 0, 2, 0, 0, 36, 3, 0, 0, 0, 0, 10, 0, 0, 0, 0, 0, 6, 0, 0, 0, 0, 0, 103, 10, 0]","[0.0, 0.0, 0.031627, 0.0, 0.0, 0.0, 0.0, 0.0, 0.028113, 0.0, 0.140563, 0.0, 0.0, 0.0, 0.0, 0.0, 0.0, 0.0, 0.0, 0.910146, 0.0, 0.0, 0.0, 0.0, 0.0, 0.0, 0.0, 0.0, 0.007028, 0.0, 0.0, 0.126507, 0.010542, 0.0, 0.0, 0.0, 0.0, 0.035141, 0.0, 0.0, 0.0, 0.0, 0.0, 0.021084, 0.0, 0.0, 0.0, 0.0, 0.0, 0.36195, 0.035141, 0.0]",mock_variant
1006727,MOCK-ONSHOR-024,onshore_unconventional,United States,59.8,117,7,"[0, 0, 1, 0, 0, 0, 0, 0, 0, 0, 0, 0, 0, 0, 0, 0, 0, 0, 0, 45, 0, 0, 0, 0, 0, 0, 0, 0, 0, 0, 0, 9, 0, 0, 0, 6, 0, 0, 0, 0, 0, 5, 0, 0, 0, 0, 0, 0, 0, 41, 0, 10]","[0.0, 0.0, 0.015913, 0.0, 0.0, 0.0, 0.0, 0.0, 0.0, 0.0, 0.0, 0.0, 0.0, 0.0, 0.0, 0.0, 0.0, 0.0, 0.0, 0.716092, 0.0, 0.0, 0.0, 0.0, 0.0, 0.0, 0.0, 0.0, 0.0, 0.0, 0.0, 0.143218, 0.0, 0.0, 0.0, 0.095479, 0.0, 0.0, 0.0, 0.0, 0.0, 0.079566, 0.0, 0.0, 0.0, 0.0, 0.0, 0.0, 0.0, 0.65244, 0.0, 0.159132]",mock_variant
1002211,MOCK-REFINE-104,refinery_bf,United Kingdom,1354.0,1317,11,"[0, 0, 5, 0, 0, 0, 0, 0, 5, 0, 85, 0, 0, 0, 7, 0, 0, 0, 3, 664, 0, 0, 0, 0, 0, 0, 0, 0, 0, 0, 0, 123, 2, 0, 0, 0, 0, 0, 0, 0, 0, 0, 0, 6, 0, 0, 0, 0, 0, 392, 25, 0]","[0.0, 0.0, 0.006362, 0.0, 0.0, 0.0, 0.0, 0.0, 0.006362, 0.0, 0.108152, 0.0, 0.0, 0.0, 0.008907, 0.0, 0.0, 0.0, 0.003817, 0.844858, 0.0, 0.0, 0.0, 0.0, 0.0, 0.0, 0.0, 0.0, 0.0, 0.0, 0.0, 0.156502, 0.002545, 0.0, 0.0, 0.0, 0.0, 0.0, 0.0, 0.0, 0.0, 0.0, 0.0, 0.007634, 0.0, 0.0, 0.0, 0.0, 0.0, 0.498772, 0.031809, 0.0]",mock_variant
1003681,MOCK-ONSHOR-040,onshore_petchem,Saudi Arabia,2175.8,1412,10,"[0, 0, 11, 0, 0, 0, 0, 0, 0, 0, 69, 0, 0, 0, 0, 0, 0, 0, 0, 809, 0, 0, 0, 0, 0, 0, 0, 0, 3, 0, 0, 148, 6, 0, 0, 0, 0, 16, 0, 0, 0, 0, 0, 7, 0, 0, 0, 0, 0, 324, 19, 0]","[0.0, 0.0, 0.0124, 0.0, 0.0, 0.0, 0.0, 0.0, 0.0, 0.0, 0.077781, 0.0, 0.0, 0.0, 0.0, 0.0, 0.0, 0.0, 0.0, 0.911956, 0.0, 0.0, 0.0, 0.0, 0.0, 0.0, 0.0, 0.0, 0.003382, 0.0, 0.0, 0.166835, 0.006764, 0.0, 0.0, 0.0, 0.0, 0.018036, 0.0, 0.0, 0.0, 0.0, 0.0, 0.007891, 0.0, 0.0, 0.0, 0.0, 0.0, 0.365233, 0.021418, 0.0]",mock_variant
1004796,MOCK-OFFSHO-011,offshore_fpso,Brazil,6010.2,115,14,"[0, 0, 3, 0, 0, 0, 0, 0, 0, 0, 12, 0, 0, 0, 0, 0, 6, 0, 0, 0, 0, 0, 0, 0, 0, 15, 0, 0, 0, 0, 0, 11, 0, 6, 0, 4, 0, 0, 14, 0, 1, 0, 0, 0, 0, 0, 2, 2, 2, 29, 8, 0]","[0.0, 0.0, 0.072739, 0.0, 0.0, 0.0, 0.0, 0.0, 0.0, 0.0, 0.290957, 0.0, 0.0, 0.0, 0.0, 0.0, 0.145479, 0.0, 0.0, 0.0, 0.0, 0.0, 0.0, 0.0, 0.0, 0.363696, 0.0, 0.0, 0.0, 0.0, 0.0, 0.266711, 0.0, 0.145479, 0.0, 0.096986, 0.0, 0.0, 0.33945, 0.0, 0.024246, 0.0, 0.0, 0.0, 0.0, 0.0, 0.048493, 0.048493, 0.048493, 0.703147, 0.193971, 0.0]",mock_variant
1002084,MOCK-REFINE-099,refinery_bf,United Kingdom,239.0,464,11,"[0, 0, 1, 0, 0, 0, 0, 0, 10, 0, 41, 0, 0, 0, 2, 0, 0, 0, 5, 241, 0, 0, 0, 0, 0, 0, 0, 0, 0, 0, 0, 29, 3, 0, 0, 0, 0, 0, 0, 0, 0, 0, 0, 4, 0, 0, 0, 0, 0, 124, 4, 0]","[0.0, 0.0, 0.003624, 0.0, 0.0, 0.0, 0.0, 0.0, 0.036238, 0.0, 0.148576, 0.0, 0.0, 0.0, 0.007248, 0.0, 0.0, 0.0, 0.018119, 0.873337, 0.0, 0.0, 0.0, 0.0, 0.0, 0.0, 0.0, 0.0, 0.0, 0.0, 0.0, 0.10509, 0.010871, 0.0, 0.0, 0.0, 0.0, 0.0, 0.0, 0.0, 0.0, 0.0, 0.0, 0.014495, 0.0, 0.0, 0.0, 0.0, 0.0, 0.449352, 0.014495, 0.0]",mock_variant
1006818,MOCK-ONSHOR-028,onshore_unconventional,United States,17.2,76,9,"[0, 0, 2, 0, 0, 0, 0, 0, 0, 0, 2, 0, 0, 0, 0, 0, 0, 0, 1, 22, 0, 0, 0, 0, 0, 0, 0, 0, 0, 0, 0, 1, 0, 0, 0, 4, 0, 0, 0, 0, 0, 1, 0, 0, 0, 0, 0, 0, 0, 36, 0, 7]","[0.0, 0.0, 0.046424, 0.0, 0.0, 0.0, 0.0, 0.0, 0.0, 0.0, 0.046424, 0.0, 0.0, 0.0, 0.0, 0.0, 0.0, 0.0, 0.023212, 0.510662, 0.0, 0.0, 0.0, 0.0, 0.0, 0.0, 0.0, 0.0, 0.0, 0.0, 0.0, 0.023212, 0.0, 0.0, 0.0, 0.092848, 0.0, 0.0, 0.0, 0.0, 0.0, 0.023212, 0.0, 0.0, 0.0, 0.0, 0.0, 0.0, 0.0, 0.835629, 0.0, 0.162483]",mock_variant
1003304,MOCK-ONSHOR-018,onshore_petchem,China,588.5,500,10,"[0, 0, 5, 0, 0, 0, 0, 0, 9, 0, 24, 0, 0, 0, 0, 0, 0, 0, 0, 227, 0, 0, 0, 0, 0, 0, 0, 0, 0, 0, 0, 41, 3, 0, 0, 0, 0, 10, 0, 0, 0, 0, 0, 6, 0, 0, 0, 0, 0, 163, 12, 0]","[0.0, 0.0, 0.017595, 0.0, 0.0, 0.0, 0.0, 0.0, 0.031672, 0.0, 0.084458, 0.0, 0.0, 0.0, 0.0, 0.0, 0.0, 0.0, 0.0, 0.79883, 0.0, 0.0, 0.0, 0.0, 0.0, 0.0, 0.0, 0.0, 0.0, 0.0, 0.0, 0.144282, 0.010557, 0.0, 0.0, 0.0, 0.0, 0.035191, 0.0, 0.0, 0.0, 0.0, 0.0, 0.021114, 0.0, 0.0, 0.0, 0.0, 0.0, 0.57361, 0.042229, 0.0]",mock_variant
1009000,MOCK-ONSHOR-004,onshore_conventional,United States,583.0,117,9,"[0, 0, 0, 0, 0, 0, 0, 0, 0, 0, 11, 0, 0, 0, 0, 0, 2, 0, 4, 0, 0, 0, 0, 0, 0, 0, 0, 0, 0, 0, 0, 9, 0, 0, 0, 6, 0, 0, 0, 0, 0, 8, 0, 0, 0, 0, 0, 0, 0, 69, 4, 4]","[0.0, 0.0, 0.0, 0.0, 0.0, 0.0, 0.0, 0.0, 0.0, 0.0, 0.153805, 0.0, 0.0, 0.0, 0.0, 0.0, 0.027965, 0.0, 0.055929, 0.0, 0.0, 0.0, 0.0, 0.0, 0.0, 0.0, 0.0, 0.0, 0.0, 0.0, 0.0, 0.12584, 0.0, 0.0, 0.0, 0.083894, 0.0, 0.0, 0.0, 0.0, 0.0, 0.111858, 0.0, 0.0, 0.0, 0.0, 0.0, 0.0, 0.0, 0.964776, 0.055929, 0.055929]",mock_variant
1002174,MOCK-REFINE-103,refinery_bf,Singapore,285.6,579,11,"[0, 0, 3, 0, 0, 0, 0, 0, 8, 0, 35, 0, 0, 0, 4, 0, 0, 0, 4, 407, 0, 0, 0, 0, 0, 0, 0, 0, 0, 0, 0, 42, 1, 0, 0, 0, 0, 0, 0, 0, 0, 0, 0, 8, 0, 0, 0, 0, 0, 63, 4, 0]","[0.0, 0.0, 0.007217, 0.0, 0.0, 0.0, 0.0, 0.0, 0.019245, 0.0, 0.084199, 0.0, 0.0, 0.0, 0.009623, 0.0, 0.0, 0.0, 0.009623, 0.97911, 0.0, 0.0, 0.0, 0.0, 0.0, 0.0, 0.0, 0.0, 0.0, 0.0, 0.0, 0.101038, 0.002406, 0.0, 0.0, 0.0, 0.0, 0.0, 0.0, 0.0, 0.0, 0.0, 0.0, 0.019245, 0.0, 0.0, 0.0, 0.0, 0.0, 0.151558, 0.009623, 0.0]",mock_variant
1008592,MOCK-REFINE-006,refinery_grassroot,Saudi Arabia,4110.7,5186,11,"[0, 0, 11, 0, 0, 0, 0, 0, 57, 0, 169, 0, 0, 0, 0, 0, 0, 0, 9, 3738, 0, 0, 0, 0, 0, 0, 0, 0, 0, 0, 0, 264, 7, 0, 0, 0, 0, 0, 0, 0, 0, 24, 0, 24, 0, 0, 0, 0, 0, 838, 45, 0]","[0.0, 0.0, 0.002861, 0.0, 0.0, 0.0, 0.0, 0.0, 0.014827, 0.0, 0.043959, 0.0, 0.0, 0.0, 0.0, 0.0, 0.0, 0.0, 0.002341, 0.97231, 0.0, 0.0, 0.0, 0.0, 0.0, 0.0, 0.0, 0.0, 0.0, 0.0, 0.0, 0.06867, 0.001821, 0.0, 0.0, 0.0, 0.0, 0.0, 0.0, 0.0, 0.0, 0.006243, 0.0, 0.006243, 0.0, 0.0, 0.0, 0.0, 0.0, 0.217976, 0.011705, 0.0]",mock_variant
1006287,MOCK-PIPELI-046,pipeline_mainline,Canada,505.5,37,5,"[0, 0, 0, 0, 0, 2, 0, 0, 0, 0, 0, 0, 0, 0, 0, 0, 0, 0, 0, 0, 0, 1, 0, 0, 5, 0, 0, 0, 0, 0, 0, 4, 0, 0, 0, 0, 0, 0, 0, 0, 0, 0, 0, 0, 0, 0, 0, 0, 0, 25, 0, 0]","[0.0, 0.0, 0.0, 0.0, 0.0, 0.077209, 0.0, 0.0, 0.0, 0.0, 0.0, 0.0, 0.0, 0.0, 0.0, 0.0, 0.0, 0.0, 0.0, 0.0, 0.0, 0.038605, 0.0, 0.0, 0.193023, 0.0, 0.0, 0.0, 0.0, 0.0, 0.0, 0.154418, 0.0, 0.0, 0.0, 0.0, 0.0, 0.0, 0.0, 0.0, 0.0, 0.0, 0.0, 0.0, 0.0, 0.0, 0.0, 0.0, 0.0, 0.965114, 0.0, 0.0]",mock_variant
1005078,MOCK-OFFSHO-027,offshore_fpso,Norway,3730.0,178,15,"[0, 0, 4, 0, 0, 0, 0, 0, 0, 0, 12, 0, 0, 0, 0, 0, 5, 0, 0, 0, 0, 0, 0, 4, 0, 6, 0, 0, 0, 0, 0, 13, 0, 8, 0, 4, 0, 0, 15, 0, 2, 0, 0, 0, 0, 0, 7, 1, 4, 86, 7, 0]","[0.0, 0.0, 0.044103, 0.0, 0.0, 0.0, 0.0, 0.0, 0.0, 0.0, 0.132308, 0.0, 0.0, 0.0, 0.0, 0.0, 0.055128, 0.0, 0.0, 0.0, 0.0, 0.0, 0.0, 0.044103, 0.0, 0.066154, 0.0, 0.0, 0.0, 0.0, 0.0, 0.143334, 0.0, 0.088205, 0.0, 0.044103, 0.0, 0.0, 0.165385, 0.0, 0.022051, 0.0, 0.0, 0.0, 0.0, 0.0, 0.07718, 0.011026, 0.044103, 0.948209, 0.07718, 0.0]",mock_variant
1007557,MOCK-LNG_ON-002,lng_onshore,Papua New Guinea,11685.5,1899,10,"[0, 0, 4, 0, 0, 0, 0, 0, 17, 0, 40, 0, 0, 0, 0, 0, 0, 0, 0, 1379, 0, 0, 5, 0, 0, 0, 0, 0, 0, 0, 0, 47, 0, 0, 0, 0, 0, 0, 0, 0, 0, 4, 0, 9, 0, 0, 6, 0, 0, 388, 0, 0]","[0.0, 0.0, 0.002789, 0.0, 0.0, 0.0, 0.0, 0.0, 0.011855, 0.0, 0.027893, 0.0, 0.0, 0.0, 0.0, 0.0, 0.0, 0.0, 0.0, 0.961622, 0.0, 0.0, 0.003487, 0.0, 0.0, 0.0, 0.0, 0.0, 0.0, 0.0, 0.0, 0.032775, 0.0, 0.0, 0.0, 0.0, 0.0, 0.0, 0.0, 0.0, 0.0, 0.002789, 0.0, 0.006276, 0.0, 0.0, 0.004184, 0.0, 0.0, 0.270565, 0.0, 0.0]",mock_variant
1007939,MOCK-LNG_ON-022,lng_onshore,Mozambique,4651.0,967,11,"[0, 0, 11, 0, 0, 0, 0, 0, 5, 0, 29, 0, 0, 0, 0, 0, 0, 0, 0, 726, 0, 0, 3, 0, 0, 0, 0, 0, 0, 0, 0, 31, 0, 0, 0, 0, 0, 0, 0, 0, 0, 3, 0, 6, 0, 0, 8, 0, 0, 140, 5, 0]","[0.0, 0.0, 0.014849, 0.0, 0.0, 0.0, 0.0, 0.0, 0.00675, 0.0, 0.039147, 0.0, 0.0, 0.0, 0.0, 0.0, 0.0, 0.0, 0.0, 0.980037, 0.0, 0.0, 0.00405, 0.0, 0.0, 0.0, 0.0, 0.0, 0.0, 0.0, 0.0, 0.041847, 0.0, 0.0, 0.0, 0.0, 0.0, 0.0, 0.0, 0.0, 0.0, 0.00405, 0.0, 0.008099, 0.0, 0.0, 0.010799, 0.0, 0.0, 0.188988, 0.00675, 0.0]",mock_variant
1008361,MOCK-OIL_SA-019,oil_sands,Canada,2043.7,94,9,"[0, 0, 0, 8, 0, 0, 0, 2, 0, 0, 6, 0, 0, 0, 0, 0, 0, 23, 0, 0, 0, 0, 0, 0, 0, 0, 0, 0, 0, 0, 0, 27, 0, 0, 0, 0, 4, 0, 0, 0, 0, 13, 3, 0, 0, 0, 0, 0, 0, 0, 8, 0]","[0.0, 0.0, 0.0, 0.198762, 0.0, 0.0, 0.0, 0.04969, 0.0, 0.0, 0.149071, 0.0, 0.0, 0.0, 0.0, 0.0, 0.0, 0.57144, 0.0, 0.0, 0.0, 0.0, 0.0, 0.0, 0.0, 0.0, 0.0, 0.0, 0.0, 0.0, 0.0, 0.67082, 0.0, 0.0, 0.0, 0.0, 0.099381, 0.0, 0.0, 0.0, 0.0, 0.322988, 0.074536, 0.0, 0.0, 0.0, 0.0, 0.0, 0.0, 0.0, 0.198762, 0.0]",mock_variant
1003502,MOCK-ONSHOR-031,onshore_petchem,Singapore,2304.6,1605,10,"[0, 0, 13, 0, 0, 0, 0, 0, 25, 0, 81, 0, 0, 0, 0, 0, 0, 0, 0, 793, 0, 0, 0, 0, 0, 0, 0, 0, 0, 0, 0, 174, 11, 0, 0, 0, 0, 16, 0, 0, 0, 0, 0, 16, 0, 0, 0, 0, 0, 462, 14, 0]","[0.0, 0.0, 0.013852, 0.0, 0.0, 0.0, 0.0, 0.0, 0.026639, 0.0, 0.086309, 0.0, 0.0, 0.0, 0.0, 0.0, 0.0, 0.0, 0.0, 0.844979, 0.0, 0.0, 0.0, 0.0, 0.0, 0.0, 0.0, 0.0, 0.0, 0.0, 0.0, 0.185405, 0.011721, 0.0, 0.0, 0.0, 0.0, 0.017049, 0.0, 0.0, 0.0, 0.0, 0.0, 0.017049, 0.0, 0.0, 0.0, 0.0, 0.0, 0.492283, 0.014918, 0.0]",mock_variant
1007715,MOCK-LNG_ON-010,lng_onshore,Qatar,10525.2,728,11,"[0, 0, 10, 0, 0, 0, 0, 0, 14, 0, 31, 0, 0, 0, 0, 0, 0, 0, 0, 372, 0, 0, 5, 0, 0, 0, 0, 0, 0, 0, 0, 62, 0, 0, 0, 0, 0, 0, 0, 0, 0, 3, 0, 5, 0, 0, 5, 0, 0, 208, 13, 0]","[0.0, 0.0, 0.023125, 0.0, 0.0, 0.0, 0.0, 0.0, 0.032375, 0.0, 0.071687, 0.0, 0.0, 0.0, 0.0, 0.0, 0.0, 0.0, 0.0, 0.86024, 0.0, 0.0, 0.011562, 0.0, 0.0, 0.0, 0.0, 0.0, 0.0, 0.0, 0.0, 0.143373, 0.0, 0.0, 0.0, 0.0, 0.0, 0.0, 0.0, 0.0, 0.0, 0.006937, 0.0, 0.011562, 0.0, 0.0, 0.011562, 0.0, 0.0, 0.480995, 0.030062, 0.0]",mock_variant
