planview_id,project_name,archetype,process_domain,scope_type,scope_type_confidence,facility_type,primary_capacity,capacity_unit,country,cp30_location,greenfield_brownfield,on_off_shore,basis_year_original,tec_musd_original,tec_musd_normalized_2024,cost_class,gate,status,data_source,n_equipment_items,notes
1000004,MOCK-REFINE-001,refinery_bf,refining,modification,LOW,hydrotreater,86710.0,BPD,Singapore,Singapore,brownfield,onshore,2012,254.5,362.8,Class 5,IC5,complete,mock_generator,605,synthetic row
1000032,MOCK-REFINE-002,refinery_bf,refining,expansion,HIGH,alkylation,50788.0,BPD,Singapore,Singapore,brownfield,onshore,2012,129.3,184.4,Class 4,IC5,complete,mock_generator,550,synthetic row
1000054,MOCK-REFINE-003,refinery_bf,refining,expansion,HIGH,reformer,17020.0,BPD,United Kingdom,United Kingdom,brownfield,onshore,2022,261.3,277.2,Class 3,IC5,complete,mock_generator,482,synthetic row
1000082,MOCK-REFINE-004,refinery_bf,refining,replacement,HIGH,crude_unit,95622.0,BPD,United Kingdom,United Kingdom,brownfield,onshore,2020,368.9,415.2,Class 4,IC3,complete,mock_generator,877,synthetic row
1000104,MOCK-REFINE-005,refinery_bf,refining,modification,HIGH,fcc,116426.0,BPD,United States,Texas-BTN (GOM),brownfield,onshore,2015,178.0,232.3,Class 3,IC4,complete,mock_generator,463,synthetic row
1000136,MOCK-REFINE-006,refinery_bf,refining,expansion,HIGH,hydrocracker,34960.0,BPD,Canada,Alberta,brownfield,onshore,2017,165.5,203.6,Class 3,IC5,complete,mock_generator,360,synthetic row
1000161,MOCK-REFINE-007,refinery_bf,refining,modification,HIGH,fcc,98524.0,BPD,Singapore,Singapore,brownfield,onshore,2021,299.4,327.2,Class 3,IC5,complete,mock_generator,780,synthetic row
1000186,MOCK-REFINE-008,refinery_bf,refining,expansion,MEDIUM,hydrocracker,96562.0,BPD,United States,Texas-BTN (GOM),brownfield,onshore,2020,28.9,32.5,Class 3,IC5,complete,mock_generator,231,synthetic row
1000208,MOCK-REFINE-009,refinery_bf,refining,modification,HIGH,hydrocracker,22598.0,BPD,United Kingdom,United Kingdom,brownfield,onshore,2016,17.2,21.8,Class 5,IC4,complete,mock_generator,105,synthetic row
1000212,MOCK-REFINE-010,refinery_bf,refining,modification,HIGH,fcc,71513.0,BPD,Singapore,Singapore,brownfield,onshore,2021,100.6,109.9,Class 4,IC4,complete,mock_generator,264,synthetic row
1000251,MOCK-REFINE-011,refinery_bf,refining,modification,HIGH,hydrotreater,35733.0,BPD,Canada,Alberta,brownfield,onshore,2021,325.3,355.5,Class 5,IC3,complete,mock_generator,818,synthetic row
1000268,MOCK-REFINE-012,refinery_bf,refining,modification,MEDIUM,fcc,83074.0,BPD,Belgium,Belgium,brownfield,onshore,2015,207.5,270.8,Class 3,IC3,complete,mock_generator,583,synthetic row
1000282,MOCK-REFINE-013,refinery_bf,refining,expansion,HIGH,crude_unit,60806.0,BPD,United States,Texas-BTN (GOM),brownfield,onshore,2020,475.0,534.6,Class 5,IC3,complete,mock_generator,779,synthetic row
1000302,MOCK-REFINE-014,refinery_bf,refining,modification,HIGH,hydrocracker,43166.0,BPD,Singapore,Singapore,brownfield,onshore,2019,48.2,55.9,Class 5,IC3,complete,mock_generator,199,synthetic row
1000316,MOCK-REFINE-015,refinery_bf,refining,replacement,LOW,crude_unit,86968.0,BPD,United States,Texas-BTN (GOM),brownfield,onshore,2016,348.3,441.2,Class 3,IC5,complete,mock_generator,702,synthetic row
1000327,MOCK-REFINE-016,refinery_bf,refining,modification,HIGH,alkylation,20603.0,BPD,Singapore,Singapore,brownfield,onshore,2016,28.8,36.5,Class 5,IC3,complete,mock_generator,333,synthetic row
1000356,MOCK-REFINE-017,refinery_bf,refining,modification,MEDIUM,reformer,104228.0,BPD,Canada,Alberta,brownfield,onshore,2010,16.6,25.1,Class 4,IC4,complete,mock_generator,143,synthetic row
1000369,MOCK-REFINE-018,refinery_bf,refining,modification,HIGH,fcc,19289.0,BPD,Belgium,Belgium,brownfield,onshore,2020,142.3,160.2,Class 3,IC4,complete,mock_generator,476,synthetic row
1000377,MOCK-REFINE-019,refinery_bf,refining,expansion,LOW,crude_unit,74641.0,BPD,Canada,Alberta,brownfield,onshore,2021,43.4,47.4,Class 5,IC4,complete,mock_generator,235,synthetic row
1000395,MOCK-REFINE-020,refinery_bf,refining,modification,MEDIUM,coker,115442.0,BPD,United Kingdom,United Kingdom,brownfield,onshore,2015,10.6,13.8,Class 3,IC3,complete,mock_generator,85,synthetic row
1000406,MOCK-REFINE-021,refinery_bf,refining,modification,HIGH,coker,72890.0,BPD,United Kingdom,United Kingdom,brownfield,onshore,2017,402.2,494.7,Class 5,IC3,complete,mock_generator,759,synthetic row
1000428,MOCK-REFINE-022,refinery_bf,refining,modification,HIGH,alkylation,100892.0,BPD,Belgium,Belgium,brownfield,onshore,2010,9.1,13.7,Class 3,IC4,complete,mock_generator,91,synthetic row
1000441,MOCK-REFINE-023,refinery_bf,refining,modification,MEDIUM,reformer,82536.0,BPD,United States,Texas-BTN (GOM),brownfield,onshore,2020,33.7,37.9,Class 3,IC3,complete,mock_generator,190,synthetic row
1000465,MOCK-REFINE-024,refinery_bf,refining,expansion,MEDIUM,fcc,71034.0,BPD,Australia,Perth,brownfield,onshore,2017,29.8,36.6,Class 4,IC5,complete,mock_generator,304,synthetic row
1000503,MOCK-REFINE-025,refinery_bf,refining,replacement,LOW,crude_unit,66656.0,BPD,Canada,Alberta,brownfield,onshore,2022,37.0,39.3,Class 3,IC3,complete,mock_generator,172,synthetic row
1000524,MOCK-REFINE-026,refinery_bf,refining,modification,MEDIUM,reformer,108084.0,BPD,United States,Texas-BTN (GOM),brownfield,onshore,2011,417.0,612.4,Class 3,IC5,complete,mock_generator,954,synthetic row
1000529,MOCK-REFINE-027,refinery_bf,refining,modification,HIGH,fcc,82783.0,BPD,Belgium,Belgium,brownfield,onshore,2015,198.1,258.5,Class 5,IC5,complete,mock_generator,675,synthetic row
1000544,MOCK-REFINE-028,refinery_bf,refining,debottleneck,HIGH,reformer,23503.0,BPD,Canada,Alberta,brownfield,onshore,2010,21.4,32.3,Class 5,IC3,complete,mock_generator,228,synthetic row
1000559,MOCK-REFINE-029,refinery_bf,refining,debottleneck,LOW,reformer,44136.0,BPD,Belgium,Belgium,brownfield,onshore,2023,26.4,27.2,Class 4,IC4,complete,mock_generator,282,synthetic row
1000576,MOCK-REFINE-030,refinery_bf,refining,grassroots,HIGH,hydrocracker,24500.0,BPD,United States,Texas-BTN (GOM),greenfield,onshore,2010,51.4,77.7,Class 3,IC4,complete,mock_generator,256,synthetic row
1000613,MOCK-REFINE-031,refinery_bf,refining,modification,MEDIUM,reformer,98454.0,BPD,Singapore,Singapore,brownfield,onshore,2010,18.2,27.5,Class 5,IC3,complete,mock_generator,224,synthetic row
1000630,MOCK-REFINE-032,refinery_bf,refining,debottleneck,HIGH,coker,43104.0,BPD,United States,Texas-BTN (GOM),brownfield,onshore,2011,40.7,59.7,Class 3,IC5,complete,mock_generator,273,synthetic row
1000651,MOCK-REFINE-033,refinery_bf,refining,debottleneck,HIGH,hydrocracker,71072.0,BPD,Canada,Alberta,brownfield,onshore,2012,9.7,13.9,Class 5,IC3,complete,mock_generator,165,synthetic row
1000681,MOCK-REFINE-034,refinery_bf,refining,replacement,HIGH,reformer,112633.0,BPD,United Kingdom,United Kingdom,brownfield,onshore,2020,115.3,129.8,Class 4,IC5,complete,mock_generator,406,synthetic row
1000715,MOCK-REFINE-035,refinery_bf,refining,expansion,HIGH,crude_unit,97650.0,BPD,United States,Texas-BTN (GOM),brownfield,onshore,2016,641.7,812.9,Class 5,IC4,complete,mock_generator,1025,synthetic row
1000752,MOCK-REFINE-036,refinery_bf,refining,modification,HIGH,fcc,51160.0,BPD,Australia,Perth,brownfield,onshore,2022,59.7,63.3,Class 5,IC5,complete,mock_generator,358,synthetic row
1000763,MOCK-REFINE-037,refinery_bf,refining,expansion,HIGH,reformer,92062.0,BPD,United Kingdom,United Kingdom,brownfield,onshore,2021,73.1,79.9,Class 5,IC3,complete,mock_generator,338,synthetic row
1000782,MOCK-REFINE-038,refinery_bf,refining,expansion,LOW,crude_unit,44137.0,BPD,Belgium,Belgium,brownfield,onshore,2022,752.1,797.9,Class 4,IC3,complete,mock_generator,1366,synthetic row
1000789,MOCK-REFINE-039,refinery_bf,refining,expansion,HIGH,hydrotreater,12326.0,BPD,Canada,Alberta,brownfield,onshore,2019,42.9,49.7,Class 5,IC3,complete,mock_generator,220,synthetic row
1000806,MOCK-REFINE-040,refinery_bf,refining,modification,MEDIUM,coker,44979.0,BPD,Belgium,Belgium,brownfield,onshore,2023,57.1,58.8,Class 5,IC5,complete,mock_generator,154,synthetic row
1000827,MOCK-REFINE-041,refinery_bf,refining,expansion,HIGH,coker,37433.0,BPD,United States,Texas-BTN (GOM),brownfield,onshore,2018,66.9,79.9,Class 3,IC3,complete,mock_generator,248,synthetic row
1000828,MOCK-REFINE-042,refinery_bf,refining,modification,LOW,hydrotreater,101680.0,BPD,United Kingdom,United Kingdom,brownfield,onshore,2011,12.7,18.7,Class 5,IC3,complete,mock_generator,118,synthetic row
1000861,MOCK-REFINE-043,refinery_bf,refining,debottleneck,HIGH,reformer,98223.0,BPD,Australia,Perth,brownfield,onshore,2018,487.8,582.5,Class 4,IC5,complete,mock_generator,771,synthetic row
1000890,MOCK-REFINE-044,refinery_bf,refining,modification,HIGH,coker,104333.0,BPD,United States,Texas-BTN (GOM),brownfield,onshore,2021,86.2,94.2,Class 5,IC4,complete,mock_generator,199,synthetic row
1000900,MOCK-REFINE-045,refinery_bf,refining,expansion,HIGH,crude_unit,55858.0,BPD,Canada,Alberta,brownfield,onshore,2018,171.9,205.3,Class 4,IC4,complete,mock_generator,539,synthetic row
1000929,MOCK-REFINE-046,refinery_bf,refining,modification,LOW,alkylation,42656.0,BPD,Canada,Alberta,brownfield,onshore,2021,168.8,184.4,Class 5,IC4,complete,mock_generator,480,synthetic row
1000960,MOCK-REFINE-047,refinery_bf,refining,modification,HIGH,reformer,81785.0,BPD,Canada,Alberta,brownfield,onshore,2012,244.6,348.8,Class 5,IC4,complete,mock_generator,532,synthetic row
1000963,MOCK-REFINE-048,refinery_bf,refining,modification,HIGH,alkylation,86428.0,BPD,Canada,Alberta,brownfield,onshore,2017,22.6,27.8,Class 5,IC4,complete,mock_generator,165,synthetic row
1000988,MOCK-REFINE-049,refinery_bf,refining,modification,LOW,hydrotreater,112953.0,BPD,United States,Texas-BTN (GOM),brownfield,onshore,2020,15.5,17.5,Class 3,IC5,complete,mock_generator,120,synthetic row
1001004,MOCK-REFINE-050,refinery_bf,refining,modification,HIGH,crude_unit,114063.0,BPD,Belgium,Belgium,brownfield,onshore,2011,192.6,282.9,Class 3,IC3,complete,mock_generator,539,synthetic row
1001025,MOCK-REFINE-051,refinery_bf,refining,expansion,HIGH,coker,72967.0,BPD,Belgium,Belgium,brownfield,onshore,2016,227.9,288.7,Class 5,IC5,complete,mock_generator,407,synthetic row
1001061,MOCK-REFINE-052,refinery_bf,refining,modification,HIGH,hydrotreater,112436.0,BPD,Singapore,Singapore,brownfield,onshore,2021,120.4,131.6,Class 5,IC3,complete,mock_generator,398,synthetic row
1001081,MOCK-REFINE-053,refinery_bf,refining,modification,MEDIUM,fcc,83835.0,BPD,Belgium,Belgium,brownfield,onshore,2020,231.7,260.8,Class 5,IC5,complete,mock_generator,465,synthetic row
1001106,MOCK-REFINE-054,refinery_bf,refining,modification,LOW,crude_unit,27337.0,BPD,Canada,Alberta,brownfield,onshore,2023,41.8,43.1,Class 4,IC4,complete,mock_generator,226,synthetic row
1001135,MOCK-REFINE-055,refinery_bf,refining,modification,HIGH,reformer,112975.0,BPD,United Kingdom,United Kingdom,brownfield,onshore,2015,84.1,109.7,Class 3,IC4,complete,mock_generator,255,synthetic row
1001161,MOCK-REFINE-056,refinery_bf,refining,modification,HIGH,reformer,23033.0,BPD,Australia,Perth,brownfield,onshore,2013,376.5,521.2,Class 3,IC3,complete,mock_generator,764,synthetic row
1001180,MOCK-REFINE-057,refinery_bf,refining,modification,HIGH,reformer,59975.0,BPD,Belgium,Belgium,brownfield,onshore,2020,11.7,13.2,Class 5,IC4,complete,mock_generator,124,synthetic row
1001193,MOCK-REFINE-058,refinery_bf,refining,modification,LOW,hydrotreater,95942.0,BPD,United Kingdom,United Kingdom,brownfield,onshore,2017,372.8,458.5,Class 3,IC5,complete,mock_generator,608,synthetic row
1001220,MOCK-REFINE-059,refinery_bf,refining,debottleneck,HIGH,hydrocracker,119902.0,BPD,Canada,Alberta,brownfield,onshore,2010,12.6,19.1,Class 4,IC3,complete,mock_generator,123,synthetic row
1001247,MOCK-REFINE-060,refinery_bf,refining,grassroots,HIGH,reformer,25732.0,BPD,Australia,Perth,greenfield,onshore,2021,74.3,81.2,Class 3,IC5,complete,mock_generator,306,synthetic row
1001259,MOCK-REFINE-061,refinery_bf,refining,grassroots,MEDIUM,hydrocracker,15682.0,BPD,Belgium,Belgium,greenfield,onshore,2021,29.6,32.3,Class 5,IC3,complete,mock_generator,179,synthetic row
1001271,MOCK-REFINE-062,refinery_bf,refining,expansion,HIGH,reformer,112057.0,BPD,Australia,Perth,brownfield,onshore,2011,495.2,727.2,Class 5,IC5,complete,mock_generator,975,synthetic row
1001289,MOCK-REFINE-063,refinery_bf,refining,expansion,HIGH,reformer,65498.0,BPD,United States,Texas-BTN (GOM),brownfield,onshore,2017,42.0,51.6,Class 3,IC5,complete,mock_generator,228,synthetic row
1001307,MOCK-REFINE-064,refinery_bf,refining,modification,LOW,hydrocracker,39783.0,BPD,United States,Texas-BTN (GOM),brownfield,onshore,2011,18.2,26.8,Class 5,IC4,complete,mock_generator,135,synthetic row
1001327,MOCK-REFINE-065,refinery_bf,refining,modification,HIGH,hydrocracker,107256.0,BPD,United States,Texas-BTN (GOM),brownfield,onshore,2016,11.8,14.9,Class 4,IC3,complete,mock_generator,127,synthetic row
1001358,MOCK-REFINE-066,refinery_bf,refining,replacement,HIGH,hydrocracker,96249.0,BPD,Canada,Alberta,brownfield,onshore,2013,54.8,75.8,Class 4,IC3,complete,mock_generator,369,synthetic row
1001368,MOCK-REFINE-067,refinery_bf,refining,modification,LOW,hydrocracker,86975.0,BPD,Australia,Perth,brownfield,onshore,2013,87.4,121.0,Class 3,IC3,complete,mock_generator,358,synthetic row
1001387,MOCK-REFINE-068,refinery_bf,refining,modification,HIGH,hydrotreater,23114.0,BPD,Belgium,Belgium,brownfield,onshore,2023,78.3,80.6,Class 3,IC3,complete,mock_generator,255,synthetic row
1001411,MOCK-REFINE-069,refinery_bf,refining,modification,HIGH,fcc,55299.0,BPD,United Kingdom,United Kingdom,brownfield,onshore,2012,105.9,151.0,Class 5,IC4,complete,mock_generator,486,synthetic row
1001435,MOCK-REFINE-070,refinery_bf,refining,grassroots,HIGH,crude_unit,62155.0,BPD,Canada,Alberta,greenfield,onshore,2012,114.1,162.7,Class 4,IC4,complete,mock_generator,407,synthetic row
1001458,MOCK-REFINE-071,refinery_bf,refining,modification,HIGH,reformer,44784.0,BPD,Singapore,Singapore,brownfield,onshore,2013,117.0,161.9,Class 3,IC4,complete,mock_generator,391,synthetic row
1001479,MOCK-REFINE-072,refinery_bf,refining,modification,LOW,alkylation,91038.0,BPD,Belgium,Belgium,brownfield,onshore,2017,76.2,93.7,Class 5,IC4,complete,mock_generator,403,synthetic row
1001508,MOCK-REFINE-073,refinery_bf,refining,modification,HIGH,coker,102112.0,BPD,Belgium,Belgium,brownfield,onshore,2015,33.0,43.1,Class 3,IC3,complete,mock_generator,237,synthetic row
1001542,MOCK-REFINE-074,refinery_bf,refining,expansion,HIGH,crude_unit,46754.0,BPD,Australia,Perth,brownfield,onshore,2016,74.9,94.9,Class 3,IC5,complete,mock_generator,385,synthetic row
1001578,MOCK-REFINE-075,refinery_bf,refining,debottleneck,HIGH,crude_unit,50949.0,BPD,United States,Texas-BTN (GOM),brownfield,onshore,2019,310.5,359.9,Class 5,IC3,complete,mock_generator,655,synthetic row
1001598,MOCK-REFINE-076,refinery_bf,refining,replacement,HIGH,fcc,94932.0,BPD,United Kingdom,United Kingdom,brownfield,onshore,2015,475.1,619.9,Class 3,IC5,complete,mock_generator,1038,synthetic row
1001628,MOCK-REFINE-077,refinery_bf,refining,modification,HIGH,coker,32996.0,BPD,United Kingdom,United Kingdom,brownfield,onshore,2020,11.6,13.1,Class 5,IC3,complete,mock_generator,121,synthetic row
1001645,MOCK-REFINE-078,refinery_bf,refining,replacement,HIGH,alkylation,102298.0,BPD,Australia,Perth,brownfield,onshore,2021,101.6,111.0,Class 4,IC4,complete,mock_generator,343,synthetic row
1001678,MOCK-REFINE-079,refinery_bf,refining,expansion,HIGH,coker,57716.0,BPD,United Kingdom,United Kingdom,brownfield,onshore,2016,480.1,608.2,Class 3,IC3,complete,mock_generator,942,synthetic row
1001688,MOCK-REFINE-080,refinery_bf,refining,grassroots,HIGH,coker,42127.0,BPD,Australia,Perth,greenfield,onshore,2012,55.2,78.7,Class 5,IC4,complete,mock_generator,293,synthetic row
1001689,MOCK-REFINE-081,refinery_bf,refining,expansion,HIGH,hydrocracker,80135.0,BPD,United States,Texas-BTN (GOM),brownfield,onshore,2017,698.6,859.2,Class 5,IC5,complete,mock_generator,1150,synthetic row
1001713,MOCK-REFINE-082,refinery_bf,refining,modification,HIGH,reformer,47230.0,BPD,United States,Texas-BTN (GOM),brownfield,onshore,2023,101.0,104.0,Class 4,IC5,complete,mock_generator,415,synthetic row
1001740,MOCK-REFINE-083,refinery_bf,refining,modification,HIGH,reformer,74584.0,BPD,Australia,Perth,brownfield,onshore,2011,301.5,442.8,Class 4,IC4,complete,mock_generator,682,synthetic row
1001774,MOCK-REFINE-084,refinery_bf,refining,expansion,HIGH,hydrocracker,110907.0,BPD,Belgium,Belgium,brownfield,onshore,2018,126.0,150.5,Class 3,IC4,complete,mock_generator,455,synthetic row
1001787,MOCK-REFINE-085,refinery_bf,refining,grassroots,HIGH,fcc,59303.0,BPD,Canada,Alberta,greenfield,onshore,2015,914.4,1193.1,Class 4,IC3,complete,mock_generator,1395,synthetic row
1001804,MOCK-REFINE-086,refinery_bf,refining,modification,HIGH,hydrocracker,117999.0,BPD,Canada,Alberta,brownfield,onshore,2021,137.7,150.5,Class 5,IC5,complete,mock_generator,296,synthetic row
1001830,MOCK-REFINE-087,refinery_bf,refining,modification,HIGH,alkylation,96021.0,BPD,Australia,Perth,brownfield,onshore,2016,431.3,546.3,Class 4,IC5,complete,mock_generator,906,synthetic row
1001862,MOCK-REFINE-088,refinery_bf,refining,modification,HIGH,alkylation,116680.0,BPD,United Kingdom,United Kingdom,brownfield,onshore,2011,110.9,162.9,Class 5,IC5,complete,mock_generator,311,synthetic row
1001900,MOCK-REFINE-089,refinery_bf,refining,modification,HIGH,reformer,14504.0,BPD,Singapore,Singapore,brownfield,onshore,2017,16.6,20.4,Class 5,IC5,complete,mock_generator,169,synthetic row
1001934,MOCK-REFINE-090,refinery_bf,refining,replacement,HIGH,hydrotreater,97305.0,BPD,United Kingdom,United Kingdom,brownfield,onshore,2019,54.3,63.0,Class 4,IC5,complete,mock_generator,211,synthetic row
1001945,MOCK-REFINE-091,refinery_bf,refining,debottleneck,HIGH,hydrotreater,50997.0,BPD,Australia,Perth,brownfield,onshore,2023,14.1,14.5,Class 5,IC5,complete,mock_generator,143,synthetic row
1001975,MOCK-REFINE-092,refinery_bf,refining,modification,HIGH,reformer,91337.0,BPD,Singapore,Singapore,brownfield,onshore,2015,285.6,372.6,Class 5,IC3,complete,mock_generator,715,synthetic row
1001979,MOCK-REFINE-093,refinery_bf,refining,debottleneck,HIGH,hydrocracker,66609.0,BPD,Belgium,Belgium,brownfield,onshore,2013,9.2,12.8,Class 5,IC4,complete,mock_generator,153,synthetic row
1002007,MOCK-REFINE-094,refinery_bf,refining,modification,MEDIUM,fcc,103806.0,BPD,Australia,Perth,brownfield,onshore,2017,25.9,31.9,Class 5,IC3,complete,mock_generator,185,synthetic row
1002035,MOCK-REFINE-095,refinery_bf,refining,modification,HIGH,crude_unit,107521.0,BPD,Belgium,Belgium,brownfield,onshore,2022,34.8,36.9,Class 5,IC4,complete,mock_generator,210,synthetic row
1002053,MOCK-REFINE-096,refinery_bf,refining,debottleneck,HIGH,fcc,42600.0,BPD,Singapore,Singapore,brownfield,onshore,2020,557.9,627.9,Class 3,IC4,complete,mock_generator,899,synthetic row
1002061,MOCK-REFINE-097,refinery_bf,refining,modification,HIGH,alkylation,53161.0,BPD,Australia,Perth,brownfield,onshore,2016,102.1,129.4,Class 4,IC3,complete,mock_generator,298,synthetic row
1002066,MOCK-REFINE-098,refinery_bf,refining,expansion,HIGH,coker,11944.0,BPD,United Kingdom,United Kingdom,brownfield,onshore,2014,51.9,69.7,Class 5,IC4,complete,mock_generator,284,synthetic row
1002084,MOCK-REFINE-099,refinery_bf,refining,replacement,MEDIUM,crude_unit,69494.0,BPD,United Kingdom,United Kingdom,brownfield,onshore,2023,232.0,239.0,Class 4,IC3,complete,mock_generator,520,synthetic row
1002106,MOCK-REFINE-100,refinery_bf,refining,debottleneck,HIGH,hydrocracker,91655.0,BPD,Canada,Alberta,brownfield,onshore,2013,72.3,100.1,Class 3,IC3,complete,mock_generator,281,synthetic row
1002140,MOCK-REFINE-101,refinery_bf,refining,modification,HIGH,crude_unit,106175.0,BPD,Canada,Alberta,brownfield,onshore,2010,15.3,23.1,Class 3,IC5,complete,mock_generator,137,synthetic row
1002163,MOCK-REFINE-102,refinery_bf,refining,modification,MEDIUM,hydrocracker,119417.0,BPD,Singapore,Singapore,brownfield,onshore,2018,68.0,81.2,Class 5,IC5,complete,mock_generator,310,synthetic row
1002174,MOCK-REFINE-103,refinery_bf,refining,expansion,LOW,hydrocracker,21208.0,BPD,Singapore,Singapore,brownfield,onshore,2015,218.9,285.6,Class 5,IC4,complete,mock_generator,687,synthetic row
1002211,MOCK-REFINE-104,refinery_bf,refining,grassroots,HIGH,hydrotreater,21330.0,BPD,United Kingdom,United Kingdom,greenfield,onshore,2014,1007.5,1354.0,Class 4,IC3,complete,mock_generator,1403,synthetic row
1002250,MOCK-REFINE-105,refinery_bf,refining,modification,HIGH,hydrotreater,15606.0,BPD,United Kingdom,United Kingdom,brownfield,onshore,2021,39.2,42.8,Class 5,IC3,complete,mock_generator,225,synthetic row
1002286,MOCK-REFINE-106,refinery_bf,refining,expansion,HIGH,fcc,53354.0,BPD,Singapore,Singapore,brownfield,onshore,2013,74.6,103.2,Class 3,IC3,complete,mock_generator,486,synthetic row
1002303,MOCK-REFINE-107,refinery_bf,refining,grassroots,HIGH,fcc,63845.0,BPD,Australia,Perth,greenfield,onshore,2010,152.8,231.1,Class 4,IC5,complete,mock_generator,519,synthetic row
1002322,MOCK-REFINE-108,refinery_bf,refining,expansion,HIGH,coker,36673.0,BPD,Australia,Perth,brownfield,onshore,2022,105.3,111.7,Class 4,IC3,complete,mock_generator,292,synthetic row
1002352,MOCK-REFINE-109,refinery_bf,refining,debottleneck,HIGH,hydrocracker,60685.0,BPD,Canada,Alberta,brownfield,onshore,2022,14.3,15.2,Class 4,IC3,complete,mock_generator,193,synthetic row
1002365,MOCK-REFINE-110,refinery_bf,refining,debottleneck,HIGH,hydrotreater,30715.0,BPD,United States,Texas-BTN (GOM),brownfield,onshore,2021,12.0,13.1,Class 5,IC4,complete,mock_generator,90,synthetic row
1002384,MOCK-REFINE-111,refinery_bf,refining,modification,MEDIUM,hydrotreater,103438.0,BPD,Canada,Alberta,brownfield,onshore,2016,100.2,126.9,Class 4,IC4,complete,mock_generator,335,synthetic row
1002402,MOCK-REFINE-112,refinery_bf,refining,modification,HIGH,alkylation,37969.0,BPD,United States,Texas-BTN (GOM),brownfield,onshore,2013,258.9,358.4,Class 5,IC4,complete,mock_generator,598,synthetic row
1002438,MOCK-REFINE-113,refinery_bf,refining,modification,HIGH,reformer,45024.0,BPD,Australia,Perth,brownfield,onshore,2017,246.9,303.6,Class 3,IC3,complete,mock_generator,829,synthetic row
1002459,MOCK-REFINE-114,refinery_bf,refining,modification,HIGH,fcc,13282.0,BPD,United Kingdom,United Kingdom,brownfield,onshore,2020,15.2,17.1,Class 5,IC3,complete,mock_generator,90,synthetic row
1002485,MOCK-REFINE-115,refinery_bf,refining,modification,HIGH,alkylation,44887.0,BPD,Singapore,Singapore,brownfield,onshore,2011,154.4,226.8,Class 3,IC3,complete,mock_generator,582,synthetic row
1002516,MOCK-REFINE-116,refinery_bf,refining,modification,HIGH,alkylation,65802.0,BPD,United States,Texas-BTN (GOM),brownfield,onshore,2011,16.9,24.8,Class 5,IC3,complete,mock_generator,160,synthetic row
1002538,MOCK-REFINE-117,refinery_bf,refining,modification,HIGH,alkylation,108703.0,BPD,Australia,Perth,brownfield,onshore,2011,14.1,20.7,Class 3,IC4,complete,mock_generator,184,synthetic row
1002546,MOCK-REFINE-118,refinery_bf,refining,expansion,MEDIUM,hydrocracker,42423.0,BPD,Canada,Alberta,brownfield,onshore,2014,241.2,324.2,Class 3,IC3,complete,mock_generator,560,synthetic row
1002549,MOCK-REFINE-119,refinery_bf,refining,expansion,HIGH,hydrocracker,37903.0,BPD,Belgium,Belgium,brownfield,onshore,2018,810.2,967.4,Class 4,IC4,complete,mock_generator,784,synthetic row
1002579,MOCK-REFINE-120,refinery_bf,refining,modification,HIGH,alkylation,93426.0,BPD,Singapore,Singapore,brownfield,onshore,2020,102.9,115.8,Class 5,IC4,complete,mock_generator,375,synthetic row
1002616,MOCK-REFINE-121,refinery_bf,refining,modification,MEDIUM,hydrotreater,54876.0,BPD,United States,Texas-BTN (GOM),brownfield,onshore,2023,93.7,96.5,Class 4,IC4,complete,mock_generator,310,synthetic row
1002623,MOCK-REFINE-122,refinery_bf,refining,expansion,MEDIUM,crude_unit,29629.0,BPD,Singapore,Singapore,brownfield,onshore,2019,1176.1,1363.4,Class 5,IC5,complete,mock_generator,1404,synthetic row
1002633,MOCK-REFINE-123,refinery_bf,refining,modification,HIGH,fcc,106620.0,BPD,Canada,Alberta,brownfield,onshore,2019,191.8,222.3,Class 3,IC5,complete,mock_generator,453,synthetic row
1002659,MOCK-REFINE-124,refinery_bf,refining,modification,MEDIUM,alkylation,21508.0,BPD,Singapore,Singapore,brownfield,onshore,2020,104.1,117.2,Class 5,IC5,complete,mock_generator,468,synthetic row
1002679,MOCK-REFINE-125,refinery_bf,refining,expansion,HIGH,alkylation,12545.0,BPD,United States,Texas-BTN (GOM),brownfield,onshore,2012,407.4,580.9,Class 5,IC5,complete,mock_generator,755,synthetic row
1002716,MOCK-REFINE-126,refinery_bf,refining,modification,HIGH,hydrocracker,76962.0,BPD,Australia,Perth,brownfield,onshore,2017,35.7,43.9,Class 3,IC4,complete,mock_generator,205,synthetic row
1002739,MOCK-REFINE-127,refinery_bf,refining,modification,HIGH,fcc,51493.0,BPD,Australia,Perth,brownfield,onshore,2015,20.8,27.2,Class 3,IC3,complete,mock_generator,219,synthetic row
1002752,MOCK-REFINE-128,refinery_bf,refining,modification,MEDIUM,hydrotreater,36796.0,BPD,Singapore,Singapore,brownfield,onshore,2012,370.9,528.8,Class 4,IC5,complete,mock_generator,558,synthetic row
1002766,MOCK-REFINE-129,refinery_bf,refining,expansion,HIGH,coker,67421.0,BPD,Canada,Alberta,brownfield,onshore,2010,43.2,65.4,Class 3,IC3,complete,mock_generator,228,synthetic row
1002767,MOCK-REFINE-130,refinery_bf,refining,replacement,HIGH,hydrotreater,64506.0,BPD,United Kingdom,United Kingdom,brownfield,onshore,2022,152.6,161.9,Class 3,IC3,complete,mock_generator,540,synthetic row
1002780,MOCK-REFINE-131,refinery_bf,refining,debottleneck,LOW,alkylation,118303.0,BPD,Singapore,Singapore,brownfield,onshore,2018,359.5,429.3,Class 4,IC3,complete,mock_generator,547,synthetic row
1002796,MOCK-REFINE-132,refinery_bf,refining,modification,HIGH,reformer,20668.0,BPD,United States,Texas-BTN (GOM),brownfield,onshore,2021,100.3,109.6,Class 4,IC4,complete,mock_generator,434,synthetic row
1002817,MOCK-REFINE-133,refinery_bf,refining,expansion,MEDIUM,hydrocracker,103713.0,BPD,United States,Texas-BTN (GOM),brownfield,onshore,2015,45.4,59.2,Class 5,IC3,complete,mock_generator,275,synthetic row
1002851,MOCK-REFINE-134,refinery_bf,refining,modification,LOW,crude_unit,94959.0,BPD,United Kingdom,United Kingdom,brownfield,onshore,2010,163.0,246.6,Class 4,IC3,complete,mock_generator,479,synthetic row
1002861,MOCK-REFINE-135,refinery_bf,refining,expansion,HIGH,crude_unit,103113.0,BPD,Australia,Perth,brownfield,onshore,2018,74.6,89.1,Class 3,IC4,complete,mock_generator,268,synthetic row
1002869,MOCK-REFINE-136,refinery_bf,refining,modification,HIGH,fcc,106203.0,BPD,Canada,Alberta,brownfield,onshore,2020,313.3,352.6,Class 5,IC3,complete,mock_generator,717,synthetic row
1002882,MOCK-REFINE-137,refinery_bf,refining,expansion,HIGH,reformer,107679.0,BPD,Canada,Alberta,brownfield,onshore,2010,828.5,1253.2,Class 3,IC4,complete,mock_generator,1490,synthetic row
1002900,MOCK-REFINE-138,refinery_bf,refining,modification,LOW,hydrotreater,24493.0,BPD,Belgium,Belgium,brownfield,onshore,2015,52.9,69.0,Class 3,IC4,complete,mock_generator,218,synthetic row
1002933,MOCK-REFINE-139,refinery_bf,refining,expansion,HIGH,crude_unit,32849.0,BPD,Australia,Perth,brownfield,onshore,2012,194.3,277.0,Class 4,IC3,complete,mock_generator,644,synthetic row
1002940,MOCK-REFINE-140,refinery_bf,refining,modification,HIGH,fcc,61152.0,BPD,Australia,Perth,brownfield,onshore,2023,132.1,136.1,Class 4,IC3,complete,mock_generator,363,synthetic row
1002973,MOCK-ONSHOR-001,onshore_petchem,chemicals,expansion,LOW,polypropylene,1044.0,KTA,Canada,Alberta,brownfield,onshore,2021,1504.0,1643.5,Class 5,IC4,complete,mock_generator,1247,synthetic row
1002995,MOCK-ONSHOR-002,onshore_petchem,chemicals,grassroots,MEDIUM,meg,1321.0,KTA,United States,Texas-BTN (GOM),greenfield,onshore,2010,1242.2,1878.9,Class 5,IC3,complete,mock_generator,1101,synthetic row
1003004,MOCK-ONSHOR-003,onshore_petchem,chemicals,grassroots,HIGH,process_plant_generic,204.0,KTA,Canada,Alberta,greenfield,onshore,2017,1030.5,1267.4,Class 5,IC3,complete,mock_generator,821,synthetic row
1003020,MOCK-ONSHOR-004,onshore_petchem,chemicals,grassroots,LOW,polyethylene,1338.0,KTA,Singapore,Singapore,greenfield,onshore,2016,291.7,369.5,Class 4,IC3,complete,mock_generator,640,synthetic row
1003037,MOCK-ONSHOR-005,onshore_petchem,chemicals,grassroots,LOW,ethylene_cracker,1279.0,KTA,Belgium,Belgium,greenfield,onshore,2011,910.0,1336.4,Class 4,IC4,complete,mock_generator,1218,synthetic row
1003059,MOCK-ONSHOR-006,onshore_petchem,chemicals,expansion,MEDIUM,ethylene_cracker,272.0,KTA,China,Shanghai,brownfield,onshore,2023,2078.6,2141.0,Class 5,IC5,complete,mock_generator,1719,synthetic row
1003070,MOCK-ONSHOR-007,onshore_petchem,chemicals,grassroots,HIGH,process_plant_generic,744.0,KTA,Canada,Alberta,greenfield,onshore,2015,1024.4,1336.6,Class 5,IC5,complete,mock_generator,635,synthetic row
1003086,MOCK-ONSHOR-008,onshore_petchem,chemicals,grassroots,HIGH,process_plant_generic,1116.0,KTA,Singapore,Singapore,greenfield,onshore,2020,1381.7,1555.1,Class 3,IC4,complete,mock_generator,1087,synthetic row
1003102,MOCK-ONSHOR-009,onshore_petchem,chemicals,grassroots,HIGH,polypropylene,426.0,KTA,Singapore,Singapore,greenfield,onshore,2021,700.7,765.7,Class 3,IC4,complete,mock_generator,823,synthetic row
1003131,MOCK-ONSHOR-010,onshore_petchem,chemicals,grassroots,MEDIUM,meg,556.0,KTA,Saudi Arabia,Saudi Arabia,greenfield,onshore,2012,402.9,574.4,Class 5,IC3,complete,mock_generator,743,synthetic row
1003167,MOCK-ONSHOR-011,onshore_petchem,chemicals,grassroots,HIGH,polyethylene,450.0,KTA,Belgium,Belgium,greenfield,onshore,2013,364.3,504.3,Class 5,IC5,complete,mock_generator,481,synthetic row
1003196,MOCK-ONSHOR-012,onshore_petchem,chemicals,grassroots,HIGH,meg,1915.0,KTA,China,Shanghai,greenfield,onshore,2018,1243.1,1484.3,Class 3,IC4,complete,mock_generator,1076,synthetic row
1003199,MOCK-ONSHOR-013,onshore_petchem,chemicals,modification,HIGH,polypropylene,1434.0,KTA,China,Shanghai,brownfield,onshore,2017,223.8,275.2,Class 5,IC5,complete,mock_generator,534,synthetic row
1003237,MOCK-ONSHOR-014,onshore_petchem,chemicals,grassroots,HIGH,polyethylene,1737.0,KTA,Saudi Arabia,Saudi Arabia,greenfield,onshore,2014,2000.6,2688.6,Class 5,IC4,complete,mock_generator,1678,synthetic row
1003255,MOCK-ONSHOR-015,onshore_petchem,chemicals,grassroots,MEDIUM,process_plant_generic,1843.0,KTA,Saudi Arabia,Saudi Arabia,greenfield,onshore,2023,452.7,466.3,Class 5,IC5,complete,mock_generator,596,synthetic row
1003256,MOCK-ONSHOR-016,onshore_petchem,chemicals,expansion,HIGH,ethylene_cracker,1065.0,KTA,Belgium,Belgium,brownfield,onshore,2018,1451.5,1733.2,Class 4,IC4,complete,mock_generator,788,synthetic row
1003281,MOCK-ONSHOR-017,onshore_petchem,chemicals,grassroots,MEDIUM,polyethylene,938.0,KTA,China,Shanghai,greenfield,onshore,2014,824.5,1108.0,Class 3,IC5,complete,mock_generator,1209,synthetic row
1003304,MOCK-ONSHOR-018,onshore_petchem,chemicals,grassroots,HIGH,process_plant_generic,1636.0,KTA,China,Shanghai,greenfield,onshore,2011,400.7,588.5,Class 5,IC5,complete,mock_generator,555,synthetic row
1003328,MOCK-ONSHOR-019,onshore_petchem,chemicals,grassroots,HIGH,polypropylene,547.0,KTA,United States,Texas-BTN (GOM),greenfield,onshore,2023,3059.4,3151.2,Class 4,IC4,complete,mock_generator,1860,synthetic row
1003363,MOCK-ONSHOR-020,onshore_petchem,chemicals,modification,HIGH,meg,448.0,KTA,Canada,Alberta,brownfield,onshore,2018,99.9,119.3,Class 4,IC5,complete,mock_generator,349,synthetic row
1003372,MOCK-ONSHOR-021,onshore_petchem,chemicals,grassroots,HIGH,ethylene_cracker,517.0,KTA,Saudi Arabia,Saudi Arabia,greenfield,onshore,2012,1451.2,2069.1,Class 3,IC4,complete,mock_generator,1009,synthetic row
1003384,MOCK-ONSHOR-022,onshore_petchem,chemicals,expansion,HIGH,ethylene_cracker,1999.0,KTA,Belgium,Belgium,brownfield,onshore,2010,2048.9,3099.2,Class 5,IC5,complete,mock_generator,1267,synthetic row
1003389,MOCK-ONSHOR-023,onshore_petchem,chemicals,grassroots,HIGH,polypropylene,965.0,KTA,Canada,Alberta,greenfield,onshore,2012,566.6,807.8,Class 5,IC4,complete,mock_generator,969,synthetic row
1003402,MOCK-ONSHOR-024,onshore_petchem,chemicals,expansion,MEDIUM,polyethylene,950.0,KTA,Belgium,Belgium,brownfield,onshore,2015,1541.0,2010.7,Class 5,IC5,complete,mock_generator,1537,synthetic row
1003409,MOCK-ONSHOR-025,onshore_petchem,chemicals,expansion,HIGH,polypropylene,1782.0,KTA,Singapore,Singapore,brownfield,onshore,2022,340.9,361.7,Class 3,IC4,complete,mock_generator,512,synthetic row
1003420,MOCK-ONSHOR-026,onshore_petchem,chemicals,grassroots,HIGH,meg,985.0,KTA,United States,Texas-BTN (GOM),greenfield,onshore,2021,230.2,251.5,Class 4,IC4,complete,mock_generator,715,synthetic row
1003450,MOCK-ONSHOR-027,onshore_petchem,chemicals,grassroots,HIGH,process_plant_generic,1749.0,KTA,Belgium,Belgium,greenfield,onshore,2013,263.3,364.4,Class 4,IC5,complete,mock_generator,605,synthetic row
1003452,MOCK-ONSHOR-028,onshore_petchem,chemicals,grassroots,HIGH,meg,663.0,KTA,United States,Texas-BTN (GOM),greenfield,onshore,2014,1211.2,1627.7,Class 4,IC5,complete,mock_generator,1040,synthetic row
1003480,MOCK-ONSHOR-029,onshore_petchem,chemicals,grassroots,HIGH,meg,575.0,KTA,Singapore,Singapore,greenfield,onshore,2019,377.5,437.6,Class 5,IC3,complete,mock_generator,681,synthetic row
1003494,MOCK-ONSHOR-030,onshore_petchem,chemicals,grassroots,HIGH,process_plant_generic,917.0,KTA,China,Shanghai,greenfield,onshore,2019,1742.7,2020.3,Class 5,IC4,complete,mock_generator,1301,synthetic row
1003502,MOCK-ONSHOR-031,onshore_petchem,chemicals,grassroots,HIGH,process_plant_generic,1956.0,KTA,Singapore,Singapore,greenfield,onshore,2023,2237.5,2304.6,Class 4,IC3,complete,mock_generator,1310,synthetic row
1003521,MOCK-ONSHOR-032,onshore_petchem,chemicals,grassroots,MEDIUM,ethylene_cracker,1220.0,KTA,Saudi Arabia,Saudi Arabia,greenfield,onshore,2020,1435.0,1615.1,Class 4,IC5,complete,mock_generator,824,synthetic row
1003540,MOCK-ONSHOR-033,onshore_petchem,chemicals,grassroots,HIGH,polyethylene,1075.0,KTA,United States,Texas-BTN (GOM),greenfield,onshore,2018,965.4,1152.7,Class 3,IC5,complete,mock_generator,1093,synthetic row
1003545,MOCK-ONSHOR-034,onshore_petchem,chemicals,grassroots,HIGH,ethylene_cracker,687.0,KTA,Belgium,Belgium,greenfield,onshore,2011,454.0,666.7,Class 4,IC4,complete,mock_generator,873,synthetic row
1003570,MOCK-ONSHOR-035,onshore_petchem,chemicals,grassroots,HIGH,process_plant_generic,582.0,KTA,Belgium,Belgium,greenfield,onshore,2018,211.0,251.9,Class 5,IC3,complete,mock_generator,440,synthetic row
1003603,MOCK-ONSHOR-036,onshore_petchem,chemicals,grassroots,HIGH,polypropylene,1884.0,KTA,Canada,Alberta,greenfield,onshore,2016,662.2,838.9,Class 4,IC4,complete,mock_generator,1124,synthetic row
1003622,MOCK-ONSHOR-037,onshore_petchem,chemicals,expansion,HIGH,polyethylene,378.0,KTA,China,Shanghai,brownfield,onshore,2015,331.1,432.0,Class 4,IC3,complete,mock_generator,569,synthetic row
1003626,MOCK-ONSHOR-038,onshore_petchem,chemicals,expansion,HIGH,polypropylene,849.0,KTA,United States,Texas-BTN (GOM),brownfield,onshore,2013,408.5,565.5,Class 4,IC3,complete,mock_generator,913,synthetic row
1003663,MOCK-ONSHOR-039,onshore_petchem,chemicals,grassroots,HIGH,polypropylene,1873.0,KTA,Saudi Arabia,Saudi Arabia,greenfield,onshore,2019,2055.9,2383.4,Class 3,IC3,complete,mock_generator,1560,synthetic row
1003681,MOCK-ONSHOR-040,onshore_petchem,chemicals,grassroots,HIGH,process_plant_generic,1558.0,KTA,Saudi Arabia,Saudi Arabia,greenfield,onshore,2011,1481.6,2175.8,Class 3,IC5,complete,mock_generator,978,synthetic row
1003699,MOCK-ONSHOR-041,onshore_petchem,chemicals,grassroots,MEDIUM,ethylene_cracker,1908.0,KTA,United States,Texas-BTN (GOM),greenfield,onshore,2011,388.6,570.6,Class 5,IC3,complete,mock_generator,884,synthetic row
1003731,MOCK-ONSHOR-042,onshore_petchem,chemicals,grassroots,HIGH,polyethylene,1948.0,KTA,Canada,Alberta,greenfield,onshore,2023,851.6,877.1,Class 5,IC4,complete,mock_generator,1027,synthetic row
1003750,MOCK-ONSHOR-043,onshore_petchem,chemicals,grassroots,HIGH,process_plant_generic,386.0,KTA,United States,Texas-BTN (GOM),greenfield,onshore,2021,375.0,409.8,Class 4,IC4,complete,mock_generator,663,synthetic row
1003777,MOCK-ONSHOR-044,onshore_petchem,chemicals,grassroots,HIGH,process_plant_generic,1868.0,KTA,Singapore,Singapore,greenfield,onshore,2021,1142.7,1248.7,Class 5,IC3,complete,mock_generator,1014,synthetic row
1003788,MOCK-ONSHOR-045,onshore_petchem,chemicals,grassroots,HIGH,ethylene_cracker,1386.0,KTA,Singapore,Singapore,greenfield,onshore,2014,602.0,809.1,Class 5,IC4,complete,mock_generator,830,synthetic row
1003791,MOCK-ONSHOR-046,onshore_petchem,chemicals,grassroots,HIGH,polyethylene,1502.0,KTA,Singapore,Singapore,greenfield,onshore,2023,371.4,382.5,Class 5,IC4,complete,mock_generator,598,synthetic row
1003821,MOCK-ONSHOR-047,onshore_petchem,chemicals,grassroots,HIGH,ethylene_cracker,1870.0,KTA,Belgium,Belgium,greenfield,onshore,2012,1430.3,2039.2,Class 5,IC3,complete,mock_generator,1656,synthetic row
1003847,MOCK-ONSHOR-048,onshore_petchem,chemicals,grassroots,HIGH,polypropylene,1242.0,KTA,Canada,Alberta,greenfield,onshore,2023,2531.9,2607.9,Class 5,IC5,complete,mock_generator,1618,synthetic row
1003883,MOCK-ONSHOR-049,onshore_petchem,chemicals,grassroots,HIGH,ethylene_cracker,1734.0,KTA,Saudi Arabia,Saudi Arabia,greenfield,onshore,2013,1192.9,1651.2,Class 4,IC3,complete,mock_generator,908,synthetic row
1003906,MOCK-ONSHOR-050,onshore_petchem,chemicals,grassroots,HIGH,ethylene_cracker,872.0,KTA,Belgium,Belgium,greenfield,onshore,2021,2128.8,2326.2,Class 5,IC3,complete,mock_generator,1350,synthetic row
1003923,MOCK-ONSHOR-051,onshore_petchem,chemicals,grassroots,MEDIUM,process_plant_generic,1938.0,KTA,Belgium,Belgium,greenfield,onshore,2011,665.6,977.5,Class 5,IC3,complete,mock_generator,971,synthetic row
1003960,MOCK-ONSHOR-052,onshore_petchem,chemicals,expansion,HIGH,process_plant_generic,382.0,KTA,Saudi Arabia,Saudi Arabia,brownfield,onshore,2015,497.0,648.5,Class 3,IC4,complete,mock_generator,665,synthetic row
1003985,MOCK-ONSHOR-053,onshore_petchem,chemicals,expansion,HIGH,ethylene_cracker,866.0,KTA,Canada,Alberta,brownfield,onshore,2011,501.9,737.0,Class 5,IC5,complete,mock_generator,636,synthetic row
1003994,MOCK-ONSHOR-054,onshore_petchem,chemicals,grassroots,HIGH,polypropylene,1774.0,KTA,Canada,Alberta,greenfield,onshore,2010,358.5,542.2,Class 4,IC4,complete,mock_generator,819,synthetic row
1004011,MOCK-ONSHOR-055,onshore_petchem,chemicals,grassroots,HIGH,meg,878.0,KTA,Belgium,Belgium,greenfield,onshore,2021,1249.3,1365.1,Class 4,IC4,complete,mock_generator,1045,synthetic row
1004049,MOCK-ONSHOR-056,onshore_petchem,chemicals,grassroots,HIGH,polyethylene,539.0,KTA,Saudi Arabia,Saudi Arabia,greenfield,onshore,2016,282.5,357.8,Class 4,IC5,complete,mock_generator,746,synthetic row
1004057,MOCK-ONSHOR-057,onshore_petchem,chemicals,expansion,MEDIUM,meg,345.0,KTA,Singapore,Singapore,brownfield,onshore,2018,2482.2,2963.9,Class 5,IC4,complete,mock_generator,1819,synthetic row
1004072,MOCK-ONSHOR-058,onshore_petchem,chemicals,grassroots,LOW,process_plant_generic,1162.0,KTA,Singapore,Singapore,greenfield,onshore,2015,210.8,275.1,Class 4,IC3,complete,mock_generator,491,synthetic row
1004080,MOCK-ONSHOR-059,onshore_petchem,chemicals,grassroots,MEDIUM,process_plant_generic,281.0,KTA,Belgium,Belgium,greenfield,onshore,2014,1840.4,2473.4,Class 5,IC3,complete,mock_generator,1415,synthetic row
1004092,MOCK-ONSHOR-060,onshore_petchem,chemicals,expansion,HIGH,process_plant_generic,1163.0,KTA,United States,Texas-BTN (GOM),brownfield,onshore,2010,246.4,372.7,Class 5,IC4,complete,mock_generator,684,synthetic row
1004123,MOCK-ONSHOR-061,onshore_petchem,chemicals,grassroots,HIGH,polypropylene,759.0,KTA,Singapore,Singapore,greenfield,onshore,2021,2673.7,2921.6,Class 3,IC5,complete,mock_generator,2046,synthetic row
1004131,MOCK-ONSHOR-062,onshore_petchem,chemicals,expansion,MEDIUM,process_plant_generic,1694.0,KTA,United States,Texas-BTN (GOM),brownfield,onshore,2011,1027.4,1508.8,Class 4,IC5,complete,mock_generator,664,synthetic row
1004156,MOCK-ONSHOR-063,onshore_petchem,chemicals,expansion,LOW,process_plant_generic,1178.0,KTA,United States,Texas-BTN (GOM),brownfield,onshore,2023,971.5,1000.6,Class 4,IC5,complete,mock_generator,916,synthetic row
1004186,MOCK-ONSHOR-064,onshore_petchem,chemicals,grassroots,HIGH,polyethylene,851.0,KTA,Singapore,Singapore,greenfield,onshore,2012,468.7,668.3,Class 5,IC3,complete,mock_generator,703,synthetic row
1004209,MOCK-ONSHOR-065,onshore_petchem,chemicals,grassroots,HIGH,polypropylene,1302.0,KTA,Belgium,Belgium,greenfield,onshore,2011,1806.6,2653.1,Class 5,IC3,complete,mock_generator,1963,synthetic row
1004221,MOCK-ONSHOR-066,onshore_petchem,chemicals,grassroots,HIGH,process_plant_generic,1885.0,KTA,Canada,Alberta,greenfield,onshore,2022,874.3,927.5,Class 4,IC3,complete,mock_generator,815,synthetic row
1004235,MOCK-ONSHOR-067,onshore_petchem,chemicals,grassroots,HIGH,process_plant_generic,1223.0,KTA,United States,Texas-BTN (GOM),greenfield,onshore,2015,315.6,411.8,Class 4,IC4,complete,mock_generator,627,synthetic row
1004267,MOCK-ONSHOR-068,onshore_petchem,chemicals,expansion,HIGH,process_plant_generic,1755.0,KTA,China,Shanghai,brownfield,onshore,2018,1005.9,1201.1,Class 3,IC3,complete,mock_generator,905,synthetic row
1004286,MOCK-ONSHOR-069,onshore_petchem,chemicals,grassroots,HIGH,meg,881.0,KTA,China,Shanghai,greenfield,onshore,2014,2050.6,2755.9,Class 4,IC3,complete,mock_generator,1617,synthetic row
1004311,MOCK-ONSHOR-070,onshore_petchem,chemicals,expansion,MEDIUM,polyethylene,983.0,KTA,China,Shanghai,brownfield,onshore,2021,1263.6,1380.8,Class 5,IC3,complete,mock_generator,957,synthetic row
1004339,MOCK-ONSHOR-071,onshore_petchem,chemicals,grassroots,HIGH,ethylene_cracker,1096.0,KTA,Canada,Alberta,greenfield,onshore,2017,268.0,329.6,Class 5,IC4,complete,mock_generator,312,synthetic row
1004350,MOCK-ONSHOR-072,onshore_petchem,chemicals,grassroots,HIGH,polypropylene,959.0,KTA,Canada,Alberta,greenfield,onshore,2023,818.3,842.8,Class 3,IC3,complete,mock_generator,896,synthetic row
1004379,MOCK-ONSHOR-073,onshore_petchem,chemicals,grassroots,HIGH,process_plant_generic,1044.0,KTA,Saudi Arabia,Saudi Arabia,greenfield,onshore,2016,2381.4,3016.7,Class 5,IC3,complete,mock_generator,1699,synthetic row
1004411,MOCK-ONSHOR-074,onshore_petchem,chemicals,expansion,MEDIUM,meg,971.0,KTA,Belgium,Belgium,brownfield,onshore,2016,1436.3,1819.4,Class 5,IC4,complete,mock_generator,1184,synthetic row
1004423,MOCK-ONSHOR-075,onshore_petchem,chemicals,expansion,HIGH,polyethylene,1929.0,KTA,Singapore,Singapore,brownfield,onshore,2019,1188.1,1377.3,Class 4,IC5,complete,mock_generator,1195,synthetic row
1004438,MOCK-ONSHOR-076,onshore_petchem,chemicals,expansion,HIGH,meg,588.0,KTA,Saudi Arabia,Saudi Arabia,brownfield,onshore,2018,674.0,804.8,Class 4,IC3,complete,mock_generator,867,synthetic row
1004453,MOCK-ONSHOR-077,onshore_petchem,chemicals,expansion,LOW,polypropylene,691.0,KTA,Saudi Arabia,Saudi Arabia,brownfield,onshore,2017,1969.2,2421.9,Class 5,IC3,complete,mock_generator,1719,synthetic row
1004465,MOCK-ONSHOR-078,onshore_petchem,chemicals,grassroots,MEDIUM,meg,1789.0,KTA,China,Shanghai,greenfield,onshore,2020,853.0,960.1,Class 5,IC3,complete,mock_generator,533,synthetic row
1004495,MOCK-ONSHOR-079,onshore_petchem,chemicals,grassroots,HIGH,polyethylene,692.0,KTA,Singapore,Singapore,greenfield,onshore,2013,263.6,364.9,Class 5,IC4,complete,mock_generator,330,synthetic row
1004528,MOCK-ONSHOR-080,onshore_petchem,chemicals,grassroots,MEDIUM,meg,1608.0,KTA,Belgium,Belgium,greenfield,onshore,2018,711.5,849.6,Class 3,IC4,complete,mock_generator,1039,synthetic row
1004546,MOCK-OFFSHO-001,offshore_fpso,offshore,grassroots,HIGH,fpso,94.0,KBPD,Norway,Norway,greenfield,offshore,2013,2135.0,2955.3,Class 5,IC3,complete,mock_generator,178,synthetic row
1004582,MOCK-OFFSHO-002,offshore_fpso,offshore,grassroots,HIGH,fpso,85.0,KBPD,Norway,Norway,greenfield,offshore,2010,1678.4,2538.7,Class 5,IC4,complete,mock_generator,120,synthetic row
1004618,MOCK-OFFSHO-003,offshore_fpso,offshore,grassroots,MEDIUM,fpso,155.0,KBPD,Brazil,Brazil,greenfield,offshore,2018,6614.2,7897.7,Class 4,IC5,complete,mock_generator,326,synthetic row
1004637,MOCK-OFFSHO-004,offshore_fpso,offshore,grassroots,HIGH,fpso,210.0,KBPD,Angola,Angola,greenfield,offshore,2015,5833.4,7611.3,Class 5,IC3,complete,mock_generator,235,synthetic row
1004660,MOCK-OFFSHO-005,offshore_fpso,offshore,grassroots,MEDIUM,fpso,168.0,KBPD,Nigeria,Nigeria,greenfield,offshore,2020,2845.6,3202.7,Class 5,IC3,complete,mock_generator,200,synthetic row
1004688,MOCK-OFFSHO-006,offshore_fpso,offshore,grassroots,MEDIUM,platform,249.0,KBPD,Brazil,Brazil,greenfield,offshore,2019,5911.5,6853.0,Class 3,IC3,complete,mock_generator,154,synthetic row
1004693,MOCK-OFFSHO-007,offshore_fpso,offshore,grassroots,HIGH,fpso,238.0,KBPD,Nigeria,Nigeria,greenfield,offshore,2016,3564.7,4515.7,Class 4,IC3,complete,mock_generator,190,synthetic row
1004702,MOCK-OFFSHO-008,offshore_fpso,offshore,grassroots,MEDIUM,fpso,240.0,KBPD,Brazil,Brazil,greenfield,offshore,2020,1556.4,1751.7,Class 3,IC5,complete,mock_generator,92,synthetic row
1004729,MOCK-OFFSHO-009,offshore_fpso,offshore,grassroots,HIGH,platform,110.0,KBPD,Brazil,Brazil,greenfield,offshore,2022,6071.8,6441.6,Class 3,IC5,complete,mock_generator,265,synthetic row
1004768,MOCK-OFFSHO-010,offshore_fpso,offshore,grassroots,HIGH,fpso,243.0,KBPD,Norway,Norway,greenfield,offshore,2017,2076.3,2553.6,Class 5,IC4,complete,mock_generator,115,synthetic row
1004796,MOCK-OFFSHO-011,offshore_fpso,offshore,grassroots,HIGH,platform,132.0,KBPD,Brazil,Brazil,greenfield,offshore,2020,5340.0,6010.2,Class 5,IC3,complete,mock_generator,196,synthetic row
1004819,MOCK-OFFSHO-012,offshore_fpso,offshore,expansion,MEDIUM,fpso,100.0,KBPD,Angola,Angola,brownfield,offshore,2022,1597.0,1694.3,Class 5,IC3,complete,mock_generator,99,synthetic row
1004825,MOCK-OFFSHO-013,offshore_fpso,offshore,grassroots,HIGH,fpso,96.0,KBPD,Nigeria,Nigeria,greenfield,offshore,2012,2111.6,3010.6,Class 4,IC4,complete,mock_generator,132,synthetic row
1004854,MOCK-OFFSHO-014,offshore_fpso,offshore,grassroots,HIGH,fpso,247.0,KBPD,United States,Texas-BTN (GOM),greenfield,offshore,2012,3662.3,5221.6,Class 3,IC5,complete,mock_generator,166,synthetic row
1004857,MOCK-OFFSHO-015,offshore_fpso,offshore,grassroots,HIGH,fpso,79.0,KBPD,Brazil,Brazil,greenfield,offshore,2015,4470.9,5833.5,Class 3,IC3,complete,mock_generator,148,synthetic row
1004873,MOCK-OFFSHO-016,offshore_fpso,offshore,grassroots,HIGH,platform,232.0,KBPD,Nigeria,Nigeria,greenfield,offshore,2017,5095.5,6266.8,Class 4,IC3,complete,mock_generator,198,synthetic row
1004878,MOCK-OFFSHO-017,offshore_fpso,offshore,grassroots,MEDIUM,fpso,136.0,KBPD,Brazil,Brazil,greenfield,offshore,2023,7852.5,8088.1,Class 4,IC4,complete,mock_generator,205,synthetic row
1004888,MOCK-OFFSHO-018,offshore_fpso,offshore,grassroots,LOW,fpso,209.0,KBPD,Guyana,Guyana,greenfield,offshore,2012,3352.7,4780.1,Class 4,IC5,complete,mock_generator,132,synthetic row
1004898,MOCK-OFFSHO-019,offshore_fpso,offshore,grassroots,HIGH,fpso,225.0,KBPD,United States,Texas-BTN (GOM),greenfield,offshore,2017,1406.2,1729.4,Class 4,IC5,complete,mock_generator,110,synthetic row
1004922,MOCK-OFFSHO-020,offshore_fpso,offshore,grassroots,MEDIUM,fpso,198.0,KBPD,Guyana,Guyana,greenfield,offshore,2023,7781.2,8014.6,Class 3,IC4,complete,mock_generator,222,synthetic row
1004961,MOCK-OFFSHO-021,offshore_fpso,offshore,grassroots,HIGH,fpso,115.0,KBPD,Norway,Norway,greenfield,offshore,2015,4430.8,5781.2,Class 3,IC4,complete,mock_generator,170,synthetic row
1004988,MOCK-OFFSHO-022,offshore_fpso,offshore,grassroots,HIGH,platform,210.0,KBPD,Angola,Angola,greenfield,offshore,2023,3044.3,3135.6,Class 5,IC5,complete,mock_generator,134,synthetic row
1005000,MOCK-OFFSHO-023,offshore_fpso,offshore,grassroots,MEDIUM,platform,211.0,KBPD,Norway,Norway,greenfield,offshore,2016,1732.6,2194.8,Class 5,IC5,complete,mock_generator,135,synthetic row
1005007,MOCK-OFFSHO-024,offshore_fpso,offshore,grassroots,HIGH,platform,150.0,KBPD,United States,Texas-BTN (GOM),greenfield,offshore,2010,3154.6,4771.6,Class 4,IC4,complete,mock_generator,214,synthetic row
1005032,MOCK-OFFSHO-025,offshore_fpso,offshore,grassroots,MEDIUM,platform,133.0,KBPD,United States,Texas-BTN (GOM),greenfield,offshore,2018,5174.0,6178.0,Class 5,IC3,complete,mock_generator,193,synthetic row
1005042,MOCK-OFFSHO-026,offshore_fpso,offshore,grassroots,HIGH,platform,185.0,KBPD,Norway,Norway,greenfield,offshore,2023,4384.7,4516.2,Class 4,IC3,complete,mock_generator,172,synthetic row
1005078,MOCK-OFFSHO-027,offshore_fpso,offshore,grassroots,MEDIUM,fpso,70.0,KBPD,Norway,Norway,greenfield,offshore,2016,2944.5,3730.0,Class 5,IC3,complete,mock_generator,185,synthetic row
1005111,MOCK-OFFSHO-028,offshore_fpso,offshore,expansion,MEDIUM,fpso,202.0,KBPD,Nigeria,Nigeria,brownfield,offshore,2017,1407.1,1730.5,Class 3,IC5,complete,mock_generator,105,synthetic row
1005140,MOCK-OFFSHO-029,offshore_fpso,offshore,grassroots,HIGH,fpso,208.0,KBPD,United States,Texas-BTN (GOM),greenfield,offshore,2021,3630.5,3967.1,Class 4,IC3,complete,mock_generator,238,synthetic row
1005154,MOCK-OFFSHO-030,offshore_fpso,offshore,grassroots,HIGH,fpso,201.0,KBPD,United States,Texas-BTN (GOM),greenfield,offshore,2022,4477.0,4749.7,Class 3,IC4,complete,mock_generator,120,synthetic row
1005157,MOCK-OFFSHO-031,offshore_fpso,offshore,grassroots,HIGH,fpso,214.0,KBPD,Angola,Angola,greenfield,offshore,2010,4856.5,7345.9,Class 3,IC3,complete,mock_generator,279,synthetic row
1005168,MOCK-OFFSHO-032,offshore_fpso,offshore,expansion,HIGH,fpso,123.0,KBPD,United States,Texas-BTN (GOM),brownfield,offshore,2021,7127.0,7787.9,Class 3,IC3,complete,mock_generator,237,synthetic row
1005176,MOCK-OFFSHO-033,offshore_fpso,offshore,grassroots,MEDIUM,fpso,74.0,KBPD,Guyana,Guyana,greenfield,offshore,2010,5789.5,8757.2,Class 5,IC4,complete,mock_generator,192,synthetic row
1005180,MOCK-OFFSHO-034,offshore_fpso,offshore,grassroots,MEDIUM,fpso,181.0,KBPD,Norway,Norway,greenfield,offshore,2016,5740.3,7271.6,Class 4,IC4,complete,mock_generator,251,synthetic row
1005208,MOCK-OFFSHO-035,offshore_fpso,offshore,grassroots,HIGH,fpso,211.0,KBPD,Nigeria,Nigeria,greenfield,offshore,2020,1887.7,2124.6,Class 5,IC3,complete,mock_generator,166,synthetic row
1005240,MOCK-OFFSHO-036,offshore_fpso,offshore,grassroots,MEDIUM,fpso,223.0,KBPD,United States,Texas-BTN (GOM),greenfield,offshore,2022,4885.0,5182.5,Class 3,IC3,complete,mock_generator,220,synthetic row
1005270,MOCK-OFFSHO-037,offshore_fpso,offshore,grassroots,HIGH,fpso,116.0,KBPD,Brazil,Brazil,greenfield,offshore,2023,7404.8,7626.9,Class 4,IC4,complete,mock_generator,183,synthetic row
1005282,MOCK-OFFSHO-038,offshore_fpso,offshore,grassroots,HIGH,platform,86.0,KBPD,Angola,Angola,greenfield,offshore,2014,3461.7,4652.2,Class 4,IC5,complete,mock_generator,205,synthetic row
1005306,MOCK-OFFSHO-039,offshore_fpso,offshore,grassroots,HIGH,fpso,76.0,KBPD,Guyana,Guyana,greenfield,offshore,2023,3118.4,3212.0,Class 5,IC5,complete,mock_generator,155,synthetic row
1005337,MOCK-OFFSHO-040,offshore_fpso,offshore,grassroots,HIGH,fpso,204.0,KBPD,Brazil,Brazil,greenfield,offshore,2023,3949.2,4067.7,Class 3,IC4,complete,mock_generator,229,synthetic row
1005366,MOCK-OFFSHO-041,offshore_fpso,offshore,grassroots,HIGH,platform,174.0,KBPD,United States,Texas-BTN (GOM),greenfield,offshore,2023,3834.1,3949.1,Class 4,IC4,complete,mock_generator,193,synthetic row
1005393,MOCK-OFFSHO-042,offshore_fpso,offshore,expansion,HIGH,platform,149.0,KBPD,Nigeria,Nigeria,brownfield,offshore,2023,3608.3,3716.5,Class 4,IC3,complete,mock_generator,152,synthetic row
1005410,MOCK-OFFSHO-043,offshore_fpso,offshore,grassroots,MEDIUM,platform,142.0,KBPD,Brazil,Brazil,greenfield,offshore,2015,1215.8,1586.4,Class 5,IC3,complete,mock_generator,87,synthetic row
1005419,MOCK-OFFSHO-044,offshore_fpso,offshore,grassroots,HIGH,fpso,92.0,KBPD,Angola,Angola,greenfield,offshore,2015,6169.8,8050.2,Class 4,IC4,complete,mock_generator,226,synthetic row
1005432,MOCK-OFFSHO-045,offshore_fpso,offshore,grassroots,MEDIUM,fpso,232.0,KBPD,Nigeria,Nigeria,greenfield,offshore,2023,2291.7,2360.5,Class 4,IC5,complete,mock_generator,126,synthetic row
1005447,MOCK-PIPELI-001,pipeline_mainline,pipeline,grassroots,HIGH,pipeline,248.0,km,Australia,Perth,greenfield,onshore,2019,217.5,252.1,Class 5,IC5,complete,mock_generator,39,synthetic row
1005448,MOCK-PIPELI-002,pipeline_mainline,pipeline,expansion,HIGH,pipeline_gathering,778.0,km,Australia,Perth,brownfield,onshore,2015,601.3,784.6,Class 4,IC4,complete,mock_generator,25,synthetic row
1005475,MOCK-PIPELI-003,pipeline_mainline,pipeline,grassroots,LOW,pipeline_gathering,887.0,km,Australia,Perth,greenfield,onshore,2016,325.9,412.8,Class 4,IC5,complete,mock_generator,47,synthetic row
1005513,MOCK-PIPELI-004,pipeline_mainline,pipeline,grassroots,HIGH,pipeline,518.0,km,Canada,Alberta,greenfield,onshore,2012,409.4,583.7,Class 4,IC4,complete,mock_generator,53,synthetic row
1005540,MOCK-PIPELI-005,pipeline_mainline,pipeline,grassroots,MEDIUM,pipeline,141.0,km,Mexico,Mexico,greenfield,onshore,2016,229.2,290.4,Class 5,IC4,complete,mock_generator,43,synthetic row
1005543,MOCK-PIPELI-006,pipeline_mainline,pipeline,modification,HIGH,pipeline,48.0,km,United States,Texas-BTN (GOM),brownfield,onshore,2023,230.6,237.5,Class 3,IC4,complete,mock_generator,29,synthetic row
1005578,MOCK-PIPELI-007,pipeline_mainline,pipeline,grassroots,MEDIUM,pipeline,536.0,km,Canada,Alberta,greenfield,onshore,2021,109.3,119.4,Class 3,IC3,complete,mock_generator,17,synthetic row
1005599,MOCK-PIPELI-008,pipeline_mainline,pipeline,expansion,MEDIUM,pipeline_gathering,92.0,km,Mexico,Mexico,brownfield,onshore,2016,329.1,416.9,Class 3,IC3,complete,mock_generator,43,synthetic row
1005621,MOCK-PIPELI-009,pipeline_mainline,pipeline,replacement,HIGH,pipeline,161.0,km,United States,Texas-BTN (GOM),brownfield,onshore,2022,220.6,234.0,Class 3,IC5,complete,mock_generator,37,synthetic row
1005629,MOCK-PIPELI-010,pipeline_mainline,pipeline,replacement,HIGH,pipeline,291.0,km,Mexico,Mexico,brownfield,onshore,2022,184.5,195.7,Class 5,IC3,complete,mock_generator,10,synthetic row
1005658,MOCK-PIPELI-011,pipeline_mainline,pipeline,grassroots,HIGH,pipeline,46.0,km,United States,Texas-BTN (GOM),greenfield,onshore,2014,737.2,990.8,Class 3,IC4,complete,mock_generator,69,synthetic row
1005683,MOCK-PIPELI-012,pipeline_mainline,pipeline,modification,HIGH,pipeline,119.0,km,Australia,Perth,brownfield,onshore,2022,372.1,394.8,Class 5,IC3,complete,mock_generator,43,synthetic row
1005690,MOCK-PIPELI-013,pipeline_mainline,pipeline,grassroots,MEDIUM,pipeline,390.0,km,United States,Texas-BTN (GOM),greenfield,onshore,2011,295.1,433.4,Class 4,IC5,complete,mock_generator,32,synthetic row
1005708,MOCK-PIPELI-014,pipeline_mainline,pipeline,replacement,HIGH,pipeline_gathering,835.0,km,United States,Texas-BTN (GOM),brownfield,onshore,2017,34.3,42.2,Class 5,IC5,complete,mock_generator,13,synthetic row
1005736,MOCK-PIPELI-015,pipeline_mainline,pipeline,replacement,MEDIUM,pipeline,509.0,km,Australia,Perth,brownfield,onshore,2021,832.7,909.9,Class 3,IC4,complete,mock_generator,49,synthetic row
1005773,MOCK-PIPELI-016,pipeline_mainline,pipeline,expansion,HIGH,pipeline_gathering,164.0,km,Mexico,Mexico,brownfield,onshore,2019,545.0,631.8,Class 5,IC5,complete,mock_generator,51,synthetic row
1005781,MOCK-PIPELI-017,pipeline_mainline,pipeline,expansion,MEDIUM,pipeline_gathering,302.0,km,Australia,Perth,brownfield,onshore,2022,487.6,517.3,Class 3,IC4,complete,mock_generator,38,synthetic row
1005819,MOCK-PIPELI-018,pipeline_mainline,pipeline,grassroots,HIGH,pipeline_gathering,850.0,km,United States,Texas-BTN (GOM),greenfield,onshore,2017,362.8,446.2,Class 5,IC5,complete,mock_generator,35,synthetic row
1005845,MOCK-PIPELI-019,pipeline_mainline,pipeline,modification,HIGH,pipeline_gathering,568.0,km,Canada,Alberta,brownfield,onshore,2016,68.5,86.8,Class 3,IC5,complete,mock_generator,14,synthetic row
1005871,MOCK-PIPELI-020,pipeline_mainline,pipeline,grassroots,HIGH,pipeline,617.0,km,Australia,Perth,greenfield,onshore,2022,125.4,133.0,Class 4,IC4,complete,mock_generator,25,synthetic row
1005901,MOCK-PIPELI-021,pipeline_mainline,pipeline,grassroots,MEDIUM,pipeline,766.0,km,Australia,Perth,greenfield,onshore,2020,261.7,294.5,Class 3,IC4,complete,mock_generator,21,synthetic row
1005933,MOCK-PIPELI-022,pipeline_mainline,pipeline,modification,HIGH,pipeline,800.0,km,Australia,Perth,brownfield,onshore,2019,49.9,57.8,Class 3,IC3,complete,mock_generator,6,synthetic row
1005941,MOCK-PIPELI-023,pipeline_mainline,pipeline,grassroots,HIGH,pipeline,152.0,km,Mexico,Mexico,greenfield,onshore,2012,176.7,251.9,Class 4,IC4,complete,mock_generator,41,synthetic row
1005952,MOCK-PIPELI-024,pipeline_mainline,pipeline,grassroots,HIGH,pipeline,355.0,km,Canada,Alberta,greenfield,onshore,2014,539.2,724.7,Class 4,IC3,complete,mock_generator,80,synthetic row
1005970,MOCK-PIPELI-025,pipeline_mainline,pipeline,expansion,HIGH,pipeline,735.0,km,United States,Texas-BTN (GOM),brownfield,onshore,2010,235.5,356.2,Class 3,IC4,complete,mock_generator,42,synthetic row
1005976,MOCK-PIPELI-026,pipeline_mainline,pipeline,expansion,MEDIUM,pipeline,397.0,km,United States,Texas-BTN (GOM),brownfield,onshore,2020,270.0,303.9,Class 5,IC5,complete,mock_generator,18,synthetic row
1005989,MOCK-PIPELI-027,pipeline_mainline,pipeline,modification,HIGH,pipeline_gathering,278.0,km,United States,Texas-BTN (GOM),brownfield,onshore,2020,415.0,467.1,Class 3,IC5,complete,mock_generator,55,synthetic row
1006028,MOCK-PIPELI-028,pipeline_mainline,pipeline,grassroots,HIGH,pipeline,506.0,km,Australia,Perth,greenfield,onshore,2017,341.3,419.7,Class 3,IC5,complete,mock_generator,24,synthetic row
1006036,MOCK-PIPELI-029,pipeline_mainline,pipeline,expansion,LOW,pipeline,312.0,km,United States,Texas-BTN (GOM),brownfield,onshore,2010,1000.0,1512.6,Class 3,IC4,complete,mock_generator,77,synthetic row
1006037,MOCK-PIPELI-030,pipeline_mainline,pipeline,grassroots,HIGH,pipeline,261.0,km,United States,Texas-BTN (GOM),greenfield,onshore,2021,1927.8,2106.6,Class 4,IC4,complete,mock_generator,77,synthetic row
1006038,MOCK-PIPELI-031,pipeline_mainline,pipeline,expansion,MEDIUM,pipeline,255.0,km,Australia,Perth,brownfield,onshore,2022,2157.3,2288.7,Class 3,IC4,complete,mock_generator,121,synthetic row
1006044,MOCK-PIPELI-032,pipeline_mainline,pipeline,modification,HIGH,pipeline_gathering,492.0,km,Canada,Alberta,brownfield,onshore,2022,131.9,139.9,Class 5,IC3,complete,mock_generator,32,synthetic row
1006052,MOCK-PIPELI-033,pipeline_mainline,pipeline,grassroots,HIGH,pipeline,622.0,km,United States,Texas-BTN (GOM),greenfield,onshore,2016,150.5,190.7,Class 4,IC3,complete,mock_generator,16,synthetic row
1006072,MOCK-PIPELI-034,pipeline_mainline,pipeline,grassroots,MEDIUM,pipeline,436.0,km,Canada,Alberta,greenfield,onshore,2019,869.5,1008.0,Class 3,IC4,complete,mock_generator,74,synthetic row
1006083,MOCK-PIPELI-035,pipeline_mainline,pipeline,replacement,HIGH,pipeline,64.0,km,United States,Texas-BTN (GOM),brownfield,onshore,2017,97.7,120.1,Class 5,IC3,complete,mock_generator,20,synthetic row
1006110,MOCK-PIPELI-036,pipeline_mainline,pipeline,grassroots,MEDIUM,pipeline,845.0,km,Mexico,Mexico,greenfield,onshore,2013,973.9,1348.1,Class 4,IC5,complete,mock_generator,53,synthetic row
1006137,MOCK-PIPELI-037,pipeline_mainline,pipeline,grassroots,HIGH,pipeline,482.0,km,Australia,Perth,greenfield,onshore,2021,154.7,169.0,Class 4,IC4,complete,mock_generator,18,synthetic row
1006151,MOCK-PIPELI-038,pipeline_mainline,pipeline,replacement,HIGH,pipeline,64.0,km,United States,Texas-BTN (GOM),brownfield,onshore,2023,90.7,93.4,Class 4,IC3,complete,mock_generator,21,synthetic row
1006184,MOCK-PIPELI-039,pipeline_mainline,pipeline,grassroots,HIGH,pipeline,359.0,km,United States,Texas-BTN (GOM),greenfield,onshore,2015,142.8,186.3,Class 4,IC3,complete,mock_generator,24,synthetic row
1006197,MOCK-PIPELI-040,pipeline_mainline,pipeline,grassroots,LOW,pipeline_gathering,688.0,km,United States,Texas-BTN (GOM),greenfield,onshore,2018,160.6,191.8,Class 3,IC4,complete,mock_generator,22,synthetic row
1006229,MOCK-PIPELI-041,pipeline_mainline,pipeline,grassroots,MEDIUM,pipeline_gathering,695.0,km,Mexico,Mexico,greenfield,onshore,2020,1076.8,1212.0,Class 3,IC4,complete,mock_generator,92,synthetic row
1006234,MOCK-PIPELI-042,pipeline_mainline,pipeline,modification,LOW,pipeline,838.0,km,Australia,Perth,brownfield,onshore,2016,84.9,107.6,Class 4,IC5,complete,mock_generator,15,synthetic row
1006236,MOCK-PIPELI-043,pipeline_mainline,pipeline,modification,HIGH,pipeline_gathering,700.0,km,United States,Texas-BTN (GOM),brownfield,onshore,2020,39.4,44.4,Class 4,IC5,complete,mock_generator,15,synthetic row
1006250,MOCK-PIPELI-044,pipeline_mainline,pipeline,grassroots,HIGH,pipeline,67.0,km,United States,Texas-BTN (GOM),greenfield,onshore,2019,327.9,380.1,Class 5,IC4,complete,mock_generator,37,synthetic row
1006284,MOCK-PIPELI-045,pipeline_mainline,pipeline,modification,HIGH,pipeline,808.0,km,Canada,Alberta,brownfield,onshore,2022,89.7,95.2,Class 5,IC4,complete,mock_generator,14,synthetic row
1006287,MOCK-PIPELI-046,pipeline_mainline,pipeline,grassroots,HIGH,pipeline,162.0,km,Canada,Alberta,greenfield,onshore,2020,449.1,505.5,Class 4,IC4,complete,mock_generator,37,synthetic row
1006306,MOCK-PIPELI-047,pipeline_mainline,pipeline,grassroots,MEDIUM,pipeline_gathering,713.0,km,Australia,Perth,greenfield,onshore,2016,1798.8,2278.7,Class 3,IC3,complete,mock_generator,125,synthetic row
1006343,MOCK-PIPELI-048,pipeline_mainline,pipeline,grassroots,LOW,pipeline,538.0,km,Mexico,Mexico,greenfield,onshore,2014,1040.2,1398.0,Class 5,IC3,complete,mock_generator,64,synthetic row
1006357,MOCK-PIPELI-049,pipeline_mainline,pipeline,modification,HIGH,pipeline_gathering,550.0,km,Mexico,Mexico,brownfield,onshore,2012,33.7,48.1,Class 4,IC4,complete,mock_generator,11,synthetic row
1006369,MOCK-PIPELI-050,pipeline_mainline,pipeline,modification,HIGH,pipeline_gathering,845.0,km,Canada,Alberta,brownfield,onshore,2013,42.2,58.4,Class 3,IC3,complete,mock_generator,13,synthetic row
1006374,MOCK-ONSHOR-001,onshore_unconventional,upstream_unconventional,expansion,LOW,central_delivery_point,96.0,MMSCFD,United States,Texas-BTN (GOM),brownfield,onshore,2019,64.8,75.1,Class 5,IC4,complete,mock_generator,101,synthetic row
1006387,MOCK-ONSHOR-002,onshore_unconventional,upstream_unconventional,expansion,LOW,central_delivery_point,72.0,MMSCFD,Canada,Alberta,brownfield,onshore,2022,297.4,315.5,Class 4,IC5,complete,mock_generator,295,synthetic row
1006401,MOCK-ONSHOR-003,onshore_unconventional,upstream_unconventional,expansion,MEDIUM,cold_separation_train,190.0,MMSCFD,United States,Texas-BTN (GOM),brownfield,onshore,2014,57.5,77.3,Class 5,IC3,complete,mock_generator,45,synthetic row
1006420,MOCK-ONSHOR-004,onshore_unconventional,upstream_unconventional,grassroots,HIGH,train_cryogenic,275.0,MMSCFD,Canada,Alberta,greenfield,onshore,2011,15.3,22.4,Class 4,IC3,complete,mock_generator,86,synthetic row
1006452,MOCK-ONSHOR-005,onshore_unconventional,upstream_unconventional,expansion,HIGH,cold_separation_train,89.0,MMSCFD,Canada,Alberta,brownfield,onshore,2021,251.6,274.9,Class 5,IC4,complete,mock_generator,243,synthetic row
1006471,MOCK-ONSHOR-006,onshore_unconventional,upstream_unconventional,grassroots,HIGH,train_cryogenic,132.0,MMSCFD,United States,Texas-BTN (GOM),greenfield,onshore,2019,51.9,60.2,Class 5,IC3,complete,mock_generator,115,synthetic row
1006483,MOCK-ONSHOR-007,onshore_unconventional,upstream_unconventional,expansion,HIGH,pipeline,232.0,MMSCFD,United States,Texas-BTN (GOM),brownfield,onshore,2023,54.5,56.1,Class 3,IC4,complete,mock_generator,99,synthetic row
1006494,MOCK-ONSHOR-008,onshore_unconventional,upstream_unconventional,expansion,HIGH,central_delivery_point,326.0,MMSCFD,Canada,Alberta,brownfield,onshore,2014,226.1,303.9,Class 5,IC5,complete,mock_generator,245,synthetic row
1006516,MOCK-ONSHOR-009,onshore_unconventional,upstream_unconventional,expansion,MEDIUM,central_delivery_point,242.0,MMSCFD,Canada,Alberta,brownfield,onshore,2010,17.4,26.3,Class 3,IC4,complete,mock_generator,69,synthetic row
1006520,MOCK-ONSHOR-010,onshore_unconventional,upstream_unconventional,modification,MEDIUM,pipeline,260.0,MMSCFD,Canada,Alberta,brownfield,onshore,2016,41.2,52.2,Class 4,IC5,complete,mock_generator,107,synthetic row
1006522,MOCK-ONSHOR-011,onshore_unconventional,upstream_unconventional,expansion,HIGH,cryo_gas_processing,350.0,MMSCFD,United States,Texas-BTN (GOM),brownfield,onshore,2020,33.9,38.1,Class 3,IC3,complete,mock_generator,94,synthetic row
1006557,MOCK-ONSHOR-012,onshore_unconventional,upstream_unconventional,expansion,MEDIUM,pad_facility,74.0,MMSCFD,United States,Texas-BTN (GOM),brownfield,onshore,2016,29.1,36.8,Class 3,IC3,complete,mock_generator,80,synthetic row
1006568,MOCK-ONSHOR-013,onshore_unconventional,upstream_unconventional,modification,HIGH,cold_separation_train,260.0,MMSCFD,United States,Texas-BTN (GOM),brownfield,onshore,2013,47.8,66.2,Class 5,IC3,complete,mock_generator,109,synthetic row
1006571,MOCK-ONSHOR-014,onshore_unconventional,upstream_unconventional,grassroots,MEDIUM,pad_facility,303.0,MMSCFD,Canada,Alberta,greenfield,onshore,2023,19.6,20.2,Class 3,IC4,complete,mock_generator,86,synthetic row
1006581,MOCK-ONSHOR-015,onshore_unconventional,upstream_unconventional,expansion,HIGH,train_cryogenic,228.0,MMSCFD,United States,Texas-BTN (GOM),brownfield,onshore,2017,42.8,52.7,Class 4,IC5,complete,mock_generator,119,synthetic row
1006606,MOCK-ONSHOR-016,onshore_unconventional,upstream_unconventional,grassroots,HIGH,train_cryogenic,105.0,MMSCFD,Canada,Alberta,greenfield,onshore,2020,56.1,63.1,Class 3,IC3,complete,mock_generator,138,synthetic row
1006610,MOCK-ONSHOR-017,onshore_unconventional,upstream_unconventional,expansion,HIGH,central_delivery_point,52.0,MMSCFD,Canada,Alberta,brownfield,onshore,2023,303.5,312.6,Class 5,IC3,complete,mock_generator,344,synthetic row
1006622,MOCK-ONSHOR-018,onshore_unconventional,upstream_unconventional,modification,HIGH,cryo_gas_processing,111.0,MMSCFD,United States,Texas-BTN (GOM),brownfield,onshore,2011,10.1,14.8,Class 5,IC4,complete,mock_generator,47,synthetic row
1006629,MOCK-ONSHOR-019,onshore_unconventional,upstream_unconventional,modification,MEDIUM,pipeline,194.0,MMSCFD,United States,Texas-BTN (GOM),brownfield,onshore,2011,8.2,12.0,Class 5,IC4,complete,mock_generator,46,synthetic row
1006651,MOCK-ONSHOR-020,onshore_unconventional,upstream_unconventional,grassroots,HIGH,pipeline,65.0,MMSCFD,United States,Texas-BTN (GOM),greenfield,onshore,2017,27.0,33.2,Class 3,IC5,complete,mock_generator,63,synthetic row
1006652,MOCK-ONSHOR-021,onshore_unconventional,upstream_unconventional,modification,HIGH,central_delivery_point,72.0,MMSCFD,United States,Texas-BTN (GOM),brownfield,onshore,2014,72.1,96.9,Class 4,IC5,complete,mock_generator,98,synthetic row
1006681,MOCK-ONSHOR-022,onshore_unconventional,upstream_unconventional,expansion,HIGH,train_cryogenic,326.0,MMSCFD,United States,Texas-BTN (GOM),brownfield,onshore,2022,67.4,71.5,Class 5,IC5,complete,mock_generator,120,synthetic row
1006697,MOCK-ONSHOR-023,onshore_unconventional,upstream_unconventional,modification,HIGH,pad_facility,212.0,MMSCFD,United States,Texas-BTN (GOM),brownfield,onshore,2011,6.3,9.3,Class 5,IC5,complete,mock_generator,50,synthetic row
1006727,MOCK-ONSHOR-024,onshore_unconventional,upstream_unconventional,expansion,HIGH,train_cryogenic,228.0,MMSCFD,United States,Texas-BTN (GOM),brownfield,onshore,2013,43.2,59.8,Class 5,IC3,complete,mock_generator,108,synthetic row
1006757,MOCK-ONSHOR-025,onshore_unconventional,upstream_unconventional,expansion,HIGH,cryo_gas_processing,354.0,MMSCFD,United States,Texas-BTN (GOM),brownfield,onshore,2012,22.0,31.3,Class 4,IC5,complete,mock_generator,98,synthetic row
1006795,MOCK-ONSHOR-026,onshore_unconventional,upstream_unconventional,grassroots,MEDIUM,central_delivery_point,43.0,MMSCFD,Canada,Alberta,greenfield,onshore,2011,21.3,31.3,Class 3,IC5,complete,mock_generator,78,synthetic row
1006806,MOCK-ONSHOR-027,onshore_unconventional,upstream_unconventional,expansion,HIGH,pipeline,253.0,MMSCFD,United States,Texas-BTN (GOM),brownfield,onshore,2014,18.4,24.7,Class 4,IC3,complete,mock_generator,95,synthetic row
1006818,MOCK-ONSHOR-028,onshore_unconventional,upstream_unconventional,modification,HIGH,central_delivery_point,108.0,MMSCFD,United States,Texas-BTN (GOM),brownfield,onshore,2017,14.0,17.2,Class 4,IC4,complete,mock_generator,59,synthetic row
1006827,MOCK-ONSHOR-029,onshore_unconventional,upstream_unconventional,expansion,HIGH,cold_separation_train,330.0,MMSCFD,Canada,Alberta,brownfield,onshore,2012,202.4,288.6,Class 5,IC3,complete,mock_generator,279,synthetic row
1006862,MOCK-ONSHOR-030,onshore_unconventional,upstream_unconventional,modification,HIGH,train_cryogenic,391.0,MMSCFD,United States,Texas-BTN (GOM),brownfield,onshore,2016,48.3,61.2,Class 5,IC4,complete,mock_generator,76,synthetic row
1006876,MOCK-GAS_PR-001,gas_processing,gas_processing,grassroots,HIGH,compressor_station,174.0,MMSCFD,United States,Texas-BTN (GOM),greenfield,onshore,2021,393.2,429.7,Class 3,IC3,complete,mock_generator,220,synthetic row
1006906,MOCK-GAS_PR-002,gas_processing,gas_processing,grassroots,HIGH,gas_plant_cryo,898.0,MMSCFD,Canada,Alberta,greenfield,onshore,2011,819.3,1203.2,Class 5,IC4,complete,mock_generator,525,synthetic row
1006917,MOCK-GAS_PR-003,gas_processing,gas_processing,expansion,HIGH,ccs,745.0,MMSCFD,Canada,Alberta,brownfield,onshore,2016,574.5,727.8,Class 3,IC5,complete,mock_generator,379,synthetic row
1006920,MOCK-GAS_PR-004,gas_processing,gas_processing,expansion,HIGH,compressor_station,932.0,MMSCFD,Australia,Perth,brownfield,onshore,2015,256.4,334.6,Class 3,IC3,complete,mock_generator,243,synthetic row
1006947,MOCK-GAS_PR-005,gas_processing,gas_processing,grassroots,HIGH,ccs,154.0,MMSCFD,Australia,Perth,greenfield,onshore,2016,383.0,485.2,Class 5,IC4,complete,mock_generator,305,synthetic row
1006961,MOCK-GAS_PR-006,gas_processing,gas_processing,expansion,HIGH,ngl_fractionation,969.0,MMSCFD,Canada,Alberta,brownfield,onshore,2021,538.7,588.6,Class 3,IC4,complete,mock_generator,361,synthetic row
1006992,MOCK-GAS_PR-007,gas_processing,gas_processing,grassroots,HIGH,ngl_fractionation,1060.0,MMSCFD,United States,Texas-BTN (GOM),greenfield,onshore,2017,349.1,429.4,Class 4,IC4,complete,mock_generator,291,synthetic row
1007000,MOCK-GAS_PR-008,gas_processing,gas_processing,expansion,HIGH,ngl_fractionation,753.0,MMSCFD,Qatar,Qatar,brownfield,onshore,2023,955.2,983.9,Class 5,IC4,complete,mock_generator,409,synthetic row
1007033,MOCK-GAS_PR-009,gas_processing,gas_processing,expansion,HIGH,gas_plant_cryo,505.0,MMSCFD,Kazakhstan,Kazakhstan,brownfield,onshore,2014,312.8,420.4,Class 4,IC3,complete,mock_generator,288,synthetic row
1007040,MOCK-GAS_PR-010,gas_processing,gas_processing,modification,HIGH,gas_plant_cryo,358.0,MMSCFD,Qatar,Qatar,brownfield,onshore,2023,156.1,160.8,Class 3,IC5,complete,mock_generator,122,synthetic row
1007074,MOCK-GAS_PR-011,gas_processing,gas_processing,expansion,LOW,ngl_fractionation,222.0,MMSCFD,Qatar,Qatar,brownfield,onshore,2022,866.2,918.9,Class 3,IC4,complete,mock_generator,474,synthetic row
1007082,MOCK-GAS_PR-012,gas_processing,gas_processing,modification,HIGH,ngl_fractionation,674.0,MMSCFD,United States,Texas-BTN (GOM),brownfield,onshore,2023,444.2,457.5,Class 5,IC5,complete,mock_generator,216,synthetic row
1007109,MOCK-GAS_PR-013,gas_processing,gas_processing,grassroots,HIGH,compressor_station,1146.0,MMSCFD,Australia,Perth,greenfield,onshore,2016,521.1,660.1,Class 5,IC3,complete,mock_generator,327,synthetic row
1007133,MOCK-GAS_PR-014,gas_processing,gas_processing,modification,HIGH,ccs,807.0,MMSCFD,Kazakhstan,Kazakhstan,brownfield,onshore,2022,163.4,173.3,Class 5,IC3,complete,mock_generator,199,synthetic row
1007143,MOCK-GAS_PR-015,gas_processing,gas_processing,grassroots,HIGH,gas_plant_cryo,260.0,MMSCFD,United States,Texas-BTN (GOM),greenfield,onshore,2010,667.2,1009.2,Class 5,IC3,complete,mock_generator,387,synthetic row
1007157,MOCK-GAS_PR-016,gas_processing,gas_processing,grassroots,HIGH,compressor_station,789.0,MMSCFD,United States,Texas-BTN (GOM),greenfield,onshore,2014,205.7,276.5,Class 5,IC5,complete,mock_generator,162,synthetic row
1007159,MOCK-GAS_PR-017,gas_processing,gas_processing,expansion,HIGH,ngl_fractionation,782.0,MMSCFD,Kazakhstan,Kazakhstan,brownfield,onshore,2018,479.2,572.2,Class 4,IC3,complete,mock_generator,395,synthetic row
1007161,MOCK-GAS_PR-018,gas_processing,gas_processing,grassroots,HIGH,gas_plant_cryo,515.0,MMSCFD,Kazakhstan,Kazakhstan,greenfield,onshore,2014,644.8,866.5,Class 3,IC4,complete,mock_generator,458,synthetic row
1007162,MOCK-GAS_PR-019,gas_processing,gas_processing,grassroots,LOW,ccs,680.0,MMSCFD,Australia,Perth,greenfield,onshore,2022,188.0,199.4,Class 4,IC3,complete,mock_generator,161,synthetic row
1007187,MOCK-GAS_PR-020,gas_processing,gas_processing,grassroots,LOW,ngl_fractionation,649.0,MMSCFD,Qatar,Qatar,greenfield,onshore,2011,305.5,448.7,Class 3,IC3,complete,mock_generator,274,synthetic row
1007209,MOCK-GAS_PR-021,gas_processing,gas_processing,grassroots,HIGH,gas_plant_cryo,610.0,MMSCFD,Canada,Alberta,greenfield,onshore,2022,194.6,206.5,Class 4,IC5,complete,mock_generator,168,synthetic row
1007214,MOCK-GAS_PR-022,gas_processing,gas_processing,grassroots,HIGH,gas_plant_cryo,536.0,MMSCFD,Canada,Alberta,greenfield,onshore,2016,418.9,530.6,Class 4,IC4,complete,mock_generator,373,synthetic row
1007218,MOCK-GAS_PR-023,gas_processing,gas_processing,grassroots,HIGH,compressor_station,926.0,MMSCFD,Kazakhstan,Kazakhstan,greenfield,onshore,2016,368.5,466.8,Class 3,IC4,complete,mock_generator,148,synthetic row
1007229,MOCK-GAS_PR-024,gas_processing,gas_processing,modification,MEDIUM,gas_plant_cryo,1119.0,MMSCFD,Canada,Alberta,brownfield,onshore,2015,42.8,55.8,Class 4,IC3,complete,mock_generator,156,synthetic row
1007258,MOCK-GAS_PR-025,gas_processing,gas_processing,grassroots,HIGH,gas_plant_cryo,468.0,MMSCFD,United States,Texas-BTN (GOM),greenfield,onshore,2012,240.0,342.2,Class 3,IC4,complete,mock_generator,267,synthetic row
1007292,MOCK-GAS_PR-026,gas_processing,gas_processing,modification,LOW,ccs,237.0,MMSCFD,Canada,Alberta,brownfield,onshore,2021,221.1,241.6,Class 4,IC3,complete,mock_generator,226,synthetic row
1007307,MOCK-GAS_PR-027,gas_processing,gas_processing,modification,HIGH,ngl_fractionation,552.0,MMSCFD,Australia,Perth,brownfield,onshore,2021,503.9,550.6,Class 5,IC5,complete,mock_generator,260,synthetic row
1007327,MOCK-GAS_PR-028,gas_processing,gas_processing,grassroots,HIGH,ngl_fractionation,356.0,MMSCFD,United States,Texas-BTN (GOM),greenfield,onshore,2021,499.5,545.8,Class 3,IC5,complete,mock_generator,368,synthetic row
1007363,MOCK-GAS_PR-029,gas_processing,gas_processing,grassroots,HIGH,ccs,398.0,MMSCFD,Kazakhstan,Kazakhstan,greenfield,onshore,2011,576.2,846.2,Class 4,IC5,complete,mock_generator,286,synthetic row
1007385,MOCK-GAS_PR-030,gas_processing,gas_processing,modification,LOW,gas_plant_cryo,1156.0,MMSCFD,Kazakhstan,Kazakhstan,brownfield,onshore,2014,334.7,449.8,Class 5,IC4,complete,mock_generator,245,synthetic row
1007391,MOCK-GAS_PR-031,gas_processing,gas_processing,grassroots,HIGH,gas_plant_cryo,417.0,MMSCFD,Australia,Perth,greenfield,onshore,2019,222.3,257.7,Class 4,IC4,complete,mock_generator,282,synthetic row
1007424,MOCK-GAS_PR-032,gas_processing,gas_processing,expansion,HIGH,ccs,571.0,MMSCFD,Kazakhstan,Kazakhstan,brownfield,onshore,2013,304.8,421.9,Class 3,IC5,complete,mock_generator,221,synthetic row
1007439,MOCK-GAS_PR-033,gas_processing,gas_processing,expansion,HIGH,compressor_station,732.0,MMSCFD,United States,Texas-BTN (GOM),brownfield,onshore,2014,607.6,816.5,Class 5,IC5,complete,mock_generator,361,synthetic row
1007453,MOCK-GAS_PR-034,gas_processing,gas_processing,expansion,HIGH,compressor_station,1031.0,MMSCFD,Canada,Alberta,brownfield,onshore,2010,414.7,627.3,Class 3,IC5,complete,mock_generator,398,synthetic row
1007469,MOCK-GAS_PR-035,gas_processing,gas_processing,grassroots,HIGH,ngl_fractionation,534.0,MMSCFD,Canada,Alberta,greenfield,onshore,2015,992.7,1295.2,Class 5,IC3,complete,mock_generator,410,synthetic row
1007482,MOCK-GAS_PR-036,gas_processing,gas_processing,grassroots,MEDIUM,ccs,371.0,MMSCFD,Kazakhstan,Kazakhstan,greenfield,onshore,2012,208.4,297.1,Class 4,IC5,complete,mock_generator,133,synthetic row
1007506,MOCK-GAS_PR-037,gas_processing,gas_processing,grassroots,HIGH,ccs,776.0,MMSCFD,United States,Texas-BTN (GOM),greenfield,onshore,2017,295.7,363.7,Class 4,IC4,complete,mock_generator,248,synthetic row
1007519,MOCK-GAS_PR-038,gas_processing,gas_processing,grassroots,HIGH,ngl_fractionation,1000.0,MMSCFD,Australia,Perth,greenfield,onshore,2019,318.0,368.6,Class 4,IC5,complete,mock_generator,275,synthetic row
1007542,MOCK-GAS_PR-039,gas_processing,gas_processing,grassroots,HIGH,ngl_fractionation,414.0,MMSCFD,Kazakhstan,Kazakhstan,greenfield,onshore,2020,444.5,500.3,Class 5,IC5,complete,mock_generator,299,synthetic row
1007549,MOCK-GAS_PR-040,gas_processing,gas_processing,grassroots,LOW,compressor_station,519.0,MMSCFD,Qatar,Qatar,greenfield,onshore,2010,909.2,1375.2,Class 4,IC5,complete,mock_generator,395,synthetic row
1007556,MOCK-LNG_ON-001,lng_onshore,lng,expansion,HIGH,lng_terminal,7.1,MTPA,Australia,Perth,brownfield,onshore,2023,3257.5,3355.2,Class 5,IC4,complete,mock_generator,515,synthetic row
1007557,MOCK-LNG_ON-002,lng_onshore,lng,expansion,HIGH,lng_terminal,8.1,MTPA,Papua New Guinea,Papua New Guinea,brownfield,onshore,2017,9501.4,11685.5,Class 4,IC3,complete,mock_generator,1544,synthetic row
1007579,MOCK-LNG_ON-003,lng_onshore,lng,expansion,MEDIUM,lng_train,5.2,MTPA,Qatar,Qatar,brownfield,onshore,2021,4563.4,4986.6,Class 5,IC3,complete,mock_generator,858,synthetic row
1007592,MOCK-LNG_ON-004,lng_onshore,lng,expansion,MEDIUM,lng_terminal,9.2,MTPA,Mozambique,Mozambique,brownfield,onshore,2017,2629.4,3233.8,Class 3,IC4,complete,mock_generator,883,synthetic row
1007619,MOCK-LNG_ON-005,lng_onshore,lng,grassroots,HIGH,lng_train,12.2,MTPA,Mozambique,Mozambique,greenfield,onshore,2014,9210.4,12378.0,Class 4,IC5,complete,mock_generator,1823,synthetic row
1007655,MOCK-LNG_ON-006,lng_onshore,lng,grassroots,HIGH,lng_train,6.3,MTPA,Australia,Perth,greenfield,onshore,2017,7147.8,8790.9,Class 5,IC3,complete,mock_generator,1732,synthetic row
1007658,MOCK-LNG_ON-007,lng_onshore,lng,expansion,HIGH,lng_terminal,3.2,MTPA,Mozambique,Mozambique,brownfield,onshore,2014,6789.9,9125.1,Class 3,IC5,complete,mock_generator,1698,synthetic row
1007692,MOCK-LNG_ON-008,lng_onshore,lng,expansion,HIGH,lng_train,4.4,MTPA,Papua New Guinea,Papua New Guinea,brownfield,onshore,2020,4108.4,4624.0,Class 5,IC3,complete,mock_generator,1010,synthetic row
1007694,MOCK-LNG_ON-009,lng_onshore,lng,expansion,MEDIUM,lng_terminal,13.5,MTPA,Qatar,Qatar,brownfield,onshore,2015,2812.5,3669.7,Class 4,IC5,complete,mock_generator,796,synthetic row
1007715,MOCK-LNG_ON-010,lng_onshore,lng,grassroots,HIGH,lng_train,13.9,MTPA,Qatar,Qatar,greenfield,onshore,2018,8814.7,10525.2,Class 3,IC3,complete,mock_generator,936,synthetic row
1007739,MOCK-LNG_ON-011,lng_onshore,lng,grassroots,HIGH,lng_terminal,12.9,MTPA,United States,Texas-BTN (GOM),greenfield,onshore,2021,10040.7,10971.7,Class 3,IC5,complete,mock_generator,1796,synthetic row
1007748,MOCK-LNG_ON-012,lng_onshore,lng,grassroots,HIGH,lng_terminal,6.6,MTPA,United States,Texas-BTN (GOM),greenfield,onshore,2019,10941.8,12684.5,Class 3,IC3,complete,mock_generator,1636,synthetic row
1007769,MOCK-LNG_ON-013,lng_onshore,lng,grassroots,HIGH,lng_train,10.3,MTPA,Australia,Perth,greenfield,onshore,2013,2763.4,3825.2,Class 5,IC5,complete,mock_generator,996,synthetic row
1007779,MOCK-LNG_ON-014,lng_onshore,lng,grassroots,HIGH,lng_terminal,7.0,MTPA,Qatar,Qatar,greenfield,onshore,2017,14391.5,17699.7,Class 4,IC5,complete,mock_generator,2435,synthetic row
1007788,MOCK-LNG_ON-015,lng_onshore,lng,expansion,HIGH,lng_train,10.1,MTPA,United States,Texas-BTN (GOM),brownfield,onshore,2021,8418.2,9198.8,Class 5,IC5,complete,mock_generator,908,synthetic row
1007802,MOCK-LNG_ON-016,lng_onshore,lng,grassroots,HIGH,lng_train,9.7,MTPA,United States,Texas-BTN (GOM),greenfield,onshore,2018,2964.9,3540.3,Class 4,IC3,complete,mock_generator,662,synthetic row
1007825,MOCK-LNG_ON-017,lng_onshore,lng,grassroots,HIGH,lng_terminal,2.6,MTPA,Qatar,Qatar,greenfield,onshore,2012,3009.9,4291.4,Class 4,IC3,complete,mock_generator,780,synthetic row
1007843,MOCK-LNG_ON-018,lng_onshore,lng,grassroots,LOW,lng_train,9.8,MTPA,Australia,Perth,greenfield,onshore,2013,3844.3,5321.4,Class 5,IC3,complete,mock_generator,811,synthetic row
1007870,MOCK-LNG_ON-019,lng_onshore,lng,grassroots,HIGH,lng_terminal,14.7,MTPA,Qatar,Qatar,greenfield,onshore,2023,17858.7,18394.5,Class 3,IC3,complete,mock_generator,1723,synthetic row
1007903,MOCK-LNG_ON-020,lng_onshore,lng,expansion,MEDIUM,lng_train,7.9,MTPA,United States,Texas-BTN (GOM),brownfield,onshore,2017,3869.9,4759.5,Class 5,IC5,complete,mock_generator,1081,synthetic row
1007917,MOCK-LNG_ON-021,lng_onshore,lng,grassroots,MEDIUM,lng_train,6.8,MTPA,Qatar,Qatar,greenfield,onshore,2018,4358.7,5204.5,Class 4,IC4,complete,mock_generator,1111,synthetic row
1007939,MOCK-LNG_ON-022,lng_onshore,lng,grassroots,HIGH,lng_train,9.6,MTPA,Mozambique,Mozambique,greenfield,onshore,2022,4384.0,4651.0,Class 3,IC5,complete,mock_generator,630,synthetic row
1007968,MOCK-LNG_ON-023,lng_onshore,lng,grassroots,MEDIUM,lng_train,12.6,MTPA,Papua New Guinea,Papua New Guinea,greenfield,onshore,2015,5364.4,6999.3,Class 3,IC5,complete,mock_generator,519,synthetic row
1007987,MOCK-LNG_ON-024,lng_onshore,lng,grassroots,HIGH,lng_train,8.0,MTPA,Qatar,Qatar,greenfield,onshore,2023,12172.9,12538.1,Class 3,IC3,complete,mock_generator,1465,synthetic row
1008008,MOCK-LNG_ON-025,lng_onshore,lng,grassroots,LOW,lng_terminal,7.3,MTPA,Australia,Perth,greenfield,onshore,2019,3426.9,3972.7,Class 3,IC3,complete,mock_generator,962,synthetic row
1008038,MOCK-OIL_SA-001,oil_sands,oil_sands,expansion,HIGH,bitumen,52.0,KBPD,Canada,Alberta,brownfield,onshore,2018,439.8,525.1,Class 3,IC3,complete,mock_generator,57,synthetic row
1008049,MOCK-OIL_SA-002,oil_sands,oil_sands,expansion,HIGH,oil_sands_mining,20.0,KBPD,Canada,Alberta,brownfield,onshore,2011,1153.9,1694.5,Class 3,IC4,complete,mock_generator,90,synthetic row
1008062,MOCK-OIL_SA-003,oil_sands,oil_sands,expansion,LOW,oil_sands_pad,23.0,KBPD,Canada,Alberta,brownfield,onshore,2014,621.5,835.3,Class 3,IC5,complete,mock_generator,69,synthetic row
1008067,MOCK-OIL_SA-004,oil_sands,oil_sands,grassroots,LOW,oil_sands_pad,100.0,KBPD,Canada,Alberta,greenfield,onshore,2019,4140.9,4800.4,Class 5,IC3,complete,mock_generator,145,synthetic row
1008083,MOCK-OIL_SA-005,oil_sands,oil_sands,grassroots,HIGH,oil_sands_pad,75.0,KBPD,Canada,Alberta,greenfield,onshore,2023,2042.8,2104.1,Class 5,IC3,complete,mock_generator,104,synthetic row
1008089,MOCK-OIL_SA-006,oil_sands,oil_sands,modification,HIGH,bitumen,104.0,KBPD,Canada,Alberta,brownfield,onshore,2014,355.5,477.7,Class 4,IC5,complete,mock_generator,55,synthetic row
1008105,MOCK-OIL_SA-007,oil_sands,oil_sands,expansion,HIGH,oil_sands_mining,89.0,KBPD,Canada,Alberta,brownfield,onshore,2017,574.5,706.6,Class 4,IC3,complete,mock_generator,75,synthetic row
1008112,MOCK-OIL_SA-008,oil_sands,oil_sands,grassroots,LOW,bitumen,24.0,KBPD,Canada,Alberta,greenfield,onshore,2013,2589.3,3584.2,Class 4,IC3,complete,mock_generator,162,synthetic row
1008147,MOCK-OIL_SA-009,oil_sands,oil_sands,expansion,HIGH,oil_sands_pad,97.0,KBPD,Canada,Alberta,brownfield,onshore,2012,403.6,575.4,Class 4,IC4,complete,mock_generator,77,synthetic row
1008162,MOCK-OIL_SA-010,oil_sands,oil_sands,expansion,MEDIUM,oil_sands_pad,47.0,KBPD,Canada,Alberta,brownfield,onshore,2022,1856.2,1969.2,Class 5,IC5,complete,mock_generator,85,synthetic row
1008193,MOCK-OIL_SA-011,oil_sands,oil_sands,expansion,HIGH,oil_sands_mining,52.0,KBPD,Canada,Alberta,brownfield,onshore,2016,482.2,610.8,Class 5,IC5,complete,mock_generator,61,synthetic row
1008202,MOCK-OIL_SA-012,oil_sands,oil_sands,modification,HIGH,oil_sands_pad,57.0,KBPD,Canada,Alberta,brownfield,onshore,2020,261.4,294.2,Class 4,IC5,complete,mock_generator,44,synthetic row
1008203,MOCK-OIL_SA-013,oil_sands,oil_sands,modification,HIGH,oil_sands_pad,121.0,KBPD,Canada,Alberta,brownfield,onshore,2023,275.9,284.2,Class 5,IC5,complete,mock_generator,32,synthetic row
1008224,MOCK-OIL_SA-014,oil_sands,oil_sands,expansion,LOW,oil_sands_mining,22.0,KBPD,Canada,Alberta,brownfield,onshore,2014,535.4,719.5,Class 3,IC5,complete,mock_generator,82,synthetic row
1008250,MOCK-OIL_SA-015,oil_sands,oil_sands,grassroots,HIGH,oil_sands_pad,53.0,KBPD,Canada,Alberta,greenfield,onshore,2023,1902.6,1959.7,Class 3,IC5,complete,mock_generator,81,synthetic row
1008262,MOCK-OIL_SA-016,oil_sands,oil_sands,expansion,HIGH,oil_sands_pad,81.0,KBPD,Canada,Alberta,brownfield,onshore,2012,536.1,764.4,Class 3,IC5,complete,mock_generator,59,synthetic row
1008299,MOCK-OIL_SA-017,oil_sands,oil_sands,modification,MEDIUM,oil_sands_pad,112.0,KBPD,Canada,Alberta,brownfield,onshore,2017,731.2,899.3,Class 5,IC3,complete,mock_generator,75,synthetic row
1008323,MOCK-OIL_SA-018,oil_sands,oil_sands,grassroots,HIGH,oil_sands_mining,99.0,KBPD,Canada,Alberta,greenfield,onshore,2012,442.0,630.2,Class 4,IC3,complete,mock_generator,74,synthetic row
1008361,MOCK-OIL_SA-019,oil_sands,oil_sands,grassroots,MEDIUM,oil_sands_mining,123.0,KBPD,Canada,Alberta,greenfield,onshore,2017,1661.7,2043.7,Class 3,IC5,complete,mock_generator,110,synthetic row
1008383,MOCK-OIL_SA-020,oil_sands,oil_sands,expansion,LOW,oil_sands_mining,105.0,KBPD,Canada,Alberta,brownfield,onshore,2011,1013.9,1489.0,Class 5,IC3,complete,mock_generator,120,synthetic row
1008408,MOCK-OIL_SA-021,oil_sands,oil_sands,expansion,HIGH,oil_sands_pad,117.0,KBPD,Canada,Alberta,brownfield,onshore,2021,806.1,880.8,Class 5,IC4,complete,mock_generator,86,synthetic row
1008432,MOCK-OIL_SA-022,oil_sands,oil_sands,grassroots,MEDIUM,oil_sands_mining,118.0,KBPD,Canada,Alberta,greenfield,onshore,2013,434.8,601.9,Class 4,IC5,complete,mock_generator,58,synthetic row
1008450,MOCK-OIL_SA-023,oil_sands,oil_sands,grassroots,HIGH,oil_sands_pad,143.0,KBPD,Canada,Alberta,greenfield,onshore,2019,2211.9,2564.2,Class 3,IC4,complete,mock_generator,172,synthetic row
1008460,MOCK-OIL_SA-024,oil_sands,oil_sands,expansion,HIGH,oil_sands_pad,82.0,KBPD,Canada,Alberta,brownfield,onshore,2011,1885.6,2769.1,Class 4,IC3,complete,mock_generator,142,synthetic row
1008476,MOCK-OIL_SA-025,oil_sands,oil_sands,modification,MEDIUM,oil_sands_pad,69.0,KBPD,Canada,Alberta,brownfield,onshore,2013,577.1,798.8,Class 3,IC4,complete,mock_generator,63,synthetic row
1008486,MOCK-REFINE-001,refinery_grassroot,refining,grassroots,HIGH,refinery,311830.0,BPD,India,India,greenfield,onshore,2018,8179.6,9766.9,Class 3,IC4,complete,mock_generator,7761,synthetic row
1008511,MOCK-REFINE-002,refinery_grassroot,refining,grassroots,MEDIUM,refinery,329417.0,BPD,Saudi Arabia,Saudi Arabia,greenfield,onshore,2016,6987.1,8851.1,Class 5,IC3,complete,mock_generator,5355,synthetic row
1008529,MOCK-REFINE-003,refinery_grassroot,refining,grassroots,HIGH,renewable_diesel,174602.0,BPD,China,Shanghai,greenfield,onshore,2022,8267.8,8771.3,Class 4,IC3,complete,mock_generator,7365,synthetic row
1008560,MOCK-REFINE-004,refinery_grassroot,refining,grassroots,HIGH,renewable_diesel,285204.0,BPD,Singapore,Singapore,greenfield,onshore,2012,3110.5,4434.8,Class 3,IC3,complete,mock_generator,4130,synthetic row
1008584,MOCK-REFINE-005,refinery_grassroot,refining,grassroots,HIGH,renewable_diesel,364843.0,BPD,China,Shanghai,greenfield,onshore,2015,2267.8,2958.9,Class 4,IC4,complete,mock_generator,4168,synthetic row
1008592,MOCK-REFINE-006,refinery_grassroot,refining,grassroots,MEDIUM,renewable_diesel,104877.0,BPD,Saudi Arabia,Saudi Arabia,greenfield,onshore,2023,3991.0,4110.7,Class 5,IC3,complete,mock_generator,4466,synthetic row
1008626,MOCK-REFINE-007,refinery_grassroot,refining,expansion,HIGH,refinery,283288.0,BPD,Singapore,Singapore,brownfield,onshore,2018,2878.9,3437.5,Class 3,IC3,complete,mock_generator,3714,synthetic row
1008631,MOCK-REFINE-008,refinery_grassroot,refining,grassroots,HIGH,refinery,328286.0,BPD,Saudi Arabia,Saudi Arabia,greenfield,onshore,2014,5227.3,7025.0,Class 4,IC5,complete,mock_generator,5274,synthetic row
1008653,MOCK-REFINE-009,refinery_grassroot,refining,expansion,LOW,refinery,374817.0,BPD,Singapore,Singapore,brownfield,onshore,2021,7479.4,8172.9,Class 4,IC5,complete,mock_generator,4954,synthetic row
1008655,MOCK-REFINE-010,refinery_grassroot,refining,grassroots,LOW,refinery,177306.0,BPD,Singapore,Singapore,greenfield,onshore,2012,2625.1,3742.8,Class 3,IC3,complete,mock_generator,4166,synthetic row
1008693,MOCK-REFINE-011,refinery_grassroot,refining,grassroots,HIGH,refinery,302806.0,BPD,Saudi Arabia,Saudi Arabia,greenfield,onshore,2014,4171.5,5606.1,Class 3,IC3,complete,mock_generator,4858,synthetic row
1008730,MOCK-REFINE-012,refinery_grassroot,refining,grassroots,HIGH,refinery,313349.0,BPD,Saudi Arabia,Saudi Arabia,greenfield,onshore,2019,2596.8,3010.4,Class 4,IC3,complete,mock_generator,3621,synthetic row
1008737,MOCK-REFINE-013,refinery_grassroot,refining,grassroots,HIGH,renewable_diesel,181851.0,BPD,India,India,greenfield,onshore,2012,2164.6,3086.2,Class 3,IC5,complete,mock_generator,3176,synthetic row
1008755,MOCK-REFINE-014,refinery_grassroot,refining,grassroots,HIGH,renewable_diesel,262522.0,BPD,China,Shanghai,greenfield,onshore,2011,1854.5,2723.4,Class 5,IC3,complete,mock_generator,2563,synthetic row
1008772,MOCK-REFINE-015,refinery_grassroot,refining,expansion,MEDIUM,renewable_diesel,112887.0,BPD,China,Shanghai,brownfield,onshore,2020,2077.2,2337.9,Class 5,IC4,complete,mock_generator,1854,synthetic row
1008775,MOCK-REFINE-016,refinery_grassroot,refining,grassroots,LOW,refinery,191001.0,BPD,Saudi Arabia,Saudi Arabia,greenfield,onshore,2012,2567.6,3660.8,Class 3,IC3,complete,mock_generator,4572,synthetic row
1008808,MOCK-REFINE-017,refinery_grassroot,refining,grassroots,HIGH,refinery,313515.0,BPD,Singapore,Singapore,greenfield,onshore,2022,6150.1,6524.6,Class 3,IC3,complete,mock_generator,4108,synthetic row
1008832,MOCK-REFINE-018,refinery_grassroot,refining,grassroots,HIGH,renewable_diesel,155842.0,BPD,Saudi Arabia,Saudi Arabia,greenfield,onshore,2014,1812.5,2435.9,Class 3,IC5,complete,mock_generator,1904,synthetic row
1008868,MOCK-REFINE-019,refinery_grassroot,refining,grassroots,MEDIUM,refinery,389310.0,BPD,United States,Texas-BTN (GOM),greenfield,onshore,2011,6617.3,9717.7,Class 4,IC3,complete,mock_generator,5671,synthetic row
1008895,MOCK-REFINE-020,refinery_grassroot,refining,grassroots,LOW,renewable_diesel,122992.0,BPD,United States,Texas-BTN (GOM),greenfield,onshore,2018,2264.5,2703.9,Class 5,IC3,complete,mock_generator,2681,synthetic row
1008923,MOCK-ONSHOR-001,onshore_conventional,upstream_conventional,modification,HIGH,compressor_station,27.0,KBPD,Kazakhstan,Kazakhstan,brownfield,onshore,2022,487.4,517.1,Class 3,IC3,complete,mock_generator,124,synthetic row
1008943,MOCK-ONSHOR-002,onshore_conventional,upstream_conventional,modification,HIGH,compressor_station,108.0,KBPD,Chad,Nigeria,brownfield,onshore,2012,113.4,161.7,Class 3,IC5,complete,mock_generator,74,synthetic row
1008972,MOCK-ONSHOR-003,onshore_conventional,upstream_conventional,expansion,HIGH,onshore_process,72.0,KBPD,Iraq,Saudi Arabia,brownfield,onshore,2012,208.0,296.5,Class 4,IC4,complete,mock_generator,104,synthetic row
1009000,MOCK-ONSHOR-004,onshore_conventional,upstream_conventional,expansion,HIGH,gas_plant,120.0,KBPD,United States,Texas-BTN (GOM),brownfield,onshore,2011,397.0,583.0,Class 5,IC4,complete,mock_generator,115,synthetic row
1009030,MOCK-ONSHOR-005,onshore_conventional,upstream_conventional,modification,HIGH,onshore_process,137.0,KBPD,United States,Texas-BTN (GOM),brownfield,onshore,2022,942.6,1000.0,Class 3,IC3,complete,mock_generator,144,synthetic row
1009033,MOCK-ONSHOR-006,onshore_conventional,upstream_conventional,grassroots,MEDIUM,compressor_station,83.0,KBPD,Kazakhstan,Kazakhstan,greenfield,onshore,2019,224.0,259.7,Class 4,IC5,complete,mock_generator,86,synthetic row
1009039,MOCK-ONSHOR-007,onshore_conventional,upstream_conventional,expansion,HIGH,compressor_station,22.0,KBPD,Chad,Nigeria,brownfield,onshore,2013,384.2,531.8,Class 3,IC4,complete,mock_generator,92,synthetic row
1009071,MOCK-ONSHOR-008,onshore_conventional,upstream_conventional,expansion,HIGH,gas_plant,45.0,KBPD,Nigeria,Nigeria,brownfield,onshore,2021,1247.8,1363.5,Class 3,IC3,complete,mock_generator,192,synthetic row
1009097,MOCK-ONSHOR-009,onshore_conventional,upstream_conventional,grassroots,HIGH,gas_plant,40.0,KBPD,Kazakhstan,Kazakhstan,greenfield,onshore,2017,546.2,671.8,Class 3,IC3,complete,mock_generator,133,synthetic row
1009103,MOCK-ONSHOR-010,onshore_conventional,upstream_conventional,modification,MEDIUM,compressor_station,84.0,KBPD,Nigeria,Nigeria,brownfield,onshore,2014,129.8,174.5,Class 4,IC5,complete,mock_generator,95,synthetic row
1009139,MOCK-ONSHOR-011,onshore_conventional,upstream_conventional,grassroots,MEDIUM,gas_plant,120.0,KBPD,Iraq,Saudi Arabia,greenfield,onshore,2014,203.9,274.0,Class 5,IC3,complete,mock_generator,67,synthetic row
1009158,MOCK-ONSHOR-012,onshore_conventional,upstream_conventional,modification,HIGH,onshore_process,69.0,KBPD,Chad,Nigeria,brownfield,onshore,2016,289.0,366.1,Class 5,IC3,complete,mock_generator,45,synthetic row
1009162,MOCK-ONSHOR-013,onshore_conventional,upstream_conventional,grassroots,HIGH,onshore_process,28.0,KBPD,Kazakhstan,Kazakhstan,greenfield,onshore,2011,647.9,951.4,Class 3,IC3,complete,mock_generator,150,synthetic row
1009181,MOCK-ONSHOR-014,onshore_conventional,upstream_conventional,grassroots,LOW,onshore_process,54.0,KBPD,Chad,Nigeria,greenfield,onshore,2020,332.9,374.7,Class 3,IC5,complete,mock_generator,74,synthetic row
1009219,MOCK-ONSHOR-015,onshore_conventional,upstream_conventional,grassroots,MEDIUM,onshore_process,148.0,KBPD,United States,Texas-BTN (GOM),greenfield,onshore,2019,1013.5,1174.9,Class 4,IC4,complete,mock_generator,182,synthetic row
1009240,MOCK-ONSHOR-016,onshore_conventional,upstream_conventional,grassroots,HIGH,onshore_process,140.0,KBPD,United States,Texas-BTN (GOM),greenfield,onshore,2010,176.5,266.9,Class 3,IC3,complete,mock_generator,76,synthetic row
1009248,MOCK-ONSHOR-017,onshore_conventional,upstream_conventional,expansion,HIGH,gas_plant,96.0,KBPD,Kazakhstan,Kazakhstan,brownfield,onshore,2011,771.4,1132.8,Class 4,IC4,complete,mock_generator,190,synthetic row
1009277,MOCK-ONSHOR-018,onshore_conventional,upstream_conventional,grassroots,MEDIUM,compressor_station,108.0,KBPD,Kazakhstan,Kazakhstan,greenfield,onshore,2023,753.4,776.0,Class 4,IC5,complete,mock_generator,156,synthetic row
1009296,MOCK-ONSHOR-019,onshore_conventional,upstream_conventional,grassroots,LOW,onshore_process,77.0,KBPD,United States,Texas-BTN (GOM),greenfield,onshore,2013,1948.9,2697.8,Class 5,IC4,complete,mock_generator,293,synthetic row
1009298,MOCK-ONSHOR-020,onshore_conventional,upstream_conventional,grassroots,LOW,compressor_station,128.0,KBPD,Iraq,Saudi Arabia,greenfield,onshore,2011,145.8,214.1,Class 5,IC4,complete,mock_generator,91,synthetic row
1009320,MOCK-ONSHOR-021,onshore_conventional,upstream_conventional,expansion,HIGH,onshore_process,32.0,KBPD,Kazakhstan,Kazakhstan,brownfield,onshore,2020,397.2,447.0,Class 3,IC5,complete,mock_generator,136,synthetic row
1009333,MOCK-ONSHOR-022,onshore_conventional,upstream_conventional,grassroots,HIGH,onshore_process,147.0,KBPD,Kazakhstan,Kazakhstan,greenfield,onshore,2021,605.8,662.0,Class 5,IC5,complete,mock_generator,163,synthetic row
1009349,MOCK-ONSHOR-023,onshore_conventional,upstream_conventional,expansion,HIGH,compressor_station,60.0,KBPD,Kazakhstan,Kazakhstan,brownfield,onshore,2023,785.1,808.7,Class 3,IC3,complete,mock_generator,124,synthetic row
1009359,MOCK-ONSHOR-024,onshore_conventional,upstream_conventional,grassroots,HIGH,compressor_station,114.0,KBPD,United States,Texas-BTN (GOM),greenfield,onshore,2022,496.6,526.8,Class 4,IC3,complete,mock_generator,127,synthetic row
1009373,MOCK-ONSHOR-025,onshore_conventional,upstream_conventional,expansion,HIGH,compressor_station,39.0,KBPD,Nigeria,Nigeria,brownfield,onshore,2017,250.8,308.4,Class 5,IC3,complete,mock_generator,100,synthetic row
1009396,MOCK-ONSHOR-026,onshore_conventional,upstream_conventional,expansion,HIGH,onshore_process,26.0,KBPD,United States,Texas-BTN (GOM),brownfield,onshore,2011,402.1,590.5,Class 3,IC3,complete,mock_generator,141,synthetic row
1009416,MOCK-ONSHOR-027,onshore_conventional,upstream_conventional,grassroots,HIGH,compressor_station,107.0,KBPD,United States,Texas-BTN (GOM),greenfield,onshore,2019,810.1,939.1,Class 3,IC3,complete,mock_generator,152,synthetic row
1009430,MOCK-ONSHOR-028,onshore_conventional,upstream_conventional,grassroots,HIGH,onshore_process,77.0,KBPD,Nigeria,Nigeria,greenfield,onshore,2014,771.6,1036.9,Class 4,IC4,complete,mock_generator,91,synthetic row
1009436,MOCK-ONSHOR-029,onshore_conventional,upstream_conventional,grassroots,HIGH,gas_plant,27.0,KBPD,Chad,Nigeria,greenfield,onshore,2021,2151.5,2351.0,Class 4,IC5,complete,mock_generator,238,synthetic row
1009453,MOCK-ONSHOR-030,onshore_conventional,upstream_conventional,grassroots,HIGH,onshore_process,102.0,KBPD,Iraq,Saudi Arabia,greenfield,onshore,2023,2430.2,2503.1,Class 5,IC4,complete,mock_generator,300,synthetic row
1009489,MOCK-ONSHOR-031,onshore_conventional,upstream_conventional,grassroots,LOW,gas_plant,143.0,KBPD,Chad,Nigeria,greenfield,onshore,2017,284.0,349.3,Class 4,IC3,complete,mock_generator,102,synthetic row
1009500,MOCK-ONSHOR-032,onshore_conventional,upstream_conventional,grassroots,MEDIUM,compressor_station,195.0,KBPD,Nigeria,Nigeria,greenfield,onshore,2010,909.2,1375.2,Class 5,IC5,complete,mock_generator,216,synthetic row
1009503,MOCK-ONSHOR-033,onshore_conventional,upstream_conventional,grassroots,MEDIUM,gas_plant,137.0,KBPD,Chad,Nigeria,greenfield,onshore,2010,892.5,1350.0,Class 4,IC4,complete,mock_generator,197,synthetic row
1009539,MOCK-ONSHOR-034,onshore_conventional,upstream_conventional,expansion,HIGH,compressor_station,113.0,KBPD,Iraq,Saudi Arabia,brownfield,onshore,2013,1360.8,1883.7,Class 3,IC5,complete,mock_generator,130,synthetic row
1009565,MOCK-ONSHOR-035,onshore_conventional,upstream_conventional,grassroots,HIGH,gas_plant,30.0,KBPD,United States,Texas-BTN (GOM),greenfield,onshore,2014,609.6,819.2,Class 4,IC3,complete,mock_generator,160,synthetic row
1009596,MOCK-ONSHOR-036,onshore_conventional,upstream_conventional,grassroots,HIGH,onshore_process,175.0,KBPD,United States,Texas-BTN (GOM),greenfield,onshore,2014,1555.8,2090.9,Class 4,IC4,complete,mock_generator,193,synthetic row
1009603,MOCK-ONSHOR-037,onshore_conventional,upstream_conventional,grassroots,MEDIUM,compressor_station,178.0,KBPD,Nigeria,Nigeria,greenfield,onshore,2022,238.8,253.3,Class 4,IC3,complete,mock_generator,106,synthetic row
1009625,MOCK-ONSHOR-038,onshore_conventional,upstream_conventional,modification,HIGH,gas_plant,34.0,KBPD,Kazakhstan,Kazakhstan,brownfield,onshore,2017,128.1,157.6,Class 3,IC4,complete,mock_generator,56,synthetic row
1009626,MOCK-ONSHOR-039,onshore_conventional,upstream_conventional,grassroots,HIGH,onshore_process,54.0,KBPD,Kazakhstan,Kazakhstan,greenfield,onshore,2010,273.6,413.8,Class 5,IC3,complete,mock_generator,101,synthetic row
1009640,MOCK-ONSHOR-040,onshore_conventional,upstream_conventional,expansion,HIGH,compressor_station,79.0,KBPD,Chad,Nigeria,brownfield,onshore,2021,1476.9,1613.8,Class 4,IC4,complete,mock_generator,237,synthetic row
1009641,MOCK-ONSHOR-041,onshore_conventional,upstream_conventional,grassroots,LOW,onshore_process,161.0,KBPD,Iraq,Saudi Arabia,greenfield,onshore,2023,2993.7,3083.5,Class 3,IC3,complete,mock_generator,264,synthetic row
1009672,MOCK-ONSHOR-042,onshore_conventional,upstream_conventional,grassroots,MEDIUM,onshore_process,21.0,KBPD,Iraq,Saudi Arabia,greenfield,onshore,2014,1315.5,1767.9,Class 5,IC3,complete,mock_generator,170,synthetic row
1009697,MOCK-ONSHOR-043,onshore_conventional,upstream_conventional,grassroots,HIGH,compressor_station,194.0,KBPD,Chad,Nigeria,greenfield,onshore,2016,371.3,470.4,Class 4,IC4,complete,mock_generator,108,synthetic row
1009713,MOCK-ONSHOR-044,onshore_conventional,upstream_conventional,grassroots,LOW,onshore_process,169.0,KBPD,United States,Texas-BTN (GOM),greenfield,onshore,2022,621.1,658.9,Class 4,IC3,complete,mock_generator,90,synthetic row
1009731,MOCK-ONSHOR-045,onshore_conventional,upstream_conventional,expansion,MEDIUM,onshore_process,121.0,KBPD,United States,Texas-BTN (GOM),brownfield,onshore,2019,1745.1,2023.0,Class 5,IC3,complete,mock_generator,196,synthetic row
1009761,MOCK-ONSHOR-046,onshore_conventional,upstream_conventional,grassroots,MEDIUM,gas_plant,126.0,KBPD,Chad,Nigeria,greenfield,onshore,2010,522.8,790.8,Class 4,IC4,complete,mock_generator,165,synthetic row
1009767,MOCK-ONSHOR-047,onshore_conventional,upstream_conventional,expansion,MEDIUM,compressor_station,156.0,KBPD,Iraq,Saudi Arabia,brownfield,onshore,2015,1109.0,1447.0,Class 4,IC5,complete,mock_generator,171,synthetic row
1009790,MOCK-ONSHOR-048,onshore_conventional,upstream_conventional,grassroots,HIGH,gas_plant,149.0,KBPD,Kazakhstan,Kazakhstan,greenfield,onshore,2017,963.8,1185.4,Class 5,IC4,complete,mock_generator,153,synthetic row
